Cod Depto.,Depto.,Codmunicipio,NUM-Codmunicipio,Municipio,Direcciones Regionales PS ,"Distribución Regiones ComitéPS 
(Res. 3490/25 art2.2.4)",Z_PM_Conv,Z_MPM,Z_PAZ,Z_HOGMON,Z_IRV,Z_TCTOT,Z_AGFAM,Z_TEJEMP,Z_EILPO,Z_SUPINFMULMOD,Z_ICINV,ZCATRUR,Z_FIES,Z_PDESN,Z_ECOS,Z_INDPS,score_raw,score_index,rank,cluster
94.0,GUAINÍA,94888.0,94888.0,MORICHAL,GUAINÍA,AMAZONÍA,2.060737327188938,2.2187499999999987,0.0,-2.9754173725897037,0.8085948564067278,143.41739130434797,0.9842223230883563,0.5237647058823532,0.4182620984654708,1.1467736992437563,3.016599768726542,1.0000000000000002,0.9444425185309591,0.0,1.5312694792587784,3.823832646190372,11.889724047750956,1.0,1,2
94.0,GUAINÍA,94884.0,94884.0,PUERTO COLOMBIA,GUAINÍA,AMAZONÍA,2.060737327188938,2.2187499999999987,0.0,-2.9754173725897037,0.32876092158569226,143.41739130434797,0.9852758354507264,0.5237647058823532,0.4182620984654708,1.2754438005358315,3.016599768726542,1.0000000000000002,0.9444425185309591,0.0,1.4693931245240757,3.823832646190372,11.860368641797203,0.997850774679657,2,2
27.0,CHOCÓ,27150.0,27150.0,CARMEN DEL DARIÉN,URABÁ,OCCIDENTE,1.4009216589861753,1.6517857142857142,2.0,0.9196747900025974,2.5521109783037152,143.2318840579712,0.7517122970493818,0.41882352941176465,0.8226000510245758,1.0959475446522846,0.791351735690352,1.0000000000000002,0.8541327249375343,1.7999999999999545,1.5463099683378694,1.3194258848775482,11.848443915183037,0.9969777183023167,3,2
52.0,NARIÑO,52621.0,52621.0,ROBERTO PAYÁN,NARIÑO,SUR-OCCIDENTE,0.8617511520737329,1.794642857142857,3.0,1.333387236654344,4.048141440891109,142.02898550724655,0.47543654196533747,0.24235294117647072,0.9059388934666076,0.9071525155609501,1.08786109715561,1.0000000000000002,0.9204622727109818,0.0,1.3142524034983485,0.9072033303728514,11.813422689444202,0.9944136759168724,4,2
27.0,CHOCÓ,27745.0,27745.0,SIPÍ,CHOCÓ,SUR-OCCIDENTE,1.3548387096774195,1.2901785714285716,2.0,1.0290177326604657,2.900826595648381,143.41739130434797,0.8151677884551976,0.5011764705882354,0.8226000510245758,1.080102516878029,1.1894694588581907,1.0000000000000002,0.8541327249375343,1.0,1.422475333864402,0.6218871602667767,11.806745103526545,0.9939247834533989,5,2
94.0,GUAINÍA,94887.0,94887.0,PANA PANA,GUAINÍA,AMAZONÍA,2.060737327188938,2.2187499999999987,0.0,-2.9754173725897037,-0.5315605756850068,143.41739130434797,0.9832195006086153,0.5237647058823532,0.4182620984654708,1.2703016468180057,3.016599768726542,1.0000000000000002,0.9444425185309591,0.0,1.5307948792352462,3.823832646190372,11.800665688110655,0.9934796854171019,6,2
27.0,CHOCÓ,27099.0,27099.0,BOJAYÁ,CHOCÓ,SUR-OCCIDENTE,0.9216589861751152,1.620535714285714,2.0,1.0204739840484904,3.5821250125202835,143.1159420289857,0.7205181874029917,0.37411764705882344,0.8226000510245758,1.2470105734495633,1.0257560302650386,1.0000000000000002,0.8541327249375343,1.7999999999999545,1.5205855170623652,-0.17030954301693196,11.800197310654262,0.9934453936518869,7,2
94.0,GUAINÍA,94886.0,94886.0,CACAHUAL,GUAINÍA,AMAZONÍA,2.060737327188938,2.2008928571428568,0.0,-2.9754173725897037,-0.32136159784870644,143.41739130434797,0.9720286843229973,0.5237647058823532,0.4182620984654708,1.276099297636009,3.016599768726542,1.0000000000000002,0.9444425185309591,0.0,0.710349486888162,3.823832646190372,11.753608511151572,0.9900344434612027,8,2
27.0,CHOCÓ,27450.0,27450.0,MEDIO SAN JUAN,CHOCÓ,SUR-OCCIDENTE,1.6382488479262676,1.2901785714285716,2.0,0.5623159967289628,3.816506666786221,143.41739130434797,0.49011530742660514,0.43999999999999984,0.8226000510245758,0.4425915431897334,0.012957221445545118,1.0000000000000002,0.8541327249375343,1.0,1.503126262863344,0.543697256182215,11.731734236561666,0.9884329413430979,9,2
27.0,CHOCÓ,27425.0,27425.0,MEDIO ATRATO,CHOCÓ,SUR-OCCIDENTE,2.060737327188938,1.5982142857142854,2.0,0.6208369096198164,1.6612295425951522,143.41739130434797,0.7129885074483788,0.4823529411764706,0.8226000510245758,0.9374717214181394,0.6032649584434746,1.0000000000000002,0.8541327249375343,1.0,1.5463099683378694,0.038489507905695323,11.711118006232512,0.9869235456187381,10,2
27.0,CHOCÓ,27025.0,27025.0,ALTO BAUDÓ,CHOCÓ,SUR-OCCIDENTE,1.4695852534562215,2.2187499999999987,0.0,1.4084710616781277,3.262532066641603,142.28985507246395,0.4710270765763852,0.38823529411764707,0.8226000510245758,0.3932392288004288,0.9414504315548483,1.0000000000000002,0.8541327249375343,1.7999999999999545,1.4600073440586974,1.2827026865000384,11.70928196387151,0.986789121699079,11,2
91.0,AMAZONAS,91405.0,91405.0,LA CHORRERA,AMAZONAS,AMAZONÍA,1.2027649769585254,2.111607142857143,0.0,-2.9754173725897037,0.3363290949817239,143.41739130434797,0.9735948783535108,0.4823529411764706,-0.24671431896004853,1.276099297636009,3.016599768726542,1.0000000000000002,-0.4203430208383966,0.0,1.5352743877906883,3.823832646190372,11.673690621013163,0.984183338785476,12,2
27.0,CHOCÓ,27077.0,27077.0,BAJO BAUDÓ,CHOCÓ,SUR-OCCIDENTE,1.6760368663594467,1.767857142857143,1.0,0.2823046358982307,3.6263080701929926,141.79710144927554,0.29952038926228197,0.19529411764705873,0.8226000510245758,1.276099297636009,0.7785688774705466,1.0000000000000002,0.8541327249375343,1.7999999999999545,1.3545274888286547,0.09284832932452654,11.669725355953174,0.9838930260545866,13,2
27.0,CHOCÓ,27250.0,27250.0,EL LITORAL DEL SAN JUAN,CHOCÓ,SUR-OCCIDENTE,1.0414746543778803,1.8883928571428568,2.0,0.07160658776460861,3.1237986738440795,141.65217391304364,0.5016380139220864,0.3317647058823531,0.8226000510245758,1.198639432067237,0.5245759507779433,1.0000000000000002,0.8541327249375343,1.0,1.5299865525285001,0.9449443722655513,11.668132241386614,0.9837763878391229,14,2
27.0,CHOCÓ,27491.0,27491.0,NÓVITA,CHOCÓ,SUR-OCCIDENTE,1.216589861751152,0.861607142857143,2.0,0.8596053130605882,3.7618276411689986,143.41739130434797,0.7154220274352013,0.29647058823529426,0.8226000510245758,1.0759145720254224,0.5179185224595164,0.0,0.8541327249375343,1.0,1.0602604075712454,0.5855106069125238,11.654964512609604,0.9828123263594915,15,2
94.0,GUAINÍA,94883.0,94883.0,SAN FELIPE,GUAINÍA,AMAZONÍA,2.060737327188938,2.120535714285714,0.0,-2.9754173725897037,-0.26519522111308375,141.40579710144945,0.9045704723531052,0.5237647058823532,0.4182620984654708,1.2311759711813997,3.016599768726542,1.0000000000000002,0.9444425185309591,0.0,1.4658001010125885,3.823832646190372,11.649670110543449,0.982424702253915,16,2
91.0,AMAZONAS,91669.0,91669.0,PUERTO SANTANDER,AMAZONAS,AMAZONÍA,0.71889400921659,2.138392857142857,0.0,-2.9754173725897037,1.1582904233459115,142.8405797101451,0.990212320089833,0.5058823529411766,-0.24671431896004853,1.201707038189406,3.016599768726542,1.0000000000000002,-0.4203430208383966,0.0,1.5270626773835245,3.823832646190372,11.644390458779027,0.9820381580762406,17,2
97.0,VAUPÉS,97889.0,97889.0,YAVARATÉ,VAUPÉS,AMAZONÍA,1.1981566820276501,2.2187499999999987,0.0,-2.9754173725897037,-0.4917370006368619,143.14492753623207,0.9445833111669212,0.5237647058823532,-0.8239355309480908,1.0849401637758687,3.016599768726542,1.0000000000000002,1.581894037605406,0.0,1.478733139987185,3.823832646190372,11.642973240093651,0.981934397893606,18,2
91.0,AMAZONAS,91430.0,91430.0,LA VICTORIA,AMAZONAS,AMAZONÍA,2.060737327188938,2.2187499999999987,0.0,-2.9754173725897037,-0.5359450648955171,142.82608695652192,0.9712937972537599,0.5237647058823532,-0.24671431896004853,1.072369367246482,3.016599768726542,1.0000000000000002,-0.4203430208383966,0.0,1.5089517898188596,3.823832646190372,11.637748459907492,0.9815518710810996,19,2
91.0,AMAZONAS,91460.0,91460.0,MIRITÍ - PARANÁ,AMAZONAS,AMAZONÍA,1.32258064516129,2.2187499999999987,0.0,-2.9754173725897037,-0.5445823035962365,143.41739130434797,0.9780413838719274,0.5237647058823532,-0.24671431896004853,1.276099297636009,3.016599768726542,1.0000000000000002,-0.4203430208383966,0.0,1.527620144077832,3.823832646190372,11.63123386910559,0.9810749121344178,20,2
91.0,AMAZONAS,91530.0,91530.0,PUERTO ALEGRÍA,AMAZONAS,AMAZONÍA,1.5944700460829495,1.8571428571428574,0.0,-2.9754173725897037,1.181202513437855,141.75362318840595,0.9848138404140542,0.5237647058823532,-0.24671431896004853,1.276099297636009,3.016599768726542,1.0000000000000002,-0.4203430208383966,0.0,1.4691302111777063,3.823832646190372,11.620153238235536,0.9802636553434604,21,2
97.0,VAUPÉS,97511.0,97511.0,PACOA,VAUPÉS,AMAZONÍA,2.060737327188938,2.2187499999999987,0.0,-2.9754173725897037,-0.3570463735878516,140.07246376811614,0.9668226144811788,0.5237647058823532,-0.8239355309480908,1.1100295266362437,3.016599768726542,1.0000000000000002,1.581894037605406,0.0,1.5386504512914183,3.823832646190372,11.512787690055005,0.9724029991138842,22,2
94.0,GUAINÍA,94885.0,94885.0,LA GUADALUPE,GUAINÍA,AMAZONÍA,2.060737327188938,1.933035714285714,0.0,-2.9754173725897037,-0.39988785050034353,139.9565217391306,0.9280852687526103,0.5237647058823532,0.4182620984654708,1.1277019775933514,3.016599768726542,1.0000000000000002,0.9444425185309591,0.0,1.3550776105225981,3.823832646190372,11.497506075192858,0.9712841716771525,23,2
19.0,CAUCA,19418.0,19418.0,LÓPEZ DE MICAY,CAUCA,SUR-OCCIDENTE,1.110599078341014,1.8035714285714288,2.0,1.9370082735495457,3.2448163897468403,139.76811594202917,0.5832557091383982,0.07764705882352915,0.8309935282649857,1.0391203073435364,0.7400678268252737,1.0000000000000002,0.2232853082162463,1.0,1.521276135429942,-0.07537071346308535,11.490987100697021,0.9708068917829076,24,2
19.0,CAUCA,19809.0,19809.0,TIMBIQUÍ,CAUCA,SUR-OCCIDENTE,1.032258064516129,1.410714285714286,2.0,1.9424301065814435,2.5282717241642843,140.79710144927554,0.37516549074597405,-0.08941176470588237,0.8309935282649857,0.7967786613380772,0.3305840997140077,1.0000000000000002,0.2232853082162463,1.0,1.3798502250842404,0.22627438583864368,11.411287931637629,0.9649718005420439,25,2
5.0,ANTIOQUIA,5475.0,5475.0,MURINDÓ,URABÁ,OCCIDENTE,1.294930875576037,1.8169642857142858,2.0,0.6248734770400863,2.7961902792768587,138.8550724637683,0.9055934691175535,0.41882352941176465,-0.729465887115974,0.9409594240637988,1.4205998550578847,1.0000000000000002,0.2330297065267568,1.0,1.5284640657863435,0.7410783587320549,11.405945593632522,0.964580666856872,26,2
5.0,ANTIOQUIA,5873.0,5873.0,VIGÍA DEL FUERTE,ANTIOQUIA,OCCIDENTE,0.847926267281106,1.575892857142857,2.0,0.9827395812608805,1.3884377928643892,141.9565217391306,0.8243595651273669,0.39764705882352946,-0.729465887115974,0.6318134209503693,1.2843716821992337,1.0000000000000002,0.2330297065267568,1.0,1.5463099683378694,0.02947214349189068,11.390399539911702,0.9634424788058931,27,2
27.0,CHOCÓ,27361.0,27361.0,ISTMINA,CHOCÓ,SUR-OCCIDENTE,0.007373271889401092,0.6383928571428572,2.0,1.749857373587561,3.624857253125523,142.9565217391306,0.6225748390007478,-2.1952941176470597,0.8226000510245758,0.8295216359273271,0.3540949223840117,0.0,0.8541327249375343,1.0,1.3766423432585162,0.14852617878993526,11.389640648881395,0.9633869173934471,28,2
19.0,CAUCA,19318.0,19318.0,GUAPI,CAUCA,SUR-OCCIDENTE,0.9004608294930875,1.254464285714286,2.0,0.8802150674315194,3.4606578107674713,139.8550724637683,0.5236000753870697,-0.29647058823529426,0.8309935282649857,0.9560139823299574,0.9391750995296976,0.0,0.2232853082162463,1.0,1.4614477174634495,-0.036641484783665405,11.336609232802763,0.9595042777736985,29,2
27.0,CHOCÓ,27580.0,27580.0,RÍO IRÓ,CHOCÓ,SUR-OCCIDENTE,1.3041474654377883,1.5312499999999998,0.0,0.38961323434930933,1.6137345913548113,142.6956521739132,0.4126878381054219,0.4823529411764706,0.8226000510245758,0.22194369235915515,0.45149139159749146,1.0000000000000002,0.8541327249375343,1.0,1.4712137429476813,-0.30260294791014863,11.328766982376708,0.9589301156173072,30,2
97.0,VAUPÉS,97001.0,97001.0,MITÚ,VAUPÉS,AMAZONÍA,0.8801843317972351,1.5178571428571428,0.0,0.43020516110299795,0.3340490199139508,143.41739130434797,0.8693070316893391,-0.522352941176471,-0.8239355309480908,1.059937338545394,1.710188514511296,1.0000000000000002,1.581894037605406,0.0,1.4771097065733563,-0.3068822342636884,11.318846198887046,0.9582037758382829,31,2
91.0,AMAZONAS,91263.0,91263.0,EL ENCANTO,AMAZONAS,AMAZONÍA,0.7603686635944701,1.6383928571428572,0.0,-2.9754173725897037,0.2566780338445786,139.76811594202917,0.9781867985549239,0.5200000000000002,-0.24671431896004853,1.0817110825100251,3.016599768726542,1.0000000000000002,-0.4203430208383966,0.0,1.436294481216268,3.823832646190372,11.286040953648373,0.9558019741456714,32,2
27.0,CHOCÓ,27135.0,27135.0,EL CANTÓN DEL SAN PABLO,CHOCÓ,SUR-OCCIDENTE,1.4930875576036866,0.8660714285714287,0.0,0.8885760204471066,1.138084795254877,143.21739130434798,0.5097250862776253,0.32941176470588224,0.8226000510245758,0.10351721696742858,0.4403844053965959,0.0,0.8541327249375343,1.0,1.4521805870039544,0.35688442762413,11.261858228612109,0.9540314612444118,33,2
27.0,CHOCÓ,27050.0,27050.0,ATRATO,CHOCÓ,SUR-OCCIDENTE,1.6221198156682026,0.924107142857143,0.0,1.4326822366504368,1.4705371042968471,142.52173913043495,0.7604991988541832,0.41176470588235303,0.8226000510245758,-0.05404234520842853,0.5402656360430855,0.0,0.8541327249375343,1.0,1.3289734792282684,0.10000957231886957,11.250317464631449,0.9531865162893868,34,2
27.0,CHOCÓ,27495.0,27495.0,NUQUÍ,CHOCÓ,SUR-OCCIDENTE,0.8216589861751152,1.4330357142857146,0.0,-0.18711413834931365,1.8108668737431972,140.94202898550742,0.4006538464301202,-0.10823529411764717,0.8226000510245758,1.139844710086047,-0.24555408048045,1.0000000000000002,0.8541327249375343,1.0,1.4015524411603086,0.5753640177242626,11.202414554247841,0.9496793548460476,35,2
52.0,NARIÑO,52427.0,52427.0,MAGÜÍ,NARIÑO,SUR-OCCIDENTE,0.9308755760368665,1.9866071428571426,2.0,1.8961283342656345,3.7826058705122048,134.92753623188423,0.5973562802083806,0.2211764705882351,0.9059388934666076,0.7846738803566694,0.8805017670057569,1.0000000000000002,0.9204622727109818,0.0,1.3688317828712426,0.5115331266244723,11.202376637958556,0.9496765788446149,36,2
27.0,CHOCÓ,27160.0,27160.0,CÉRTEGUI,CHOCÓ,SUR-OCCIDENTE,1.3317972350230414,0.6741071428571428,0.0,1.9424301065814435,0.2050380715121233,143.41739130434797,0.9014684903182459,0.37882352941176467,0.8226000510245758,0.5676884443380289,0.2232030204048456,0.0,0.8541327249375343,1.0,1.5463099683378694,-0.4935163239183988,11.196302211671307,0.9492318460821493,37,2
44.0,LA GUAJIRA,44847.0,44847.0,URIBIA,LA GUAJIRA,CARIBE,1.8635944700460834,2.2187499999999987,0.0,1.9424301065814435,-0.24115148077744225,141.56521739130454,0.6882355151280657,-0.9858823529411768,0.8156293661493513,0.3738942191932193,0.44839693316570783,1.0000000000000002,2.0475973594765238,1.0,-0.6656232136288177,-0.19631174624935258,11.160466308525983,0.9466081579431186,38,2
27.0,CHOCÓ,27430.0,27430.0,MEDIO BAUDÓ,CHOCÓ,SUR-OCCIDENTE,1.7050691244239635,1.7589285714285716,0.0,0.5255867985466462,2.7306880883394244,138.1884057971016,0.6637147416582934,0.34352941176470586,0.8226000510245758,0.8035306863494254,0.60025474144686,1.0000000000000002,0.8541327249375343,1.0,1.3476730968221244,-1.1830219563618252,11.142758222891727,0.9453116789886152,39,2
94.0,GUAINÍA,94001.0,94001.0,INÍRIDA,GUAINÍA,AMAZONÍA,0.7235023041474656,1.1785714285714288,0.0,0.38241013271755886,0.6321857262370462,139.8550724637683,0.9139489638218621,-2.2541176470588242,0.4182620984654708,0.9824618613759798,1.6626455793997321,0.0,0.9444425185309591,0.0,1.2964517009490637,0.4392962283665246,10.98031287341737,0.933418412759823,40,2
27.0,CHOCÓ,27787.0,27787.0,TADÓ,CHOCÓ,SUR-OCCIDENTE,1.4903225806451612,0.8526785714285714,1.0,1.4972341466754182,1.9927548059468423,137.4637681159422,0.5123911772076208,-0.14117647058823554,0.8226000510245758,0.591803196722894,0.10320295301504565,0.0,0.8541327249375343,1.7999999999999545,1.5463099683378694,-0.135081811192554,10.979148386809205,0.9333331560916845,41,2
27.0,CHOCÓ,27372.0,27372.0,JURADÓ,CHOCÓ,SUR-OCCIDENTE,1.3046082949308755,1.3839285714285714,0.0,1.0302788192972931,2.0835325573206793,135.33333333333348,0.6779017135200458,0.3129411764705883,0.8226000510245758,1.276099297636009,0.868746488745515,1.0000000000000002,0.8541327249375343,1.0,1.4812824201135868,-0.015790356524404584,10.96670601203631,0.9324222006462298,42,2
27.0,CHOCÓ,27205.0,27205.0,CONDOTO,CHOCÓ,SUR-OCCIDENTE,0.7373271889400922,0.5535714285714288,2.0,1.5369643704636176,0.9199648756453448,138.65217391304364,0.8423036465263253,0.09176470588235276,0.8226000510245758,0.9656933444530363,-0.19367651192162105,0.0,0.8541327249375343,1.0,1.0672984245868804,-0.3679889241288267,10.911554909612969,0.9283843704094478,43,2
52.0,NARIÑO,52079.0,52079.0,BARBACOAS,NARIÑO,SUR-OCCIDENTE,1.5806451612903227,1.575892857142857,2.0,1.4112070415344946,4.543299032858704,130.37681159420305,0.3676882194526678,-0.45411764705882385,0.9059388934666076,0.9586056307424664,0.3611430431996538,1.0000000000000002,0.9204622727109818,0.0,1.169635184661078,0.8256053670828207,10.878728945668161,0.9259810518184532,44,2
91.0,AMAZONAS,91540.0,91540.0,PUERTO NARIÑO,AMAZONAS,AMAZONÍA,0.6451612903225806,1.3214285714285716,0.0,-2.9754173725897037,-0.4436981575358192,135.44927536231899,0.8630843161034274,0.1623529411764703,-0.24671431896004853,0.9486381105857707,1.693346314866562,1.0000000000000002,-0.4203430208383966,0.0,1.3356736262271507,3.823832646190372,10.73947132539708,0.9157854509124792,45,2
27.0,CHOCÓ,27810.0,27810.0,UNIÓN PANAMERICANA,CHOCÓ,SUR-OCCIDENTE,1.720276497695853,0.7410714285714286,0.0,1.1141511719436437,0.05541081159940796,138.68115942029002,0.6170983458774433,0.14588235294117632,0.8226000510245758,-0.8609343972718265,-0.17327540562127117,0.0,0.8541327249375343,1.0,1.3888719571982344,0.16932036565190492,10.717412723870083,0.9141704534906119,46,2
27.0,CHOCÓ,27073.0,27073.0,BAGADÓ,CHOCÓ,SUR-OCCIDENTE,1.3866359447004606,1.794642857142857,1.0,1.4456909800061089,2.752503232737804,129.92753623188423,0.5584158696114061,0.41176470588235303,0.8226000510245758,1.276099297636009,0.30071075445918516,1.0000000000000002,0.8541327249375343,1.7999999999999545,1.4348241628100313,-0.05415483116644883,10.713042093776135,0.9138504623830603,47,2
25.0,CUNDINAMARCA,25120.0,25120.0,CABRERA,CUNDINAMARCA,CENTRO SUR,-0.5253456221198156,-0.05803571428571417,1.0,-0.5076842389792868,0.4477549433224673,142.88405797101467,-2.3928873254463956,0.08470588235294117,-0.8423028581296914,0.3178595301975631,0.5627379099986384,0.0,-0.1617756769373358,0.0,0.774856858419986,0.5125354388097949,10.60940582404237,0.9062628413714957,48,2
27.0,CHOCÓ,27600.0,27600.0,RÍO QUITO,CHOCÓ,SUR-OCCIDENTE,1.445161290322581,1.1607142857142856,0.0,1.1100167898745599,0.9842807115829548,133.36231884057986,0.6173448366520922,0.404705882352941,0.8226000510245758,0.24028615710174478,0.08130910705615375,1.0000000000000002,0.8541327249375343,1.0,1.4870160403978787,0.25631151014167325,10.604933145913918,0.9059353789239125,49,2
97.0,VAUPÉS,97666.0,97666.0,TARAIRA,VAUPÉS,AMAZONÍA,1.216589861751152,1.9999999999999996,0.0,1.1877957375057344,-0.3754218055705452,130.73913043478277,0.9689486102526621,0.45882352941176463,-0.8239355309480908,1.0509187930501078,2.4378031629042964,1.0000000000000002,1.581894037605406,0.0,1.5463099683378694,0.48327899762008764,10.56981622848419,0.9033643305714806,50,2
91.0,AMAZONAS,91001.0,91001.0,LETICIA,AMAZONAS,AMAZONÍA,0.1382488479262673,0.3392857142857143,0.0,1.53889015878109,0.20848412518654622,137.57971014492773,0.9431391818890544,-4.3247058823529425,-0.24671431896004853,1.2522924914362445,1.3630003685564227,0.0,-0.4203430208383966,0.0,1.4371783295934255,0.7533193969357312,10.547608620414557,0.9017384237915608,51,2
27.0,CHOCÓ,27615.0,27615.0,RIOSUCIO,URABÁ,OCCIDENTE,1.031336405529954,1.3437500000000002,3.0,1.2884359101941898,3.0075042811405517,125.13043478260886,0.6085062248365405,-0.22823529411764712,0.8226000510245758,1.1198310956390207,1.1753287920757096,1.0000000000000002,0.8541327249375343,1.7999999999999545,1.4319840960025447,0.9463678977720478,10.523972978873367,0.9000079650357559,52,2
44.0,LA GUAJIRA,44560.0,44560.0,MANAURE,LA GUAJIRA,CARIBE,1.164516129032258,2.049107142857143,0.0,1.9424301065814435,-0.2672591209187308,136.17391304347842,0.2994673404325527,-0.13882352941176473,0.8156293661493513,-0.15736066096445905,0.0001740242658864749,0.0,2.0475973594765238,1.0,-0.5540360376792871,-1.3302316512628263,10.475182657919925,0.8964358327564067,53,2
27.0,CHOCÓ,27001.0,27001.0,QUIBDÓ,CHOCÓ,SUR-OCCIDENTE,0.6820276497695855,0.16071428571428575,1.0,1.9424301065814435,2.389285807292403,135.75362318840598,0.8161257574221492,-7.51294117647059,0.8226000510245758,0.9368542046410466,-0.22440352232730915,-2.0,0.8541327249375343,1.7999999999999545,1.424032662274953,0.3770780563493755,10.457176226576058,0.8951175107330552,54,2
5.0,ANTIOQUIA,5893.0,5893.0,YONDÓ,MAGDALENA MEDIO,NORORIENTE,-1.2783410138248847,0.24553571428571425,2.0,0.24166611088200435,1.5898683007762169,137.8550724637683,-2.3928873254463956,-0.2941176470588239,-0.729465887115974,0.4363898382583325,0.15150135100987677,0.0,0.2330297065267568,1.0,0.6589478560061646,0.9516171785923624,10.409407345000236,0.891620162068589,55,2
52.0,NARIÑO,52696.0,52696.0,SANTA BÁRBARA,NARIÑO,SUR-OCCIDENTE,0.9723502304147467,1.5312499999999998,2.0,1.5598275473440504,3.212553455809208,125.34782608695667,0.11852324881528309,0.2211764705882351,0.9059388934666076,0.3489864901257226,1.2257342600297596,1.0000000000000002,0.9204622727109818,0.0,1.4466560167300277,0.8483161214218099,10.393352547626527,0.8904447268835701,56,2
52.0,NARIÑO,52250.0,52250.0,EL CHARCO,NARIÑO,SUR-OCCIDENTE,0.6442396313364057,1.5669642857142858,2.0,1.5083234445737386,4.025229168998992,121.85507246376827,0.3201611400061683,-0.21176470588235313,0.9059388934666076,1.2180082191802966,1.1640736679630275,1.0000000000000002,0.9204622727109818,0.0,1.4199072204037329,0.5478421236918387,10.210357954668691,0.8770469693022084,57,1
27.0,CHOCÓ,27075.0,27075.0,BAHÍA SOLANO,CHOCÓ,SUR-OCCIDENTE,0.707373271889401,0.25892857142857156,0.0,0.5815622443285028,1.9816519190740354,129.33333333333348,0.7085682692711472,-0.5741176470588237,0.8226000510245758,1.2669728471773969,0.34286846661823345,0.0,0.8541327249375343,1.0,1.4408545964423738,0.07819930162641486,10.207714845679023,0.8768534568440952,58,2
97.0,VAUPÉS,97777.0,97777.0,PAPUNAHUA,VAUPÉS,AMAZONÍA,1.3133640552995396,2.2187499999999987,0.0,-2.9754173725897037,-0.3268317400006532,122.44927536231899,0.9678089005281005,0.5237647058823532,-0.8239355309480908,1.276099297636009,3.016599768726542,1.0000000000000002,1.581894037605406,0.0,1.5187878753065658,3.823832646190372,10.152816725840005,0.8728341484624254,59,1
52.0,NARIÑO,52612.0,52612.0,RICAURTE,NARIÑO,SUR-OCCIDENTE,0.09078341013824881,1.3883928571428574,3.0,0.8487192741485969,4.1872258271679135,119.60869565217406,0.2567512172517117,0.07529411764705876,0.9059388934666076,1.2592892709321422,0.40339610209244986,1.0000000000000002,0.9204622727109818,0.0,1.1300695510326153,0.24771133034988602,9.94422755857897,0.8575625109135204,60,1
27.0,CHOCÓ,27413.0,27413.0,LLORÓ,CHOCÓ,SUR-OCCIDENTE,2.060737327188938,1.5000000000000004,0.0,0.9433596478673987,1.8210415023534328,119.26086956521755,0.6982207153823838,0.3764705882352943,0.8226000510245758,1.1462964734657448,1.258999649915088,0.0,0.8541327249375343,1.7999999999999545,1.4138641684374318,-0.5537292271540969,9.774472168948565,0.8451340477461863,61,1
52.0,NARIÑO,52520.0,52520.0,FRANCISCO PIZARRO,NARIÑO,SUR-OCCIDENTE,0.589861751152074,1.28125,2.0,1.3338241231549512,1.7135579268679146,119.15942028985522,-0.28489088387095435,0.404705882352941,0.9059388934666076,0.5835219339792093,0.551591424649008,0.0,0.9204622727109818,0.0,1.272353131420843,0.5989858021654074,9.618902111447769,0.8337441488228099,62,1
19.0,CAUCA,19701.0,19701.0,SANTA ROSA,CAUCA,SUR-OCCIDENTE,0.2949308755760368,1.1294642857142856,1.0,-0.04032947919380109,1.9633823793475569,117.15942028985523,-0.9153565533776129,0.44705882352941184,0.8309935282649857,1.128961740314995,1.9076725922372197,1.0000000000000002,0.2232853082162463,1.0,1.5463099683378694,-0.11134350280548594,9.49180316534099,0.8244387325191843,63,1
91.0,AMAZONAS,91536.0,91536.0,PUERTO ARICA,AMAZONAS,AMAZONÍA,1.866359447004609,1.9553571428571423,0.0,-2.9754173725897037,-0.0911204551737287,113.00000000000014,0.990212320089833,0.5176470588235293,-0.24671431896004853,1.1140424990956275,3.016599768726542,1.0000000000000002,-0.4203430208383966,0.0,1.5126992466713376,3.823832646190372,9.42098992758945,0.8192542154380426,64,1
15.0,BOYACÁ,15223.0,15223.0,CUBARÁ,BOYACÁ,NORORIENTE,2.060737327188938,1.2901785714285716,0.0,0.7004512993784973,1.0669200743306488,115.1739130434784,0.8583749440002126,0.19294117647058834,-0.0,1.1264022280005699,0.38942209714264436,1.0000000000000002,-0.45824231764671197,0.0,1.3296825542634267,0.5277096193583779,9.296215441279195,0.810118982025387,65,1
52.0,NARIÑO,52490.0,52490.0,OLAYA HERRERA,NARIÑO,SUR-OCCIDENTE,1.3778801843317974,1.5669642857142858,2.0,1.5008031443840437,3.2354026439997985,109.04347826086969,-0.3132614210005113,-0.10823529411764717,0.9059388934666076,0.6728806852867666,0.5973420523456514,0.0,0.9204622727109818,0.0,1.5463099683378694,0.5142580954927544,9.099080985155375,0.7956859891626467,66,1
15.0,BOYACÁ,15332.0,15332.0,GÜICÁN DE LA SIERRA,BOYACÁ,NORORIENTE,1.9529953917050695,0.32589285714285726,0.0,-0.18841590520023263,-0.054974556862705706,108.97101449275375,0.7286169417098239,0.21176470588235272,-0.0,1.2138029617378996,1.6135606036466532,1.0000000000000002,-0.45824231764671197,0.0,1.462553987518302,-0.8736855235363322,8.63224406551221,0.7615070127332728,67,1
95.0,GUAVIARE,95001.0,95001.0,SAN JOSÉ DEL GUAVIARE,GUAVIARE,AMAZONÍA,-0.4608294930875576,0.05803571428571447,3.0,0.7469684473003536,3.1372444641514403,107.68115942028999,0.1682347539933556,-7.251764705882355,0.1422055120211504,0.8823348232164656,1.1786137669448433,0.0,0.6572884035894788,0.0,1.0997588061963741,0.5925276884049889,8.512587749064872,0.7527465007698974,68,1
44.0,LA GUAJIRA,44090.0,44090.0,DIBULLA,LA GUAJIRA,CARIBE,-0.10230414746543773,1.1026785714285714,2.0,1.394476518486494,1.1187561200994673,103.91304347826102,0.0868081521476045,-1.0235294117647062,0.8156293661493513,1.0148940288687376,-0.4608847442826143,1.0000000000000002,2.0475973594765238,1.0,0.9687546980340872,0.45978775718544096,8.411620230215316,0.7453542695609151,69,1
95.0,GUAVIARE,95025.0,95025.0,EL RETORNO,GUAVIARE,AMAZONÍA,-0.03225806451612883,0.47767857142857145,3.0,-0.38102896555620097,3.4388741622613206,100.3043478260871,0.3924298995634614,-0.19529411764705915,0.1422055120211504,0.9500245792313503,1.7965913557516555,1.0000000000000002,0.6572884035894788,0.0,1.2030698146522119,0.7916226901272799,8.382772076785427,0.7432421822031612,70,1
52.0,NARIÑO,52835.0,52835.0,SAN ANDRÉS DE TUMACO,NARIÑO,SUR-OCCIDENTE,-0.17603686635944701,0.5758928571428573,3.0,1.2959284945150182,4.687407281162546,102.84057971014505,-0.5846316416302582,-6.635294117647061,0.9059388934666076,0.2002591690796585,0.20872495673072233,-2.0,0.9204622727109818,0.0,0.6057904875371116,0.8195993525502645,8.119913795240336,0.7239972882559073,71,1
52.0,NARIÑO,52678.0,52678.0,SAMANIEGO,NARIÑO,SUR-OCCIDENTE,-0.20506912442396294,0.3080357142857145,2.0,-0.2380874444434575,2.7312134076103862,102.52173913043492,-0.4540011722970065,-0.8658823529411769,0.9059388934666076,0.4098879072135302,0.21291402595448938,-1.0,0.9204622727109818,0.0,0.44930280644459736,0.370327116992517,8.022188583620771,0.7168424391770174,72,1
19.0,CAUCA,19364.0,19364.0,JAMBALÓ,CAUCA,SUR-OCCIDENTE,1.165898617511521,0.2544642857142858,3.0,-2.9754173725897037,1.7461700351790443,97.62318840579724,-0.8110536153814929,0.35529411764705865,0.8309935282649857,0.22497313077393555,-0.09323753657479703,0.0,0.2232853082162463,1.0,-0.21930768004067258,3.823832646190372,7.906397552611969,0.7083649200411961,73,1
91.0,AMAZONAS,91407.0,91407.0,LA PEDRERA,AMAZONAS,AMAZONÍA,1.4746543778801848,2.2187499999999987,0.0,-2.9754173725897037,0.33689412028567506,90.82608695652186,0.9614039456737394,0.4894117647058822,-0.24671431896004853,1.0039738799265991,3.016599768726542,1.0000000000000002,-0.4203430208383966,0.0,1.5126065866667433,3.823832646190372,7.789443412646716,0.6998022451005649,74,1
94.0,GUAINÍA,94343.0,94343.0,BARRANCOMINAS,GUAINÍA,AMAZONÍA,0.534562211981567,2.040178571428571,1.0,1.3167025654559372,0.10667780816785558,90.37681159420303,0.9560108303848596,0.3858823529411767,0.4182620984654708,1.276099297636009,2.392846743124552,1.0000000000000002,0.9444425185309591,0.0,1.5111262865933452,0.8113439181706077,7.696029454247423,0.6929630399135706,75,1
76.0,VALLE DEL CAUCA,76109.0,76109.0,BUENAVENTURA,VALLE DEL CAUCA,SUR-OCCIDENTE,0.22119815668202786,0.008928571428571551,2.0,1.7773549537029154,2.1122627855258878,102.10144927536246,0.3602462638593267,-14.120000000000003,-0.3266245789331387,0.834866948299749,0.44065335579335196,-2.0,-0.3001020756710667,1.0,1.441694374817346,0.6733460623000745,7.663138310034965,0.6905549492175047,76,1
47.0,MAGDALENA,47053.0,47053.0,ARACATACA,MAGDALENA,CARIBE,0.3700460829493088,0.41071428571428586,2.0,1.3669350372861653,0.3218132287251051,92.92753623188419,0.39527847719822623,-0.4611764705882354,0.5443066205175583,1.1210183319912295,0.6117801593679834,-1.0,0.541757682353288,1.0,1.0249641024878036,-0.05480267914766979,7.38593435376773,0.6702597517112127,77,1
25.0,CUNDINAMARCA,25506.0,25506.0,VENECIA,CUNDINAMARCA,CENTRO SUR,-0.3824884792626727,-0.12053571428571408,0.0,-0.2032697042297258,-0.10722510102092551,100.65217391304363,-0.407442545755863,0.2211764705882351,-0.8423028581296914,0.4565385234479846,-0.11801380326487335,0.0,-0.1617756769373358,0.0,0.4757180644210207,-0.49927319396357356,7.359612901164625,0.6683326541097718,78,1
99.0,VICHADA,99773.0,99773.0,CUMARIBO,VICHADA,ORINOQUÍA,1.2119815668202767,2.2187499999999987,3.0,0.6578246278509315,2.6308457348108036,81.05797101449286,0.9101637155539058,-0.42352941176470627,0.3201896628165574,1.0548450348276113,1.7503955935387647,1.0000000000000002,1.3176075500617532,1.7999999999999545,0.9846424988218574,0.6823484893918416,7.308794713832821,0.6646120537161163,79,5
15.0,BOYACÁ,15816.0,15816.0,TOGÜÍ,BOYACÁ,NORORIENTE,0.37142857142857155,0.41071428571428586,0.0,-1.0039269210197566,-0.5046466794384915,99.43478260869578,-1.356354843348807,0.3364705882352943,-0.0,-0.4423622276819662,-0.1962206182527718,1.0000000000000002,-0.45824231764671197,0.0,-0.352807958326728,-0.046084595676052824,7.286127728299668,0.6629525140960392,80,1
54.0,NORTE DE SANTANDER,54206.0,54206.0,CONVENCIÓN,NORTE DE SANTANDER,NORORIENTE,1.0092165898617511,1.0357142857142858,3.0,0.6908353107986263,4.949096189841017,81.50724637681171,0.22411649619614393,0.24235294117647072,0.4226611781815951,0.9078465690768942,0.5376073883454027,0.0,0.0,1.0,0.8440269868496716,-0.10884522487462592,7.056052365090946,0.6461077872006143,81,5
52.0,NARIÑO,52418.0,52418.0,LOS ANDES,NARIÑO,SUR-OCCIDENTE,1.546543778801843,0.18303571428571433,2.0,0.10625120433767374,1.460292165958768,83.376811594203,0.5043951322347087,-0.11529411764705917,0.9059388934666076,1.0462690179291674,0.7456417462334443,0.0,0.9204622727109818,0.0,1.3958252242096676,-0.45340982035469396,6.908173523652593,0.6352809926107862,82,5
27.0,CHOCÓ,27660.0,27660.0,SAN JOSÉ DEL PALMAR,CHOCÓ,SUR-OCCIDENTE,0.640552995391705,0.8169642857142859,1.0,1.1103469296482151,3.874509797529634,76.1304347826088,0.5929471031661484,0.36235294117647066,0.8226000510245758,1.276099297636009,1.0961835840982284,1.0000000000000002,0.8541327249375343,1.0,1.5463099683378694,0.13980015763013592,6.690965148135606,0.6193783087512228,83,5
52.0,NARIÑO,52390.0,52390.0,LA TOLA,NARIÑO,SUR-OCCIDENTE,1.111520737327189,1.4776785714285716,2.0,1.5025674273041505,2.567310418474028,75.78260869565227,-0.9035922301346587,0.32470588235294107,0.9059388934666076,0.5982334269696591,1.0267126862605127,0.0,0.9204622727109818,0.0,1.5222692171458487,0.22942790354134063,6.542155365457558,0.6084833562729549,84,5
86.0,PUTUMAYO,86760.0,86760.0,SANTIAGO,PUTUMAYO,CENTRO SUR,0.8202764976958528,-0.16071428571428545,0.0,0.338927031288197,-0.3939388403692141,84.63768115942041,0.6225136299588401,0.25176470588235267,-0.0024572696823668195,0.25565052225705553,0.40452277124697067,0.0,0.23966754002608173,0.0,0.8635296578166789,0.47113603554442457,6.501817687143394,0.6055300753769851,85,5
52.0,NARIÑO,52473.0,52473.0,MOSQUERA,NARIÑO,SUR-OCCIDENTE,-0.08064516129032256,1.3125000000000002,2.0,1.420171548971854,2.089381221460362,74.52173913043488,-1.2890223261264857,0.3223529411764707,0.9059388934666076,0.6576708156015664,1.517873183181106,0.0,0.9204622727109818,0.0,1.467838621113665,0.4944952886094895,6.320431634828375,0.5922500854151138,86,5
52.0,NARIÑO,52256.0,52256.0,EL ROSARIO,NARIÑO,SUR-OCCIDENTE,1.1152073732718892,0.5044642857142858,2.0,0.035037550990306816,2.295687199843723,73.65217391304357,0.20119709575341208,0.39294117647058824,0.9059388934666076,0.4365286413180833,0.5610728382592286,1.0000000000000002,0.9204622727109818,0.0,0.751031937238667,0.263034002782963,6.239618242217641,0.5863334174632061,87,5
86.0,PUTUMAYO,86755.0,86755.0,SAN FRANCISCO,PUTUMAYO,CENTRO SUR,-0.5391705069124424,-0.7723214285714282,0.0,0.43145243940432737,0.027086746374942454,82.82608695652185,0.6383811734737167,0.2658823529411763,-0.0024572696823668195,-0.14664988794543116,1.1866380086220711,0.0,0.23966754002608173,0.0,0.9673459646309043,0.18097730410815316,6.227634417495161,0.5854560342797243,88,5
97.0,VAUPÉS,97161.0,97161.0,CARURÚ,VAUPÉS,AMAZONÍA,1.382488479262673,1.7991071428571426,1.0,-0.28337650262615033,1.8456617766874341,67.30434782608704,0.946264328189939,0.43999999999999984,-0.8239355309480908,1.2511903524255776,2.5052742280871034,1.0000000000000002,1.581894037605406,0.0,1.3360745879136984,0.9863155850509954,6.091462056637543,0.5754863174123387,89,5
86.0,PUTUMAYO,86001.0,86001.0,MOCOA,PUTUMAYO,CENTRO SUR,-0.3410138248847926,-0.7142857142857141,3.0,0.9061721579111882,1.1990447668390576,77.98550724637693,0.7193377430727484,-5.6023529411764725,-0.0024572696823668195,0.3802493320068856,-0.17296791881989926,-1.0,0.23966754002608173,0.0,0.9896288124024286,0.6542429638061539,5.939223216025058,0.5643403100466261,90,5
5.0,ANTIOQUIA,5045.0,5045.0,APARTADÓ,URABÁ,OCCIDENTE,-0.763594470046083,-0.5714285714285713,2.0,1.3556870661026181,1.0766570746412754,81.02898550724647,0.28920457402598465,-9.014117647058827,-0.729465887115974,0.6531666165725248,-0.8670298673751027,-2.0,0.2330297065267568,1.0,0.9182572555302556,0.6936337879227902,5.8548733442220335,0.5581647224723186,91,5
20.0,CESAR,20570.0,20570.0,PUEBLO BELLO,CESAR,CARIBE,2.060737327188938,1.5223214285714288,2.0,0.8307541141056283,0.3856935649517136,68.20289855072473,-0.43508604817469493,-0.21176470588235313,0.4526924614470711,0.7658934375605375,0.16296412052996262,0.0,0.41106341893158643,1.7999999999999545,0.4991515347495967,0.48516781795246594,5.7916740431914056,0.5535376517986242,92,5
81.0,ARAUCA,81300.0,81300.0,FORTUL,ARAUCA,ORINOQUÍA,0.2903225806451615,0.3348214285714285,2.0,0.8987111390672479,4.022090293796745,65.84057971014501,0.8781123786661338,-0.5270588235294122,0.5018808289760641,1.0379136099595023,0.1454714023607885,0.0,-0.2209762841455819,0.0,0.5381525450167304,0.2233723805254321,5.585864487756275,0.5384695206201088,93,5
44.0,LA GUAJIRA,44430.0,44430.0,MAICAO,LA GUAJIRA,CARIBE,0.562672811059908,0.8571428571428573,1.0,1.9424301065814435,0.35431945107347973,73.1304347826088,0.5732771682225521,-7.287058823529414,0.8156293661493513,-0.021971645374637014,-0.026778787632370023,-2.0,2.0475973594765238,1.0,-0.7178138199666019,0.43483801669002026,5.535064597600398,0.534750259835037,94,5
86.0,PUTUMAYO,86749.0,86749.0,SIBUNDOY,PUTUMAYO,CENTRO SUR,-0.13364055299539165,-0.7946428571428569,0.0,0.5725409004952906,-0.006830317864762816,76.97101449275372,-0.5107167857342584,-0.8894117647058829,-0.0024572696823668195,-0.5846187395843366,0.05644408855064488,-1.0,0.23966754002608173,0.0,0.5494694014111912,0.23877115745953983,5.533078994138628,0.5346048859559321,95,5
86.0,PUTUMAYO,86573.0,86573.0,PUERTO LEGUÍZAMO,PUTUMAYO,CENTRO SUR,0.534562211981567,0.5714285714285715,3.0,0.9246114338937932,4.227004922129512,58.666666666666735,0.8509566299738035,-0.5694117647058826,-0.0024572696823668195,0.936865751289757,1.6807282632157856,1.0000000000000002,0.23966754002608173,0.0,1.3042181913341522,0.8483727534162923,5.440135722474908,0.527800141605611,96,5
27.0,CHOCÓ,27006.0,27006.0,ACANDÍ,URABÁ,OCCIDENTE,0.05069124423963141,0.47321428571428575,2.0,0.7324250863941139,1.384750414070982,62.89855072463776,0.6075012180820148,-0.5670588235294122,0.8226000510245758,0.6374372368159354,0.6887741435047648,0.0,0.8541327249375343,1.0,1.0160672353800007,0.959742549402663,5.3315964028981755,0.5198535489318588,97,5
13.0,BOLÍVAR,13248.0,13248.0,EL GUAMO,BOLÍVAR,CARIBE,0.534562211981567,0.8348214285714287,2.0,-0.5310406272261058,-0.09035374868945342,68.57971014492762,-0.9792083231642251,0.4729411764705882,0.3154918253869455,-0.0958532499029779,0.6687104477674118,0.0,0.8204296097067337,0.0,-0.36367460386553235,-0.6035677982221339,5.321489823623219,0.519113606308888,98,5
54.0,NORTE DE SANTANDER,54109.0,54109.0,BUCARASICA,NORTE DE SANTANDER,NORORIENTE,1.466820276497696,1.2098214285714288,1.0,-0.1971537442969669,1.165969838130381,63.014492753623266,-0.4525287609278186,0.42823529411764705,0.4226611781815951,0.5113382095827856,-0.22268964798116647,1.0000000000000002,0.0,1.0,0.13369473246236382,0.3180234465564407,5.236136627918464,0.5128645614253032,99,5
19.0,CAUCA,19743.0,19743.0,SILVIA,CAUCA,SUR-OCCIDENTE,1.6631336405529953,0.1339285714285714,0.0,-0.631797654145431,0.46872299885869395,67.84057971014502,-0.8381846200161098,-0.08235294117647078,0.8309935282649857,-0.03473905917894779,-0.10517171531085392,0.0,0.2232853082162463,1.0,0.05123109504020864,-1.0918233884159072,5.175565231242703,0.5084298900183,100,5
5.0,ANTIOQUIA,5790.0,5790.0,TARAZÁ,ANTIOQUIA,OCCIDENTE,1.0336405529953918,0.5669642857142858,3.0,1.5458125452712557,4.949096189841017,58.31884057971022,0.13855559185021527,-0.7294117647058825,-0.729465887115974,0.9232675731865633,0.82167660269866,0.0,0.2330297065267568,1.0,-0.27439202818860464,-0.5356949140507157,5.144302413856578,0.5061410155664401,101,5
5.0,ANTIOQUIA,5234.0,5234.0,DABEIBA,ANTIOQUIA,OCCIDENTE,0.6682027649769586,0.8794642857142858,2.0,0.5151970133492357,3.0041298883889787,58.5942028985508,0.429839813763503,-0.3576470588235295,-0.729465887115974,0.9196785147974369,0.31210989586797633,0.0,0.2330297065267568,1.0,0.8416939134006566,-0.001590739832646205,5.028235195916435,0.497643275693528,102,5
23.0,CÓRDOBA,23807.0,23807.0,TIERRALTA,CÓRDOBA,CARIBE,0.7115207373271892,1.0267857142857142,3.0,0.7886293749900511,2.732190359811533,56.94202898550732,0.3221491025384637,-1.2235294117647064,0.8291999008918115,1.1566594417623886,0.21924974165113667,-1.0,1.6918922599612225,0.0,0.8908943041735092,1.3311877642272869e-05,5.026254552093455,0.4974982649291858,103,5
18.0,CAQUETÁ,18756.0,18756.0,SOLANO,CAQUETÁ,CENTRO SUR,0.3041474654377881,1.3883928571428574,2.0,1.2419012559664744,3.264807709565789,49.057971014492814,0.9640991307490875,0.15294117647058833,0.7188379292561181,1.126836167903466,2.4896765788484947,1.0000000000000002,-0.5160751802858682,0.0,1.446388583383434,1.0491294271207805,4.792663456476056,0.48039613736540754,104,3
5.0,ANTIOQUIA,5480.0,5480.0,MUTATÁ,URABÁ,OCCIDENTE,0.19861751152073745,0.7589285714285714,2.0,1.4513022843321548,1.8415984990978878,54.40579710144934,0.4016008831085464,-0.18588235294117675,-0.729465887115974,0.503503460180526,0.7054516205582115,0.0,0.2330297065267568,1.0,0.7198251023579947,0.7694218876132594,4.640980275585187,0.46929081204459905,105,5
47.0,MAGDALENA,47288.0,47288.0,FUNDACIÓN,MAGDALENA,CARIBE,0.42718894009216607,0.1383928571428572,2.0,1.9424301065814435,0.1861180980339267,58.49275362318848,-0.23258267095050503,-2.4941176470588244,0.5443066205175583,0.6007591510367253,-0.43599814609219123,-1.0,0.541757682353288,1.0,0.4466368538124105,-0.09918360705626807,4.566476791941276,0.46383611747306025,106,5
27.0,CHOCÓ,27800.0,27800.0,UNGUÍA,URABÁ,OCCIDENTE,1.1175115207373276,1.0089285714285714,2.0,1.469693831439473,1.5279748090908123,49.057971014492814,0.50799580132961,0.23294117647058832,0.8226000510245758,0.39451046664865463,1.307729944045947,1.0000000000000002,0.8541327249375343,1.0,0.7194529556728757,0.2748454003361466,4.532472400397329,0.4613465215388652,107,3
66.0,RISARALDA,66572.0,66572.0,PUEBLO RICO,RISARALDA,OCCIDENTE,0.7387096774193549,1.3258928571428572,1.0,0.5733005909519937,2.721767317516195,48.50724637681166,0.1461704138180241,-0.06352941176470597,-0.6272748873014136,0.33516272016976106,0.12185336764855301,1.0000000000000002,-0.31495058158256434,1.7999999999999545,0.8916199525428228,0.23462937329285283,4.26752266470766,0.44194850396555946,108,3
52.0,NARIÑO,52356.0,52356.0,IPIALES,NARIÑO,SUR-OCCIDENTE,-0.41382488479262663,-0.7767857142857141,2.0,0.3352136270242921,1.1123215176743406,57.86956521739138,0.488005828232657,-10.484705882352944,0.9059388934666076,0.8450817016188714,-0.2711721363109727,-2.0,0.9204622727109818,0.0,0.8574269041807508,0.547472343038994,4.234534991979532,0.43953334603525607,109,5
66.0,RISARALDA,66456.0,66456.0,MISTRATÓ,RISARALDA,OCCIDENTE,0.967741935483871,1.0937499999999998,1.0,-0.09096830144535574,0.8895630337564742,50.521739130434845,0.0703913905710343,-0.06352941176470597,-0.6272748873014136,0.5463881231562628,-0.1191347175562854,1.0000000000000002,-0.31495058158256434,1.0,1.00842749333453,-0.605696741457192,4.18834357753986,0.43615148997601433,110,3
5.0,ANTIOQUIA,5284.0,5284.0,FRONTINO,ANTIOQUIA,OCCIDENTE,0.21198156682027658,0.46874999999999994,1.0,0.196532473636258,1.5605584519114428,50.24637681159427,0.34567493522483494,-0.3364705882352943,-0.729465887115974,0.8865017439350735,0.831937188244965,0.0,0.2330297065267568,1.0,1.0302924294186664,-0.9240208564464856,4.131820999630674,0.4320132485970715,111,3
54.0,NORTE DE SANTANDER,54344.0,54344.0,HACARÍ,NORTE DE SANTANDER,NORORIENTE,1.3179723502304148,1.455357142857143,2.0,1.044003579902438,4.949096189841017,41.10144927536238,-0.4128911701493188,0.41176470588235303,0.4226611781815951,0.3720979047845449,0.41067766183541643,1.0000000000000002,0.0,1.0,0.2733682010545066,0.037740049883145915,4.03256722468907,0.42474648735451925,112,3
54.0,NORTE DE SANTANDER,54245.0,54245.0,EL CARMEN,NORTE DE SANTANDER,NORORIENTE,0.9695852534562212,1.254464285714286,2.0,0.12080353829075567,3.4906214588314355,40.594202898550776,0.27428928761981664,0.39058823529411746,0.4226611781815951,1.276099297636009,0.38539626674187927,1.0000000000000002,0.0,1.0,0.7192672589970016,0.058737048615684274,3.9476713387904185,0.41853092392971825,113,3
13.0,BOLÍVAR,13894.0,13894.0,ZAMBRANO,BOLÍVAR,CARIBE,0.5437788018433182,0.9642857142857144,2.0,1.299197374986902,0.5713701303012652,47.927536231884126,-0.5107125603904419,0.32705882352941185,0.3154918253869455,-0.04909043130965524,-0.007191976793940367,0.0,0.8204296097067337,0.0,0.48926582342609726,-0.5309553853388905,3.9449497755686043,0.41833166752711715,114,3
73.0,TOLIMA,73043.0,73043.0,ANZOÁTEGUI,TOLIMA,CENTRO SUR,0.11797235023041484,0.669642857142857,1.0,0.25601381401347034,0.6940120930434722,46.826086956521806,-0.1310856143742779,0.11764705882352915,0.1794567355112193,0.7602652849855733,0.44604264028978896,1.0000000000000002,0.05660264741218082,0.0,0.4456719279312333,-0.04308883506310134,3.8722812758274276,0.41301131938132324,115,3
19.0,CAUCA,19142.0,19142.0,CALOTO,CAUCA,SUR-OCCIDENTE,-0.7414746543778802,-0.15178571428571422,2.0,0.5654850871893824,3.1799804758199275,49.01449275362325,-0.753453287635696,-0.016470588235294403,0.8309935282649857,-0.4662142570334606,-0.45305972731959926,-1.0,0.2232853082162463,1.0,-0.38787934631568427,0.2551733170963436,3.8270030881599046,0.40969632426432195,116,3
47.0,MAGDALENA,47001.0,47001.0,SANTA MARTA,MAGDALENA,CARIBE,-0.2543778801843316,-0.732142857142857,1.0,0.6036343960928038,0.23094415251234485,65.02898550724646,0.06011241520837163,-39.0710588235293,0.5443066205175583,0.8996420916685238,-1.7453454791331682,-2.0,0.541757682353288,1.0,1.1070173615562775,1.0840850163478164,3.7864236386582975,0.40672534234392765,117,5
52.0,NARIÑO,52540.0,52540.0,POLICARPA,NARIÑO,SUR-OCCIDENTE,0.49723502304147466,-0.09374999999999974,2.0,0.2688297616940982,4.949096189841017,40.391304347826136,-0.3396002586254108,-0.14588235294117674,0.9059388934666076,-0.2755671961850492,0.4384701216061152,1.0000000000000002,0.9204622727109818,0.0,0.24816128980466376,0.7466904346330983,3.746415460715655,0.40379618547276797,118,3
73.0,TOLIMA,73686.0,73686.0,SANTA ISABEL,TOLIMA,CENTRO SUR,0.41612903225806464,0.4508928571428571,1.0,-0.5780253029991415,0.706459021017992,45.637681159420346,-0.06729130918615947,0.23764705882352952,0.1794567355112193,0.6138626761877184,0.8376589899169903,0.0,0.05660264741218082,0.0,0.405200599257863,-0.592137625989725,3.6870284535508295,0.3994482279040969,119,3
52.0,NARIÑO,52258.0,52258.0,EL TABLÓN DE GÓMEZ,NARIÑO,SUR-OCCIDENTE,0.6912442396313365,0.42857142857142855,0.0,-0.36971163635902404,0.4726921905422734,42.46376811594208,-0.38661820988037304,0.10117647058823516,0.9059388934666076,0.8551225878803296,0.32795365574374286,1.0000000000000002,0.9204622727109818,0.0,0.27475687695669515,0.39893077652086567,3.5622959419285807,0.3903160676242884,120,3
52.0,NARIÑO,52287.0,52287.0,FUNES,NARIÑO,SUR-OCCIDENTE,1.657603686635945,0.01339285714285733,0.0,-0.556152159023415,-0.3476246662520304,42.5652173913044,0.34220739677820344,0.36470588235294105,0.9059388934666076,0.923233876194262,0.3461797499053014,0.0,0.9204622727109818,0.0,1.1888278589460481,-0.5114058625065645,3.543037663820344,0.3889060929504025,121,3
54.0,NORTE DE SANTANDER,54174.0,54174.0,CHITAGÁ,NORTE DE SANTANDER,NORORIENTE,1.4474654377880187,0.6249999999999999,0.0,0.09128320428811204,0.013593337004648109,41.57971014492759,0.5461978697669638,-0.10117647058823558,0.4226611781815951,1.0313695631063053,0.7238918929178259,0.0,0.0,1.0,0.9703920681152736,-0.3918953859116858,3.540987860251869,0.388756018727684,122,3
50.0,META,50350.0,50350.0,LA MACARENA,META,ORINOQUÍA,0.35023041474654387,1.2098214285714288,3.0,0.49716102030134285,3.6816163084968334,34.5507246376812,0.017266806159211164,-0.38117647058823545,-0.0637804626737325,0.9697227651411839,1.2788566803574803,1.0000000000000002,-0.48827908621675425,1.0,0.23052839226369948,1.1796069379896528,3.5216584346032613,0.3873408350611007,123,3
47.0,MAGDALENA,47189.0,47189.0,CIÉNAGA,MAGDALENA,CARIBE,0.012903225806451665,0.16964285714285732,1.0,0.9990627513527677,0.29732873086530304,46.478260869565275,-0.31007915344660325,-3.404705882352942,0.5443066205175583,0.8424472104974632,-0.23791042045810243,-2.0,0.541757682353288,1.0,0.6213371224746322,0.0058772090030710334,3.5194231707254597,0.38717718255595773,124,3
86.0,PUTUMAYO,86885.0,86885.0,VILLAGARZÓN,PUTUMAYO,CENTRO SUR,-0.04608294930875576,-0.16517857142857123,3.0,0.9270215546935052,2.475198090890331,39.5652173913044,0.6869526978813107,-2.0070588235294125,-0.0024572696823668195,0.3652127697059806,0.8196314995050876,0.0,0.23966754002608173,0.0,1.0235122407491486,0.6900021555885197,3.5119060720573927,0.38662682604518833,125,3
44.0,LA GUAJIRA,44001.0,44001.0,RIOHACHA,LA GUAJIRA,CARIBE,0.08571428571428569,0.19196428571428586,1.0,1.4993852100682958,0.35687457714062976,47.043478260869634,0.4255772298715067,-10.42823529411765,0.8156293661493513,0.2880230780744446,-0.1846291221634975,-2.0,2.0475973594765238,1.0,-0.20779429780313394,0.6484582520642924,3.450339812064419,0.3821193167617473,126,3
54.0,NORTE DE SANTANDER,54800.0,54800.0,TEORAMA,NORTE DE SANTANDER,NORORIENTE,0.4405529953917052,1.1741071428571426,3.0,0.8796305373118879,4.949096189841017,32.05797101449279,0.11476322887271312,0.26117647058823507,0.4226611781815951,0.9419902662245848,0.37919551824260933,1.0000000000000002,0.0,1.0,0.6634043878938009,0.5762383016276023,3.4422391680895865,0.3815262365921452,127,3
52.0,NARIÑO,52573.0,52573.0,PUERRES,NARIÑO,SUR-OCCIDENTE,0.44976958525345617,-0.3616071428571425,1.0,-0.3413429367235623,0.1283912680122644,42.23188405797107,0.6179682197737427,0.16470588235294112,0.9059388934666076,0.6001531475067307,0.16218533136531812,0.0,0.9204622727109818,0.0,1.106408291526078,-0.610064763235095,3.4285163751586127,0.3805215366714717,128,3
13.0,BOLÍVAR,13042.0,13042.0,ARENAL,MAGDALENA MEDIO,NORORIENTE,0.3050691244239634,0.9464285714285715,2.0,0.7606980164383637,3.5833071098408324,35.0579710144928,-0.6080497270817066,0.30588235294117627,0.3154918253869455,0.573600136502673,0.5868411094920148,0.0,0.8204296097067337,0.0,0.4191797357843286,0.39660000827114666,3.321601759692974,0.37269389500862116,129,3
54.0,NORTE DE SANTANDER,54003.0,54003.0,ÁBREGO,NORTE DE SANTANDER,NORORIENTE,1.16036866359447,0.669642857142857,0.0,0.013656496131925235,2.343099898287835,36.42028985507251,0.03166487440989142,-0.46588235294117664,0.4226611781815951,0.9130749498157646,0.13385339699716514,0.0,0.0,1.0,-0.20945907038567885,0.7478172264108222,3.20612999729833,0.3642397507902042,130,3
76.0,VALLE DEL CAUCA,76834.0,76834.0,TULUÁ,VALLE DEL CAUCA,SUR-OCCIDENTE,-1.0387096774193547,-1.2098214285714282,0.0,-0.056918952659752726,0.7016617307797255,53.710144927536305,0.017283350294177692,-13.91058823529412,-0.3266245789331387,-0.07978232306729106,-1.7560159554072357,-2.0,-0.3001020756710667,1.0,0.012379338947142052,0.6492017529036533,3.1962984865254,0.36351994701969276,131,5
20.0,CESAR,20045.0,20045.0,BECERRIL,CESAR,CARIBE,0.3516129032258066,0.34821428571428586,2.0,1.693126675385588,0.4331622151779285,37.507246376811636,0.5367755864432072,-0.42117647058823543,0.4526924614470711,1.1076085017363857,-0.32500220015643483,0.0,0.41106341893158643,1.0,-0.5230814517694553,0.3667311634730938,3.193443340421409,0.36331091048619557,132,3
86.0,PUTUMAYO,86568.0,86568.0,PUERTO ASÍS,PUTUMAYO,CENTRO SUR,-0.0552995391705067,0.14732142857142874,3.0,0.3572975062665916,4.210299398187979,35.666666666666714,0.015582560194788118,-6.5223529411764725,-0.0024572696823668195,0.5607785224603444,0.4561628043827438,-2.0,0.23966754002608173,0.0,0.9479374603352324,1.380240091663414,3.1091768414928658,0.3571414269696262,133,3
86.0,PUTUMAYO,86320.0,86320.0,ORITO,PUTUMAYO,CENTRO SUR,-0.10138248847926248,-0.04464285714285714,3.0,0.6232435147887081,3.497437611018816,33.44927536231888,0.524768296061228,-2.268235294117648,-0.0024572696823668195,0.356308329639954,0.7514036782254561,0.0,0.23966754002608173,0.0,0.6222091058512015,0.9200924701703045,3.0979406687801667,0.3563187823454665,134,3
19.0,CAUCA,19050.0,19050.0,ARGELIA,CAUCA,SUR-OCCIDENTE,0.21658986175115222,0.41517857142857156,3.0,0.06710839513558606,4.949096189841017,28.565217391304383,0.08896670446992808,-0.46588235294117664,0.8309935282649857,0.9106622683937476,0.14082026741286752,1.0000000000000002,0.2232853082162463,1.0,0.7003180997241059,0.30427665275193355,3.0393821743879257,0.3520314834722285,135,3
91.0,AMAZONAS,91798.0,91798.0,TARAPACÁ,AMAZONAS,AMAZONÍA,1.3870967741935487,1.75,0.0,-2.9754173725897037,0.0447243229170159,27.44927536231888,0.9852784408665396,0.46588235294117664,-0.24671431896004853,1.1680052632158304,3.016599768726542,1.0000000000000002,-0.4203430208383966,0.0,1.5149061367807628,3.823832646190372,3.0316636526628797,0.3514663799831737,136,3
13.0,BOLÍVAR,13212.0,13212.0,CÓRDOBA,BOLÍVAR,CARIBE,-0.18202764976958508,0.9419642857142857,2.0,0.15185455561540953,0.05340341585757281,35.49275362318845,-0.3864128087068578,0.40941176470588225,0.3154918253869455,-0.08961322897168786,0.7456453411419991,1.0000000000000002,0.8204296097067337,0.0,0.39121232856427796,-0.29737197108673935,3.0172607349547427,0.3504118854388328,137,3
95.0,GUAVIARE,95200.0,95200.0,MIRAFLORES,GUAVIARE,AMAZONÍA,0.0,1.1562500000000002,3.0,-1.1779749244293016,4.545985097896627,24.000000000000032,0.9035109667525385,0.2847058823529411,0.1422055120211504,1.0830812678359178,2.293543679912029,1.0000000000000002,0.6572884035894788,0.0,1.3985276193436613,0.6963387139559908,2.9557659850281657,0.34590961169005285,138,3
86.0,PUTUMAYO,86757.0,86757.0,SAN MIGUEL,PUTUMAYO,CENTRO SUR,-0.16129032258064518,0.3437500000000001,3.0,0.5375445168345623,3.7788966662004486,31.82608695652178,0.01338208380753449,-0.6917647058823534,-0.0024572696823668195,-0.20931745372261804,0.25819434711227895,0.0,0.23966754002608173,0.0,-0.1838753512004861,1.1745307203836093,2.9234117557072037,0.34354083065577434,139,3
27.0,CHOCÓ,27245.0,27245.0,EL CARMEN DE ATRATO,CHOCÓ,SUR-OCCIDENTE,0.08617511520737349,0.5892857142857143,1.0,0.018370376995558938,1.7148459063772863,29.31884057971018,0.4364743617715604,-0.023529411764705997,0.8226000510245758,0.7945276484270937,0.5454907838078022,1.0000000000000002,0.8541327249375343,1.0,1.3082779048687796,0.3935230127587161,2.8585379997024947,0.3387911665138193,140,3
86.0,PUTUMAYO,86571.0,86571.0,PUERTO GUZMÁN,PUTUMAYO,CENTRO SUR,0.6774193548387099,0.9553571428571431,3.0,0.39237606904894623,3.893255893445338,24.826086956521767,0.6355508375813668,-0.12470588235294115,-0.0024572696823668195,0.8993648100763802,0.9003955584205061,1.0000000000000002,0.23966754002608173,0.0,0.6816663187992883,1.0121316647590721,2.8522029973272485,0.3383273559458182,141,3
76.0,VALLE DEL CAUCA,76563.0,76563.0,PRADERA,VALLE DEL CAUCA,SUR-OCCIDENTE,-0.5341013824884793,-0.7142857142857141,2.0,0.7825434180180505,0.7320891294753964,39.50724637681164,0.28930056600375,-1.150588235294118,-0.3266245789331387,-0.19692788449249457,-0.6923875513778781,-2.0,-0.3001020756710667,1.0,-0.15026533578398965,0.6559286356267201,2.8210792989459694,0.33604866694628105,142,3
50.0,META,50568.0,50568.0,PUERTO GAITÁN,META,ORINOQUÍA,0.21658986175115222,0.4910714285714285,1.0,0.31951592814542573,1.841125470870613,31.028985507246414,0.811251894816769,-5.564705882352943,-0.0637804626737325,1.0303146677540225,1.1516900799902763,1.0000000000000002,-0.48827908621675425,1.0,-0.013384285663637504,1.876779001168604,2.819832545681927,0.33595738721104185,143,3
44.0,LA GUAJIRA,44650.0,44650.0,SAN JUAN DEL CESAR,LA GUAJIRA,CARIBE,-0.44147465437788014,-0.1874999999999998,2.0,1.0873222607047177,0.3537487396450719,35.07246376811599,0.4995085257880198,-0.7341176470588238,0.8156293661493513,0.6213850020952667,-1.1525602918386542,-1.0,2.0475973594765238,1.0,0.07581565875919308,-0.1625474171934322,2.791315268669757,0.33386952462387987,144,3
5.0,ANTIOQUIA,5847.0,5847.0,URRAO,ANTIOQUIA,OCCIDENTE,0.18940092165898614,0.236607142857143,1.0,-0.1441514387735586,1.370962792113836,31.028985507246414,0.5546214365521609,-0.9505882352941181,-0.729465887115974,1.0453493905441134,1.1168752507135409,0.0,0.2330297065267568,1.0,0.915120752041404,0.6226504691759659,2.7777424201348557,0.3328758027252168,145,3
44.0,LA GUAJIRA,44035.0,44035.0,ALBANIA,LA GUAJIRA,CARIBE,0.838709677419355,0.40178571428571425,0.0,1.9424301065814435,0.06616108264250167,31.797101449275402,0.5652029224580251,-0.32470588235294146,0.8156293661493513,0.12726467867480445,-0.2948474743608284,-1.0,2.0475973594765238,1.0,-0.056645207808658234,0.432838535568524,2.6656213015336205,0.32466697238498604,146,3
15.0,BOYACÁ,15646.0,15646.0,SAMACÁ,BOYACÁ,NORORIENTE,-0.7649769585253456,-0.8616071428571426,0.0,-0.0230874891343197,-0.41775399271746305,41.65217391304353,-0.7219754163304083,-1.9247058823529417,-0.0,-0.8070397162957457,-1.316455984545159,-1.0,-0.45824231764671197,0.0,-0.13028175562647057,1.0658310285720773,2.6169166690143415,0.3211011136946533,147,3
52.0,NARIÑO,52699.0,52699.0,SANTACRUZ,NARIÑO,SUR-OCCIDENTE,1.3133640552995396,1.0848214285714284,0.0,-0.12877924137786678,2.2843018306164042,24.13043478260872,0.0372441535402502,0.31764705882352945,0.9059388934666076,1.17400057329701,0.6230984383859061,1.0000000000000002,0.9204622727109818,0.0,0.8146548953933053,0.36764700054751637,2.5816379532519846,0.31851821944665365,148,3
19.0,CAUCA,19585.0,19585.0,PURACÉ,CAUCA,SUR-OCCIDENTE,0.589861751152074,-0.05803571428571417,0.0,0.05539417791981178,0.24448321931906497,29.91304347826091,0.31488266340011717,0.27999999999999986,0.8309935282649857,0.41400455162741157,-0.02234678651602922,1.0000000000000002,0.2232853082162463,1.0,0.75696443753282,-0.3101522299106285,2.524401281109772,0.3143276964058886,149,3
19.0,CAUCA,19533.0,19533.0,PIAMONTE,CAUCA,SUR-OCCIDENTE,-0.35023041474654387,0.14285714285714296,2.0,0.5663318599239322,3.383814523768911,22.869565217391333,0.7316688325782166,0.051764705882352775,0.8309935282649857,0.5611796565347336,0.9202381298889667,1.0000000000000002,0.2232853082162463,1.0,0.9706271081269274,0.89539216005804,2.5014487764590023,0.3126472528024705,150,3
52.0,NARIÑO,52385.0,52385.0,LA LLANADA,NARIÑO,SUR-OCCIDENTE,-0.129032258064516,-0.32142857142857123,1.0,0.06838698730575271,2.1678875669552142,25.73913043478264,0.49892303022555645,0.16470588235294112,0.9059388934666076,0.9327330139731422,0.6087524417128,0.0,0.9204622727109818,0.0,0.8605236693342987,0.31471391377540214,2.4167939726163397,0.30644933994805595,151,3
13.0,BOLÍVAR,13160.0,13160.0,CANTAGALLO,MAGDALENA MEDIO,NORORIENTE,-0.6474654377880183,0.4375000000000001,3.0,0.49885444331653106,2.6632847686041217,21.69565217391307,-0.0,0.14117647058823513,0.3154918253869455,1.1040099981930123,0.23529286119090334,0.0,0.8204296097067337,0.0,0.9118840552142511,0.7511645825272564,2.282372132384223,0.29660778561598133,152,3
23.0,CÓRDOBA,23815.0,23815.0,TUCHÍN,CÓRDOBA,CARIBE,1.6451612903225803,1.6607142857142856,0.0,-0.16455306984616688,-0.3498485689116208,29.478260869565254,-1.0504799731837395,0.17411764705882354,0.8291999008918115,-0.04503818461840054,-0.7713353398482603,-1.0,1.6918922599612225,0.0,-0.8128107588435334,-1.5436947879813123,2.2691976579186948,0.29564323025782574,153,3
85.0,CASANARE,85315.0,85315.0,SÁCAMA,CASANARE,ORINOQUÍA,0.4193548387096775,-0.37053571428571414,1.0,0.7172752286394408,2.432849809629127,23.144927536231915,0.6730871514109206,0.42588235294117666,-0.53413056979359,0.6645058780199649,0.7865892790636582,1.0000000000000002,0.7156100787598901,0.0,1.0359550480327713,-0.3213394061053094,2.261292420832321,0.29506445659902786,154,3
95.0,GUAVIARE,95015.0,95015.0,CALAMAR,GUAVIARE,AMAZONÍA,-0.4331797235023041,0.7678571428571429,3.0,0.6389082596239551,3.7194166817453884,15.492753623188426,0.8574701441558233,-0.15764705882352953,0.1422055120211504,1.1633651725869965,1.9254498107148283,1.0000000000000002,0.6572884035894788,0.0,1.3326267694094107,1.141065265474363,2.224121844830816,0.2923430517838458,155,0
99.0,VICHADA,99001.0,99001.0,PUERTO CARREÑO,VICHADA,ORINOQUÍA,0.5161290322580646,0.6651785714285716,0.0,1.4916360949220544,1.510603796543658,19.391304347826114,0.9257661975268242,-1.6000000000000005,0.3201896628165574,1.013531672208038,1.7109092460059927,1.0000000000000002,1.3176075500617532,1.0,0.20907863703348242,1.1976589426299784,2.1793679210690686,0.2890664400999542,156,3
76.0,VALLE DEL CAUCA,76275.0,76275.0,FLORIDA,VALLE DEL CAUCA,SUR-OCCIDENTE,-1.3548387096774193,-0.9776785714285712,2.0,0.49051678168124513,1.3129461468331447,31.304347826086996,0.16198780551686257,-1.5670588235294123,-0.3266245789331387,-0.17939766263686607,-0.5769590583975636,-2.0,-0.3001020756710667,1.0,0.1318321157033424,0.4425621105584275,2.1451657011072376,0.2865623603652125,157,3
5.0,ANTIOQUIA,5172.0,5172.0,CHIGORODÓ,URABÁ,OCCIDENTE,-0.36543778801843324,-0.13839285714285687,2.0,1.6395049245311148,1.1929199279560563,25.463768115942063,0.4164665413672832,-2.7694117647058833,-0.729465887115974,0.8740362828692091,-0.5733734562636967,-1.0,0.2330297065267568,1.0,0.7450613936092941,0.3688554656597335,2.086848043915602,0.28229269413553043,158,3
5.0,ANTIOQUIA,5837.0,5837.0,TURBO,URABÁ,OCCIDENTE,0.21843317972350243,0.40625000000000006,2.0,1.4659928786677139,1.4651666788222102,24.536231884058,0.3419791957005447,-4.703529411764707,-0.729465887115974,0.5929344987468053,0.4529010339046728,-2.0,0.2330297065267568,1.0,0.7141304670756358,0.5555413397423014,2.083438534853576,0.2820430704983173,159,3
50.0,META,50330.0,50330.0,MESETAS,META,ORINOQUÍA,0.03271889400921663,0.19196428571428586,3.0,0.5757159262390456,3.9091114312430872,17.173913043478283,0.609598386612707,-0.2658823529411767,-0.0637804626737325,0.9878306269654823,0.7943214031683745,1.0000000000000002,-0.48827908621675425,1.0,0.7935956493491176,0.00785548136068065,2.082455618138012,0.2819711072798148,160,3
19.0,CAUCA,19256.0,19256.0,EL TAMBO,CAUCA,SUR-OCCIDENTE,1.457142857142857,0.23214285714285723,3.0,0.09989641686655977,3.916489537710084,16.76811594202901,-0.1999466173073435,-0.44470588235294145,0.8309935282649857,0.6250978264478925,0.16780556562068077,1.0000000000000002,0.2232853082162463,1.0,0.3331032998497051,-0.7481821213115126,2.0561661720203843,0.2800463529997066,161,0
13.0,BOLÍVAR,13473.0,13473.0,MORALES,MAGDALENA MEDIO,NORORIENTE,0.03410138248847936,0.7500000000000001,2.0,0.2903043972607905,2.6384939976174246,17.47826086956524,-0.2725603409470139,0.28705882352941187,0.3154918253869455,0.5701280207773942,0.9954848743239455,1.0000000000000002,0.8204296097067337,0.0,0.3589004477954804,0.7267063375642957,2.017987211553139,0.2772511203713502,162,3
20.0,CESAR,20001.0,20001.0,VALLEDUPAR,CESAR,CARIBE,-0.10783410138248829,-0.4598214285714284,1.0,1.1572024761682889,0.2046998072367515,35.550724637681206,0.4716240111822206,-27.835294117647067,0.4526924614470711,0.6748725916566336,-0.997929859694411,-2.0,0.41106341893158643,1.0,0.02299907947370436,0.5866182684533723,1.9016950998922764,0.2687369151400739,163,3
23.0,CÓRDOBA,23670.0,23670.0,SAN ANDRÉS DE SOTAVENTO,CÓRDOBA,CARIBE,1.946082949308756,1.5848214285714284,0.0,-0.38777871054367113,-0.21714349902332977,24.27536231884061,-0.9296355816520921,0.14117647058823513,0.8291999008918115,-0.9141987402238964,-0.6095365817905783,-1.0,1.6918922599612225,0.0,-0.6457568238937759,-1.3992682886265928,1.8735303510654229,0.2666748625350056,164,3
76.0,VALLE DEL CAUCA,76126.0,76126.0,CALIMA,VALLE DEL CAUCA,SUR-OCCIDENTE,-0.8433179723502303,-0.6741071428571427,1.0,-0.43877373791470015,0.5136808444460951,23.536231884058,0.620274778377456,-1.2282352941176475,-0.3266245789331387,0.9803960317871915,0.13706388286315635,0.0,-0.3001020756710667,1.0,1.1591730791423318,0.19952288369896776,1.8683440059718457,0.26629514970757223,165,3
50.0,META,50590.0,50590.0,PUERTO RICO,META,ORINOQUÍA,-0.4654377880184331,0.28125000000000017,3.0,0.20667433689474196,3.8636536470521747,14.391304347826104,0.01762447104376237,-0.34117647058823547,-0.0637804626737325,0.4999447114968394,1.4649395077850391,1.0000000000000002,-0.48827908621675425,1.0,0.7692518698087386,0.5610324376550232,1.8392577251264903,0.26416562810034494,166,0
81.0,ARAUCA,81794.0,81794.0,TAME,ARAUCA,ORINOQUÍA,0.06912442396313365,0.04910714285714291,2.0,1.3244338201637291,4.949096189841017,16.130434782608717,0.8447956785649683,-3.291764705882354,0.5018808289760641,0.8078186294612019,0.6338786010690063,-1.0,-0.2209762841455819,0.0,0.841357738383988,0.31936012146351206,1.8370725843562457,0.2640056453060575,167,0
52.0,NARIÑO,52560.0,52560.0,POTOSÍ,NARIÑO,SUR-OCCIDENTE,0.8456221198156683,-0.5937499999999998,0.0,-0.08472434123525133,-0.20382875209702714,20.1594202898551,0.2365883297870113,0.10823529411764717,0.9059388934666076,1.0863618248374152,0.10768907146383717,1.0000000000000002,0.9204622727109818,0.0,1.1394818864993104,-1.0816537607793828,1.7781867638328175,0.25969438159273983,168,3
86.0,PUTUMAYO,86219.0,86219.0,COLÓN,PUTUMAYO,CENTRO SUR,-0.20737327188940094,-0.8124999999999996,0.0,0.08834120209789866,-0.01384011556953926,24.710144927536266,-0.17905175375933383,0.2658823529411763,-0.0024572696823668195,-0.21405704098762288,0.29048327251469724,-1.0,0.23966754002608173,0.0,0.02022408183611072,0.6850081598935143,1.724670503151565,0.25577624458290155,169,3
15.0,BOYACÁ,15861.0,15861.0,VENTAQUEMADA,BOYACÁ,NORORIENTE,-0.5847926267281105,-0.6741071428571427,0.0,-0.8000572098087806,-0.532866673764908,27.840579710144965,0.975174757667698,-0.7600000000000001,-0.0,-0.5431195360378109,-0.8472686464451273,-1.0,-0.45824231764671197,0.0,0.1748828578379417,-0.12335626564457972,1.712707722502773,0.2549004021192477,170,3
73.0,TOLIMA,73217.0,73217.0,COYAIMA,TOLIMA,CENTRO SUR,0.6728110599078343,0.9508928571428573,0.0,0.613168990041545,0.9044393578518731,19.000000000000025,0.3537269879679799,-0.042352941176470794,0.1794567355112193,0.24120885435090283,0.5961528292912399,1.0000000000000002,0.05660264741218082,0.0,-0.7271917610565914,-0.855602122176662,1.6981262685817313,0.25383283623295444,171,3
54.0,NORTE DE SANTANDER,54250.0,54250.0,EL TARRA,NORTE DE SANTANDER,NORORIENTE,1.4377880184331797,1.3571428571428572,3.0,1.9424301065814435,4.949096189841017,9.086956521739141,-0.2824879857639455,-0.007058823529412007,0.4226611781815951,0.928762468896341,-0.18712603146963772,0.0,0.0,1.0,-0.03500777840246903,0.5288500669523264,1.6926690417104344,0.2534332910796997,172,0
81.0,ARAUCA,81736.0,81736.0,SARAVENA,ARAUCA,ORINOQUÍA,0.1797235023041474,-0.06249999999999994,2.0,0.7858787636237275,3.450790303372475,16.289855072463787,0.7137366672913109,-4.576470588235295,0.5018808289760641,0.20336434138537743,-0.529607278227324,-1.0,-0.2209762841455819,0.0,0.28289513736021704,0.6645489022887124,1.5245058676577257,0.24112140030930057,173,0
44.0,LA GUAJIRA,44378.0,44378.0,HATONUEVO,LA GUAJIRA,CARIBE,0.6110599078341014,0.11160714285714285,0.0,1.9424301065814435,-0.20585393887573789,18.6521739130435,0.6453941749263072,0.018823529411764794,0.8156293661493513,0.20110237189257885,-1.2570240615418742,-1.0,2.0475973594765238,1.0,-0.4800736496369851,0.22422544484762033,1.5243893517734932,0.2411128697207947,174,3
99.0,VICHADA,99524.0,99524.0,LA PRIMAVERA,VICHADA,ORINOQUÍA,0.3410138248847926,1.0000000000000002,0.0,0.5958710992763124,0.5297080533373352,10.66666666666668,0.9358617365370501,-0.15294117647058833,0.3201896628165574,1.134895639538769,2.3483436315242967,1.0000000000000002,1.3176075500617532,1.0,0.13087905482275314,0.610879544711405,1.507614900433294,0.23988474582388744,175,0
18.0,CAQUETÁ,18460.0,18460.0,MILÁN,CAQUETÁ,CENTRO SUR,0.8612903225806455,1.0624999999999998,2.0,0.3776741159298298,3.0276863065803936,9.666666666666679,0.6213623671681632,0.2658823529411763,0.7188379292561181,0.041850461962823354,0.8777756961437657,1.0000000000000002,-0.5160751802858682,0.0,0.007334077030314657,0.4861513567332174,1.4859810348938405,0.23830084500277324,176,0
15.0,BOYACÁ,15180.0,15180.0,CHISCAS,BOYACÁ,NORORIENTE,1.004608294930876,0.861607142857143,0.0,-0.7464773697753074,-0.6194363101890897,14.768115942029004,0.5244369283975487,0.3482352941176471,-0.0,1.2110621264063375,1.4184896613335138,1.0000000000000002,-0.45824231764671197,0.0,1.3184861370416043,-1.6017094162704923,1.485489305675948,0.23826484356278255,177,0
50.0,META,50325.0,50325.0,MAPIRIPÁN,META,ORINOQUÍA,0.5018433179723504,1.0446428571428574,3.0,0.2779602057369605,4.060410360826381,4.724637681159425,0.8081596076566117,0.07999999999999996,-0.0637804626737325,1.029701287430582,2.228654452590882,1.0000000000000002,-0.48827908621675425,1.0,0.6741710284276469,1.066800023431137,1.4818333795517644,0.2379971787582904,178,0
18.0,CAQUETÁ,18150.0,18150.0,CARTAGENA DEL CHAIRÁ,CAQUETÁ,CENTRO SUR,0.29124423963133644,1.0044642857142858,3.0,0.6827327079772424,4.015719287473113,5.89855072463769,0.7361448696775063,-1.2117647058823533,0.7188379292561181,0.787759101990232,1.5033510827714653,1.0000000000000002,-0.5160751802858682,0.0,0.8264547326450473,1.0887507645980499,1.4671437357246946,0.23692169186127057,179,0
19.0,CAUCA,19824.0,19824.0,TOTORÓ,CAUCA,SUR-OCCIDENTE,1.0470046082949314,0.6383928571428572,0.0,0.4287429507476953,0.48486707947811086,16.130434782608717,-1.0830730221390952,0.22823529411764712,0.8309935282649857,0.04824136037245072,-0.2893348489611992,0.0,0.2232853082162463,1.0,-0.24265301036487852,-0.14487609041498262,1.400341448876163,0.23203083235219518,180,0
70.0,SUCRE,70523.0,70523.0,PALMITO,SUCRE,CARIBE,0.9907834101382489,1.0848214285714284,2.0,0.3564890356795011,0.15246215186191167,13.173913043478276,0.3074664113043343,0.38823529411764707,0.880925368474336,-0.08649625222350789,0.17064676418337046,-1.0,1.838199989484149,1.0,0.5968205470923519,-1.715101471971563,1.3894026898052112,0.23122996255651057,181,0
86.0,PUTUMAYO,86865.0,86865.0,VALLE DEL GUAMUEZ,PUTUMAYO,CENTRO SUR,-0.10138248847926248,0.008928571428571551,3.0,1.239566125172393,3.3849800546287603,12.652173913043494,-0.09773206507175157,-2.736470588235295,-0.0024572696823668195,0.1280423815329258,0.001116628483945936,0.0,0.23966754002608173,0.0,-0.13856371437045076,0.5036736749173005,1.371892240564017,0.22994795334365742,182,0
86.0,PUTUMAYO,86569.0,86569.0,PUERTO CAICEDO,PUTUMAYO,CENTRO SUR,-0.3041474654377881,-0.08482142857142849,3.0,0.356623395209543,4.440303236788682,9.318840579710157,0.5319927569486836,-0.35294117647058826,-0.0024572696823668195,-0.08315746365110613,0.7181860978893253,0.0,0.23966754002608173,0.0,0.5750122051776884,0.7913847036962562,1.352686174665496,0.2285418013320549,183,0
19.0,CAUCA,19473.0,19473.0,MORALES,CAUCA,SUR-OCCIDENTE,1.5760368663594468,0.3526785714285716,2.0,-0.012508593473306727,2.213248743459658,11.971014492753637,-0.9497485878435162,-0.08941176470588237,0.8309935282649857,0.08443836875483227,-0.11542840299799263,0.0,0.2232853082162463,1.0,-0.44865795307929013,-0.2514285525598459,1.3486025660943277,0.22824282420486577,184,0
85.0,CASANARE,85230.0,85230.0,OROCUÉ,CASANARE,ORINOQUÍA,-0.06912442396313363,0.2232142857142857,0.0,0.15360073475980415,0.817859506808617,11.333333333333348,0.8351926322305605,-0.3482352941176471,-0.53413056979359,0.9064599007982407,1.1685684005671482,1.0000000000000002,0.7156100787598901,0.0,1.5463099683378694,0.7183327842409295,1.3411525706536067,0.22769738058664896,185,0
5.0,ANTIOQUIA,5250.0,5250.0,EL BAGRE,ANTIOQUIA,OCCIDENTE,0.2995391705069124,0.5758928571428573,2.0,0.7378765663094556,2.6784365265089174,10.66666666666668,0.3223270639414191,-1.1764705882352946,-0.729465887115974,0.9116794331378995,-0.165389708951647,-1.0,0.2330297065267568,1.0,0.8936688309777463,0.9656976165891005,1.3330229290137632,0.22710217738335503,186,0
18.0,CAQUETÁ,18753.0,18753.0,SAN VICENTE DEL CAGUÁN,CAQUETÁ,CENTRO SUR,-0.15668202764976955,0.6919642857142857,3.0,1.0945261656007237,3.8387708714458357,6.637681159420298,0.6428871194816882,-2.8470588235294123,0.7188379292561181,1.0664329825661685,1.4601283326533507,0.0,-0.5160751802858682,0.0,0.5942050677960012,0.8716800673886479,1.3211131197169363,0.2262302131617898,187,0
52.0,NARIÑO,52227.0,52227.0,CUMBAL,NARIÑO,SUR-OCCIDENTE,0.12811059907834108,-0.5446428571428569,0.0,0.5183006224758846,0.8598241628054172,12.927536231884075,0.06887789811564965,-0.6282352941176473,0.9059388934666076,1.2576994783275461,0.478667541782744,1.0000000000000002,0.9204622727109818,0.0,1.4062483447264804,-1.0034487563853662,1.3149623057598108,0.22577988775602978,188,0
50.0,META,50370.0,50370.0,URIBE,META,ORINOQUÍA,-0.31428571428571433,0.875,3.0,0.6183087691660006,3.754286229843746,3.7826086956521783,0.7231904612607511,-0.21882352941176472,-0.0637804626737325,1.1586071615683387,1.7001386280381943,1.0000000000000002,-0.48827908621675425,1.0,1.1454262517940517,0.8154053848650231,1.2839579006146178,0.22350993268590744,189,0
19.0,CAUCA,19355.0,19355.0,INZÁ,CAUCA,SUR-OCCIDENTE,2.027188940092166,0.8125000000000001,0.0,-0.14574841589178994,1.0743703118694239,9.623188405797114,0.0472981696938817,0.15764705882352953,0.8309935282649857,0.5320624960240854,0.34156872553687406,1.0000000000000002,0.2232853082162463,1.0,0.8096090684764496,-0.9726524782094825,1.281054176843025,0.2232973395893234,190,0
73.0,TOLIMA,73483.0,73483.0,NATAGAIMA,TOLIMA,CENTRO SUR,0.5894009216589862,0.05803571428571447,0.0,0.167762075912061,0.5348095124585518,15.72463768115944,0.24621841820573082,-0.09176470588235318,0.1794567355112193,0.39782627058673975,1.0353303952341901,0.0,0.05660264741218082,0.0,-0.6543827264048104,-1.1140354653891527,1.28015358335291,0.22323140357960372,191,0
76.0,VALLE DEL CAUCA,76233.0,76233.0,DAGUA,VALLE DEL CAUCA,SUR-OCCIDENTE,-0.6552995391705069,-0.5535714285714285,2.0,-0.11310828799253357,0.7700079987768689,16.318840579710166,-0.12437726702279465,-1.854117647058824,-0.3266245789331387,0.1480188823354788,-0.6916666717816836,0.0,-0.3001020756710667,1.0,0.781075437061657,0.44258070875881617,1.2613906532801304,0.22185769529364874,192,0
85.0,CASANARE,85125.0,85125.0,HATO COROZAL,CASANARE,ORINOQUÍA,0.10138248847926282,0.6830357142857144,1.0,0.05740497009148574,0.9427405333614935,8.057971014492763,0.8257813565138149,0.004705882352941199,-0.53413056979359,0.9733915433269675,1.5056199892188438,1.0000000000000002,0.7156100787598901,0.0,1.3299735292778543,0.4916661669975225,1.2417439967278587,0.22041928589850196,193,0
5.0,ANTIOQUIA,5361.0,5361.0,ITUANGO,ANTIOQUIA,OCCIDENTE,-0.1917050691244238,0.7500000000000001,3.0,0.029316896902351182,4.949096189841017,5.188405797101455,0.30127829871818623,-0.08235294117647078,-0.729465887115974,1.0519834692661194,0.6743264686456979,0.0,0.2330297065267568,1.0,0.7632777478458551,0.18195540220310952,1.2204719865347342,0.21886187793781212,194,0
52.0,NARIÑO,52405.0,52405.0,LEIVA,NARIÑO,SUR-OCCIDENTE,0.8709677419354839,0.6473214285714285,2.0,-0.06919866727839095,3.2815668406378156,7.405797101449285,-0.14458407530508138,0.19764705882352954,0.9059388934666076,-0.2449149681341972,0.6374425541426534,0.0,0.9204622727109818,0.0,-0.1238354819735093,0.33339449338582916,1.1969247917652603,0.21713789471982045,195,0
76.0,VALLE DEL CAUCA,76100.0,76100.0,BOLÍVAR,VALLE DEL CAUCA,SUR-OCCIDENTE,0.06451612903225801,-0.4955357142857141,2.0,-0.5384192644225724,1.2424025984797722,13.130434782608713,0.39461800800515756,-0.03764705882352959,-0.3266245789331387,0.36493795480314833,0.15683497963153228,0.0,-0.3001020756710667,1.0,0.6085661443414047,-0.6209106249707224,1.1946562676892376,0.21697180710407854,196,0
54.0,NORTE DE SANTANDER,54820.0,54820.0,TOLEDO,NORTE DE SANTANDER,NORORIENTE,0.9580645161290323,0.41517857142857156,0.0,0.1704500546737406,1.212620984438854,10.217391304347839,0.5218767148997852,-0.3223529411764707,0.4226611781815951,0.8408065296696351,0.678237114072527,0.0,0.0,1.0,0.9975644261292362,-1.3875729580539649,1.153129723367051,0.21393148462772799,197,0
44.0,LA GUAJIRA,44078.0,44078.0,BARRANCAS,LA GUAJIRA,CARIBE,0.3534562211981568,0.2633928571428574,0.0,1.6477807877962485,0.37928849107224366,10.898550724637694,0.5984594076748468,-0.3129411764705883,0.8156293661493513,0.9208059172971315,-0.6130088514290297,-1.0,2.0475973594765238,1.0,0.1642391989768603,0.5746709365696743,1.1435460076380277,0.2132298229119869,198,0
17.0,CALDAS,17614.0,17614.0,RIOSUCIO,CALDAS,OCCIDENTE,-0.9700460829493087,-0.5133928571428569,1.0,0.23122037244952517,0.09628900265280478,20.31884057971017,-0.3446461106441874,-1.941176470588236,-0.5206856369030118,0.034510255200652505,-0.9970901508574543,-1.0,-0.8930772834598875,0.0,-0.04745642401971455,-0.4151457792484935,1.1349893940512386,0.21260335940451264,199,3
99.0,VICHADA,99624.0,99624.0,SANTA ROSALÍA,VICHADA,ORINOQUÍA,0.0737327188940093,0.7142857142857142,0.0,1.3362586674828612,0.31504156548888,6.202898550724646,0.9359586921734244,0.18117647058823513,0.3201896628165574,0.9853517895872625,2.225799936156824,1.0000000000000002,1.3176075500617532,1.0,0.26403609559178975,0.5946051051427815,1.1243366266143837,0.21182342818696848,200,0
52.0,NARIÑO,52233.0,52233.0,CUMBITARA,NARIÑO,SUR-OCCIDENTE,0.48801843317972365,-0.06249999999999994,2.0,-0.19913514161326892,3.952841197290908,6.086956521739138,-0.3887281659107766,0.12705882352941153,0.9059388934666076,0.10669371562950673,0.3731330506325,1.0000000000000002,0.9204622727109818,0.0,0.011699926413454681,0.42221102793141035,1.1146622729364792,0.2111151305086716,201,0
50.0,META,50450.0,50450.0,PUERTO CONCORDIA,META,ORINOQUÍA,0.47235023041474655,0.5446428571428572,3.0,0.6920610885240526,1.9381441211981272,5.478260869565223,0.3884858702906232,0.06588235294117636,-0.0637804626737325,0.3421003863606458,0.8855367788201017,1.0000000000000002,-0.48827908621675425,1.0,0.5116366228686491,0.4985526157821479,1.1128162419331404,0.21097997528101897,202,0
5.0,ANTIOQUIA,5040.0,5040.0,ANORÍ,ANTIOQUIA,OCCIDENTE,0.4608294930875576,0.5580357142857142,3.0,0.32404584379787926,4.561405742302352,3.6086956521739175,0.18224580405042248,-0.36235294117647066,-0.729465887115974,1.0017281394378648,0.3865419574673991,0.0,0.2330297065267568,1.0,0.5077660901767354,0.8718149416962465,1.110785945461578,0.21083132924998269,203,0
85.0,CASANARE,85250.0,85250.0,PAZ DE ARIPORO,CASANARE,ORINOQUÍA,0.04147465437788012,-0.13392857142857142,1.0,0.5967443292126093,0.5578843461730651,9.000000000000012,0.8606604826698914,-2.3858823529411772,-0.53413056979359,1.1574608294540225,1.1575541888665517,0.0,0.7156100787598901,0.0,1.4917420772988779,0.7763675528006169,1.0996282667468957,0.21001443148172744,204,0
73.0,TOLIMA,73555.0,73555.0,PLANADAS,TOLIMA,CENTRO SUR,0.5018433179723504,0.6517857142857142,2.0,0.668059599773804,3.0478655935937486,4.057971014492759,0.35984491502724647,-0.9364705882352944,0.1794567355112193,1.1056295219525771,0.8181841679730242,1.0000000000000002,0.05660264741218082,0.0,0.9512973271684926,0.28132143982795316,1.0968914990642538,0.20981406190044158,205,0
54.0,NORTE DE SANTANDER,54670.0,54670.0,SAN CALIXTO,NORTE DE SANTANDER,NORORIENTE,1.6110599078341015,1.4598214285714286,3.0,0.3536027630375049,4.949096189841017,0.0,-0.4242173128144522,0.45882352941176463,0.4226611781815951,0.842930991551769,-0.021279486345135372,1.0000000000000002,0.0,1.0,0.013687408178667312,0.690031373474546,1.0923094963581108,0.20947859536833374,206,0
23.0,CÓRDOBA,23580.0,23580.0,PUERTO LIBERTADOR,CÓRDOBA,CARIBE,0.391705069124424,0.8080357142857143,3.0,0.3633113182999889,3.1159925023437878,2.7536231884058,0.43478042929255534,-0.3105882352941179,0.8291999008918115,0.6607919940797238,0.47112998911327253,1.0000000000000002,1.6918922599612225,0.0,0.3531712533447413,0.08239634999203198,1.0800686436235833,0.20858239414798327,207,0
5.0,ANTIOQUIA,5895.0,5895.0,ZARAGOZA,ANTIOQUIA,OCCIDENTE,0.4433179723502306,0.7678571428571429,2.0,0.6980228375103579,2.9421119097330024,6.43478260869566,0.33202828923767524,-0.46352941176470625,-0.729465887115974,0.18114419947159202,0.3547041144774761,0.0,0.2330297065267568,1.0,0.42243686677916137,-0.24743252802143514,1.0200197900451,0.20418598018689663,208,0
5.0,ANTIOQUIA,5120.0,5120.0,CÁCERES,ANTIOQUIA,OCCIDENTE,1.0493087557603689,1.1428571428571432,3.0,0.3993633369508924,4.949096189841017,1.4637681159420295,0.013659674614396775,-0.09882352941176477,-0.729465887115974,0.6387887552543852,0.47220802713734883,1.0000000000000002,0.2330297065267568,1.0,0.11698325580041977,-0.6871609546274718,1.007205592215956,0.20324780210556914,209,0
18.0,CAQUETÁ,18610.0,18610.0,SAN JOSÉ DEL FRAGUA,CAQUETÁ,CENTRO SUR,0.2027649769585253,0.3526785714285716,3.0,1.4587124495620019,3.371631079624167,3.1304347826087,0.7688110331818556,-0.2541176470588235,0.7188379292561181,0.847595849921364,0.7409988034766396,0.0,-0.5160751802858682,0.0,0.9022306530689367,-0.035660015715709606,1.0059139851142183,0.20315323844355193,210,0
81.0,ARAUCA,81065.0,81065.0,ARAUQUITA,ARAUCA,ORINOQUÍA,-0.02304147465437788,0.3750000000000002,3.0,1.0046756413553142,4.367507471215915,2.7246376811594235,0.8510234000434619,-1.7035294117647064,0.5018808289760641,0.2569487922463876,0.21258393941888454,1.0000000000000002,-0.2209762841455819,0.0,0.5235295909583424,0.7552945185056456,0.9831964325680682,0.20148999661254716,211,0
13.0,BOLÍVAR,13458.0,13458.0,MONTECRISTO,BOLÍVAR,CARIBE,0.5483870967741935,1.308035714285714,1.0,1.4552502572265638,3.0384411545421752,0.0,0.6221142171137314,0.32470588235294107,0.3154918253869455,1.0287500391206132,1.2685728894549215,1.0000000000000002,0.8204296097067337,0.0,1.2057716447861775,0.5398208088107335,0.9764591097599458,0.20099673057516537,212,0
19.0,CAUCA,19110.0,19110.0,BUENOS AIRES,CAUCA,SUR-OCCIDENTE,0.8299539170506911,0.07589285714285726,2.0,0.26199834700108604,2.7135313342047302,6.98550724637682,-0.8145402741184855,0.2541176470588235,0.8309935282649857,-0.2621264509187165,0.12043242528963669,0.0,0.2232853082162463,1.0,-0.4952644758068636,0.32734118521266964,0.9651694203710334,0.2001701677835731,213,0
18.0,CAQUETÁ,18094.0,18094.0,BELÉN DE LOS ANDAQUÍES,CAQUETÁ,CENTRO SUR,0.7096774193548387,0.41071428571428586,3.0,0.9613271036571265,2.315760879064136,1.6086956521739137,0.691878568404113,0.04235294117647037,0.7188379292561181,0.4074178907906152,1.113541390808703,1.0000000000000002,-0.5160751802858682,0.0,0.6578189859501914,0.6708482118386714,0.9421013865832967,0.19848126583531733,214,0
50.0,META,50711.0,50711.0,VISTAHERMOSA,META,ORINOQUÍA,0.009216589861751284,0.3437500000000001,3.0,0.07926775250805297,4.809822329924522,0.1449275362318843,0.6091660677947193,-0.3858823529411767,-0.0637804626737325,0.950221498677091,1.1611458694427905,1.0000000000000002,-0.48827908621675425,1.0,0.8329552463006976,0.335879226185379,0.9321229644051502,0.19775070610004641,215,0
81.0,ARAUCA,81591.0,81591.0,PUERTO RONDÓN,ARAUCA,ORINOQUÍA,0.13364055299539165,0.18750000000000008,1.0,0.6535015385842955,3.8765780222872643,0.2463768115942039,0.9207560986048297,0.2823529411764707,0.5018808289760641,1.1148772900143824,1.6744049276393793,1.0000000000000002,-0.2209762841455819,0.0,1.5243324089148154,0.6466190038346783,0.9245409168133919,0.19719559442181156,216,0
18.0,CAQUETÁ,18592.0,18592.0,PUERTO RICO,CAQUETÁ,CENTRO SUR,0.44423963133640554,0.6026785714285713,3.0,1.0253901496262183,3.1365985318598715,0.6376811594202902,0.5012293286979536,-0.5011764705882354,0.7188379292561181,1.026296239458608,1.0747551699641182,1.0000000000000002,-0.5160751802858682,0.0,0.5966056587483639,0.020074339961072482,0.9057926911906071,0.19582296270677169,217,0
54.0,NORTE DE SANTANDER,54398.0,54398.0,LA PLAYA,NORTE DE SANTANDER,NORORIENTE,1.1290322580645165,1.2098214285714288,1.0,-0.9136866054344713,3.049657329816107,4.391304347826092,-0.5212671383222472,0.42588235294117666,0.4226611781815951,0.14557622099672507,0.09461626595313227,1.0000000000000002,0.0,1.0,-0.39570586795374924,-0.20406682705931758,0.8987525159223824,0.19530752364352183,218,0
13.0,BOLÍVAR,13433.0,13433.0,MAHATES,BOLÍVAR,CARIBE,0.9460829493087559,0.6026785714285713,0.0,0.7612905736670798,-0.09520913821073909,10.681159420289868,0.5037461326613756,0.17647058823529393,0.3154918253869455,-0.23730160279134047,0.06788634338098477,-1.0,0.8204296097067337,0.0,0.17259903355803544,-1.253498825195133,0.8899878333271146,0.1946658265813795,219,0
85.0,CASANARE,85400.0,85400.0,TÁMARA,CASANARE,ORINOQUÍA,0.5483870967741935,0.6339285714285715,1.0,0.10786693345511927,0.5998301267243665,4.739130434782614,0.5549279762085919,0.3364705882352943,-0.53413056979359,1.17107253657191,0.9861765141730912,1.0000000000000002,0.7156100787598901,0.0,0.4120744837653598,0.06753373566486552,0.8874822789719725,0.19448238504185347,220,0
54.0,NORTE DE SANTANDER,54810.0,54810.0,TIBÚ,NORTE DE SANTANDER,NORORIENTE,0.5603686635944702,0.7500000000000001,3.0,1.5320243854108644,4.949096189841017,0.028985507246376472,-0.030568490386249116,-3.183529411764707,0.4226611781815951,0.9349063160087926,0.32073845788353905,0.0,0.0,1.0,0.2245566244675993,0.9652470680832451,0.8762981178723296,0.1936635483935027,221,0
52.0,NARIÑO,52435.0,52435.0,MALLAMA,NARIÑO,SUR-OCCIDENTE,0.4705069124423964,-0.08035714285714272,1.0,0.0011334091176156804,1.888693007217743,4.5217391304347885,0.41298351696009145,0.2494117647058823,0.9059388934666076,0.8323033469734982,0.8426456018973797,1.0000000000000002,0.9204622727109818,0.0,0.6386788566678266,-0.9920357608588652,0.873668249538076,0.19347100533611658,222,0
23.0,CÓRDOBA,23682.0,23682.0,SAN JOSÉ DE URÉ,CÓRDOBA,CARIBE,0.5944700460829493,0.9151785714285714,3.0,1.1731586246123806,2.736983928505336,1.7246376811594215,0.04573845893617187,0.39529411764705863,0.8291999008918115,0.7551287931981424,-0.3564907133194957,0.0,1.6918922599612225,0.0,-0.15911022288921522,-0.1942436451777014,0.8554166202161821,0.19213473139945467,223,0
73.0,TOLIMA,73504.0,73504.0,ORTEGA,TOLIMA,CENTRO SUR,0.5622119815668204,0.46874999999999994,1.0,-0.1524356619630453,0.5335020212176235,9.115942028985518,-0.4033600535491674,-0.30823529411764705,0.1794567355112193,0.2104800811356562,-0.08018914106936795,1.0000000000000002,0.05660264741218082,0.0,-0.6904824379864208,-0.5256912219023122,0.8517034469990005,0.19186287530896973,224,0
20.0,CESAR,20013.0,20013.0,AGUSTÍN CODAZZI,CESAR,CARIBE,0.21474654377880203,0.16517857142857154,2.0,1.7418081364392404,0.4627674737931068,7.405797101449285,0.32964553901907,-1.39764705882353,0.4526924614470711,1.065954110466695,0.003611996888326895,-1.0,0.41106341893158643,1.0,-0.3893596463890826,-0.0028811346439153477,0.8412274719667693,0.1910958877622799,225,0
19.0,CAUCA,19300.0,19300.0,GUACHENÉ,CAUCA,SUR-OCCIDENTE,-0.4838709677419355,-0.9196428571428568,0.0,1.3051086268822831,0.13951555220388112,14.028985507246395,-0.08919198569838355,0.09882352941176477,0.8309935282649857,-0.8628643990353225,-1.7617307840140535,-1.0,0.2232853082162463,1.0,0.49561096207404354,0.5281960318029144,0.8339267192264372,0.19056137079215846,226,0
13.0,BOLÍVAR,13670.0,13670.0,SAN PABLO,MAGDALENA MEDIO,NORORIENTE,-0.25944700460829473,0.5892857142857143,3.0,1.8535077904966555,2.996378715020164,1.1594202898550745,0.5681840733997484,-0.894117647058824,0.3154918253869455,0.6532056011000267,0.7570133573751139,0.0,0.8204296097067337,0.0,0.7150269337867522,0.24507687860616728,0.8261015327561827,0.18998845795543012,227,0
18.0,CAQUETÁ,18410.0,18410.0,LA MONTAÑITA,CAQUETÁ,CENTRO SUR,-0.014285714285714063,0.6875000000000002,3.0,0.7556624017259442,3.902434309722089,0.3623188405797098,0.679462710536353,0.04235294117647037,0.7188379292561181,0.159750473292204,1.0279295111951954,1.0000000000000002,-0.5160751802858682,0.0,-0.3284988321214005,0.6756648568143516,0.8224493796756878,0.18972106939038236,228,0
81.0,ARAUCA,81220.0,81220.0,CRAVO NORTE,ARAUCA,ORINOQUÍA,0.35483870967741954,0.3571428571428571,1.0,0.9070811605802122,1.4789925256376566,0.5507246376811608,0.9187307951722833,0.3129411764705883,0.5018808289760641,1.1025359227445268,2.152310039195794,1.0000000000000002,-0.2209762841455819,0.0,1.5463099683378694,-0.04478872632854779,0.8062322467843397,0.18853374898035763,229,0
73.0,TOLIMA,73616.0,73616.0,RIOBLANCO,TOLIMA,CENTRO SUR,0.5852534562211983,0.8794642857142858,2.0,0.07632836489193617,2.5502525279633286,0.3043478260869588,0.4288091178319944,-0.18588235294117675,0.1794567355112193,1.1558271573013852,0.5496700349343691,1.0000000000000002,0.05660264741218082,0.0,0.9307371644823845,0.16098347494578727,0.7954737791507306,0.1877460790335454,230,0
54.0,NORTE DE SANTANDER,54720.0,54720.0,SARDINATA,NORTE DE SANTANDER,NORORIENTE,0.28571428571428586,0.5803571428571428,3.0,0.808796219534644,4.449198194970146,0.0,0.021216858975679893,-0.7764705882352945,0.4226611781815951,0.6295337462869423,0.3638847895035189,0.0,0.0,1.0,0.1712691176587604,0.3554776763786768,0.7778617032845376,0.18645662933371643,231,0
41.0,HUILA,41396.0,41396.0,LA PLATA,HUILA,CENTRO SUR,0.03502304147465429,0.07589285714285726,0.0,-0.0024736480631685725,0.31888597266868224,11.811594202898567,-0.9029992073681522,-3.5035294117647067,0.46586943020641003,0.5003789685949891,-0.7802302245954541,-1.0,-0.5539651466003332,0.0,-0.22952377513055386,0.4528180221012174,0.7020035532779975,0.18090275428237892,232,0
19.0,CAUCA,19780.0,19780.0,SUÁREZ,CAUCA,SUR-OCCIDENTE,0.9308755760368665,0.14732142857142874,2.0,0.21431172543433857,3.2907712463522247,2.202898550724639,-0.8351329770097836,-0.05647058823529439,0.8309935282649857,0.22368953230684305,-0.029512527147142094,0.0,0.2232853082162463,1.0,-0.5270310844652912,0.40968186918048083,0.6917363525056864,0.18015105192460332,233,0
70.0,SUCRE,70771.0,70771.0,SUCRE,SUCRE,CARIBE,0.7096774193548387,1.0089285714285714,0.0,-0.1004680457902292,0.046341050302244315,0.0,0.6752868080419954,0.31058823529411744,0.880925368474336,0.3191313506482342,1.4497368000521984,1.0000000000000002,1.838199989484149,1.0,1.5463099683378694,0.0059483395220744015,0.6845486882247981,0.17962481460766933,234,0
5.0,ANTIOQUIA,5854.0,5854.0,VALDIVIA,ANTIOQUIA,OCCIDENTE,0.3364055299539173,0.8258928571428571,2.0,0.7117451216132733,4.837199852789304,0.0,-0.03696481639727918,0.17411764705882354,-0.729465887115974,0.26307424992140666,-0.024024465284936704,0.0,0.2330297065267568,1.0,-0.04974655746660032,0.585360050257546,0.6785427166988524,0.17918509368890032,235,0
19.0,CAUCA,19212.0,19212.0,CORINTO,CAUCA,SUR-OCCIDENTE,0.7516129032258065,-0.3169642857142854,2.0,0.7480775337829114,3.4327427356316322,3.4057971014492785,-0.4320752253878682,-0.41411764705882387,0.8309935282649857,0.2993722257674518,-0.134884516002975,-1.0,0.2232853082162463,1.0,-0.09424002717273468,-0.19783152813203017,0.6773913409215692,0.17910079691652167,236,0
47.0,MAGDALENA,47660.0,47660.0,SABANAS DE SAN ÁNGEL,MAGDALENA,CARIBE,0.976036866359447,1.2767857142857146,0.0,0.6509528053048793,0.3348855254152722,2.7391304347826115,0.7150451052085124,0.3764705882352943,0.5443066205175583,0.46157180926616553,0.6398994216546503,1.0000000000000002,0.541757682353288,1.0,-0.6904349073590641,-0.30359905184908315,0.672721593321036,0.1787589062338144,237,0
18.0,CAQUETÁ,18205.0,18205.0,CURILLO,CAQUETÁ,CENTRO SUR,0.9359447004608296,0.6517857142857142,3.0,1.1999398224198288,2.940914621104024,0.0,0.6636101238561289,0.06117647058823517,0.7188379292561181,-0.31044759488404605,0.7407787738108751,0.0,-0.5160751802858682,0.0,-0.04276880712062003,-0.03594878351200276,0.6706376657220108,0.17860633365591708,238,0
47.0,MAGDALENA,47798.0,47798.0,TENERIFE,MAGDALENA,CARIBE,0.8064516129032259,0.6919642857142857,0.0,0.5522447843368038,0.17670352547818155,4.5217391304347885,0.5630643152137946,0.2494117647058823,0.5443066205175583,0.005119425177203905,0.9610875699917347,0.0,0.541757682353288,1.0,-0.33252417482099045,-0.12060895155012578,0.6637861407812212,0.17810470642892848,239,0
5.0,ANTIOQUIA,5107.0,5107.0,BRICEÑO,ANTIOQUIA,OCCIDENTE,0.5069124423963134,0.6517857142857142,3.0,-0.06403679652745654,4.3406775545331,0.0,-0.015313790862347562,0.2847058823529411,-0.729465887115974,-0.15491372623901586,0.18251272169347496,0.0,0.2330297065267568,1.0,-0.2031305521552231,0.6703065798943693,0.6617681399063785,0.17795696060713606,240,0
41.0,HUILA,41206.0,41206.0,COLOMBIA,HUILA,CENTRO SUR,0.4147465437788019,0.9330357142857144,1.0,-0.3716199289030273,1.786088229946822,0.47826086956521763,0.44557204293588876,0.24235294117647072,0.46586943020641003,1.104373946903232,1.132760146521481,1.0000000000000002,-0.5539651466003332,0.0,0.5572279817958874,-0.09263087193543476,0.6592773669989237,0.1777746012758306,241,0
15.0,BOYACÁ,15550.0,15550.0,PISBA,BOYACÁ,NORORIENTE,0.6497695852534563,0.7633928571428571,1.0,-0.5074608945016317,1.3773561971191488,0.0,0.4354805761554356,0.4870588235294118,-0.0,1.1705814604586382,1.4471569164311804,1.0000000000000002,-0.45824231764671197,0.0,0.774644041742767,0.3272382047137129,0.6512885201870505,0.1771897062184954,242,0
18.0,CAQUETÁ,18785.0,18785.0,SOLITA,CAQUETÁ,CENTRO SUR,0.2995391705069124,0.7723214285714287,2.0,1.7704671130797163,2.388170891138524,1.0,0.5036962769329089,0.025882352941176388,0.7188379292561181,0.11990655516046497,0.9403691303709864,0.0,-0.5160751802858682,0.0,-0.21825395498842523,0.1326261573525333,0.6483420324654632,0.17697398220407393,243,0
19.0,CAUCA,19517.0,19517.0,PÁEZ,CAUCA,SUR-OCCIDENTE,1.350230414746544,0.6919642857142857,0.0,0.6398764581330116,1.3638110081449548,1.8550724637681177,0.026807671974842278,-0.08941176470588237,0.8309935282649857,0.694106698123874,0.471303363998467,1.0000000000000002,0.2232853082162463,1.0,0.616172457218551,-1.4475829552643595,0.6441341239116148,0.17666590458375875,244,0
5.0,ANTIOQUIA,5736.0,5736.0,SEGOVIA,ANTIOQUIA,OCCIDENTE,0.4101382488479262,0.08928571428571426,2.0,0.18797856957259382,2.4446237619685967,2.4202898550724665,0.588045031272156,-2.465882352941177,-0.729465887115974,1.1011312823445822,0.1341105786649578,-1.0,0.2330297065267568,1.0,0.46541142807665015,1.0125175350995446,0.6360340892488381,0.1760728690243009,245,0
18.0,CAQUETÁ,18860.0,18860.0,VALPARAÍSO,CAQUETÁ,CENTRO SUR,0.2580645161290323,0.41071428571428586,2.0,0.6148999495930859,2.0428168293794093,0.42028985507246275,0.5470036068764838,0.2729411764705883,0.7188379292561181,0.39400228948662486,1.1556620890341942,1.0000000000000002,-0.5160751802858682,0.0,-0.4140207676118632,0.48984500664144504,0.6281723619415893,0.17549728088843963,246,0
18.0,CAQUETÁ,18256.0,18256.0,EL PAUJÍL,CAQUETÁ,CENTRO SUR,0.32626728110599074,0.2098214285714287,3.0,0.7915381041352049,2.806410648410051,0.0,0.6678853405856227,-0.3200000000000003,0.7188379292561181,0.8223331639450789,0.5648785516163284,0.0,-0.5160751802858682,0.0,-0.05467119187744678,-0.02270433873374699,0.6188186424476635,0.17481245810631216,247,0
70.0,SUCRE,70670.0,70670.0,SAMPUÉS,SUCRE,CARIBE,0.640552995391705,0.7187499999999999,0.0,0.2656722907221521,-0.11913825979034769,8.521739130434794,-0.5576953883055997,-0.5741176470588237,0.880925368474336,-0.9069139305289375,-0.7760694894926271,-1.0,1.838199989484149,1.0,-0.18154034733470878,-0.8498280900025597,0.6159576422907809,0.17460299297445994,248,0
41.0,HUILA,41483.0,41483.0,NÁTAGA,HUILA,CENTRO SUR,0.21658986175115222,0.2723214285714286,0.0,-0.05540527522729945,0.33245144982683983,9.594202898550737,-1.0785659306786162,0.22352941176470592,0.46586943020641003,-0.18367709993896228,0.05632286362992537,-1.0,-0.5539651466003332,0.0,-0.6908494761296198,0.035703308745376826,0.6132612878244742,0.17440558220450716,249,0
5.0,ANTIOQUIA,5490.0,5490.0,NECOCLÍ,URABÁ,OCCIDENTE,0.7327188940092166,0.9776785714285717,2.0,0.8902700219024375,0.5651024735380422,3.1014492753623237,-0.07478649706741139,-2.0635294117647063,-0.729465887115974,0.2895111939430083,0.2490452996261375,0.0,0.2330297065267568,1.0,0.13330780160984515,0.4501739304436475,0.6122625263009622,0.1743324589249757,250,0
13.0,BOLÍVAR,13688.0,13688.0,SANTA ROSA DEL SUR,MAGDALENA MEDIO,NORORIENTE,0.24009216589861757,0.12500000000000017,3.0,1.4407021899079062,1.9877888826632917,0.0,0.4295833790909583,-2.362352941176471,0.3154918253869455,1.0290587609052406,0.14547004122229387,0.0,0.8204296097067337,0.0,0.49244055858351105,0.7027594349026842,0.6050039449417531,0.17380102948838203,251,0
13.0,BOLÍVAR,13744.0,13744.0,SIMITÍ,MAGDALENA MEDIO,NORORIENTE,-0.013824884792626597,0.6249999999999999,2.0,0.6995919406477864,1.7892208644668541,0.6811594202898569,0.4423046116944002,0.018823529411764794,0.3154918253869455,0.25139959648944155,0.8937150434112138,0.0,0.8204296097067337,0.0,0.15368782345368792,0.45960705791239165,0.5992660241513366,0.1733809336236437,252,0
41.0,HUILA,41378.0,41378.0,LA ARGENTINA,HUILA,CENTRO SUR,-0.004608294930875642,0.14285714285714296,0.0,0.3878281321605631,0.41541895258617795,5.666666666666673,-0.1291047950997892,-0.049411764705882384,0.46586943020641003,0.5324331760818416,-0.038743935208520965,0.0,-0.5539651466003332,0.0,0.966537637924158,0.23699453703024614,0.5967625603418324,0.1731976451412284,253,0
70.0,SUCRE,70678.0,70678.0,SAN BENITO ABAD,SUCRE,CARIBE,0.47741935483870973,0.9910714285714287,0.0,0.060423166172493395,0.15428182576294433,0.0,0.6606140370187562,0.2399999999999999,0.880925368474336,0.5659686987174707,0.9051812329308034,1.0000000000000002,1.838199989484149,1.0,1.0122751435253092,-0.23356679761041305,0.596199328032293,0.17315640867722565,254,0
70.0,SUCRE,70230.0,70230.0,CHALÁN,SUCRE,CARIBE,0.71889400921659,1.4776785714285716,2.0,0.23957014901652834,0.9161575638400121,0.0,-0.29397467020675794,0.44941176470588223,0.880925368474336,0.1003604279616297,0.8560258835764094,-1.0,1.838199989484149,1.0,0.5137097963047772,-0.4753667159286316,0.5961097381130018,0.17314984944505932,255,0
19.0,CAUCA,19450.0,19450.0,MERCADERES,CAUCA,SUR-OCCIDENTE,1.3110599078341012,0.25892857142857156,2.0,-0.10963081244252325,1.6320582586718093,2.7391304347826115,0.39106064510422983,0.051764705882352775,0.8309935282649857,-0.5720688779301877,0.5699015975845798,1.0000000000000002,0.2232853082162463,1.0,-0.6759654449749534,-1.8350757073300026,0.5923125453370163,0.17287184195052052,256,0
19.0,CAUCA,19075.0,19075.0,BALBOA,CAUCA,SUR-OCCIDENTE,0.9447004608294931,0.28125000000000017,2.0,0.36965809353111106,2.854709530403081,1.695652173913045,-0.8101959619288248,0.009411764705882397,0.8309935282649857,-0.07710898394939479,0.548901398278573,0.0,0.2232853082162463,1.0,-0.2764947228761968,-1.022899345328833,0.5875670634160609,0.17252440645881537,257,0
41.0,HUILA,41357.0,41357.0,ÍQUIRA,HUILA,CENTRO SUR,0.0737327188940093,0.392857142857143,0.0,-0.23362882887146671,1.2457125317825455,4.101449275362324,-0.31062624045186615,0.17647058823529393,0.46586943020641003,0.9322426651590989,0.3054261816565956,1.0000000000000002,-0.5539651466003332,0.0,-0.12546927372118466,-0.02853599304794269,0.5811752077794087,0.17205643343878926,258,0
13.0,BOLÍVAR,13810.0,13810.0,TIQUISIO,BOLÍVAR,CARIBE,0.4930875576036868,1.4375,1.0,0.6807837221628951,1.431203208083906,0.0,-0.03589840843420605,0.056470588235293974,0.3154918253869455,0.6637177561047337,0.7290427376957221,0.0,0.8204296097067337,0.0,0.2158475257024398,0.23783825872267533,0.577942785683089,0.17181977503841178,259,0
52.0,NARIÑO,52215.0,52215.0,CÓRDOBA,NARIÑO,SUR-OCCIDENTE,1.4608294930875576,0.04464285714285714,0.0,0.1448916723221075,0.3208065352809881,1.6521739130434805,0.40584074876238313,-0.09176470588235318,0.9059388934666076,0.8936274531336617,0.5282092354613347,0.0,0.9204622727109818,0.0,1.0730538915389223,-0.24458880674881736,0.576392312597146,0.17170625877431828,260,0
13.0,BOLÍVAR,13549.0,13549.0,PINILLOS,BOLÍVAR,CARIBE,1.2027649769585254,1.1919642857142858,0.0,0.7335706781209332,-0.22798795435970642,0.0,0.24676743771458215,0.42117647058823543,0.3154918253869455,0.2026056651165946,1.0528539487118085,1.0000000000000002,0.8204296097067337,0.0,1.4870341203987751,-0.13102345097247284,0.5762400212522889,0.1716951089229092,261,0
19.0,CAUCA,19821.0,19821.0,TORIBÍO,CAUCA,SUR-OCCIDENTE,1.1267281105990783,0.19196428571428586,2.0,-0.13173112959231137,2.963151075485337,0.0,-0.5638826830707822,0.11764705882352915,0.8309935282649857,0.39609911121979263,-0.18885194216800866,0.0,0.2232853082162463,1.0,0.21085198378807754,-0.027083365355925707,0.5636678491869326,0.170774650504547,262,0
52.0,NARIÑO,52110.0,52110.0,BUESACO,NARIÑO,SUR-OCCIDENTE,0.6036866359447005,-0.07142857142857117,0.0,-0.17279195116872345,-0.08070705552597415,4.594202898550729,-0.042733816445219466,-0.41882352941176504,0.9059388934666076,0.3078755098029158,0.0822896814226106,1.0000000000000002,0.9204622727109818,0.0,0.045080222235227854,0.08234927344632571,0.562729923610472,0.17070598126520137,263,0
5.0,ANTIOQUIA,5495.0,5495.0,NECHÍ,ANTIOQUIA,OCCIDENTE,0.24884792626728106,0.924107142857143,2.0,0.9474672156969046,1.9943240167971468,0.0,0.22877121769392328,-0.07294117647058837,-0.729465887115974,0.5812323886604391,0.5369181727903555,0.0,0.2330297065267568,1.0,0.8402821666639908,-0.32458347176609137,0.5568578453313068,0.17027606320034813,264,0
50.0,META,50577.0,50577.0,PUERTO LLERAS,META,ORINOQUÍA,-0.21658986175115189,0.1205357142857144,2.0,0.25028756257964363,2.122239029704748,0.0,0.6248118086263039,0.002352941176470391,-0.0637804626737325,0.6278631620245151,1.1317725259143296,1.0000000000000002,-0.48827908621675425,1.0,0.09697453314165394,0.4947010560558866,0.556846862477803,0.1702752591022247,265,0
44.0,LA GUAJIRA,44279.0,44279.0,FONSECA,LA GUAJIRA,CARIBE,-0.10138248847926248,-0.21428571428571416,2.0,1.5176796822571328,0.46338224962007946,3.9275362318840625,0.4754506659230681,-1.1905882352941182,0.8156293661493513,0.010538014327910801,-0.6812415992278595,-1.0,2.0475973594765238,1.0,-0.061626530555648824,0.7776881936242567,0.5540961594530897,0.17007386925945533,266,0
85.0,CASANARE,85136.0,85136.0,LA SALINA,CASANARE,ORINOQUÍA,0.04147465437788012,0.32589285714285726,1.0,0.7193308030496672,1.2528778325726282,0.07246376811594313,0.7045532029390529,0.4729411764705882,-0.53413056979359,0.9006148321243977,0.8560789099719999,1.0000000000000002,0.7156100787598901,0.0,0.9700737847661586,0.007531610028760746,0.5448391298461011,0.16939612552619376,267,0
13.0,BOLÍVAR,13490.0,13490.0,NOROSÍ,MAGDALENA MEDIO,NORORIENTE,0.04147465437788012,1.1339285714285716,0.0,1.0227373686143104,2.224409070765286,0.0,-0.004880892924162715,0.36235294117647066,0.3154918253869455,0.09929834320033155,0.9420236160983355,1.0000000000000002,0.8204296097067337,0.0,-0.16107703507006976,0.347143582474593,0.5313005710701252,0.16840491411633898,268,0
19.0,CAUCA,19698.0,19698.0,SANTANDER DE QUILICHAO,CAUCA,SUR-OCCIDENTE,-0.45760368663594475,-0.7589285714285711,2.0,0.18462397051855758,1.6488299522291903,9.260869565217401,-1.2313010212563886,-5.767058823529413,0.8309935282649857,-0.6429863226819598,-1.0617099959873777,-1.0,0.2232853082162463,1.0,-0.26361173348741523,0.7419586066454373,0.5218165049947937,0.16771054814568878,269,0
73.0,TOLIMA,73067.0,73067.0,ATACO,TOLIMA,CENTRO SUR,0.6820276497695855,1.0357142857142858,2.0,0.23543092269963584,1.5008690062002497,0.4057971014492745,-0.1297425321211656,-0.16000000000000034,0.1794567355112193,0.296928019494961,0.38308408460917753,1.0000000000000002,0.05660264741218082,0.0,-0.7601482597740178,0.17357265085456483,0.5210615147174847,0.16765527232279054,270,0
50.0,META,50683.0,50683.0,SAN JUAN DE ARAMA,META,ORINOQUÍA,0.6764976958525346,-0.12946428571428564,1.0,0.06084469013072983,2.8782327773025362,0.0,0.5975996936074972,0.018823529411764794,-0.0637804626737325,0.4006311012203556,0.6591260377827386,1.0000000000000002,-0.48827908621675425,1.0,0.015642684942283127,0.17664766844994448,0.5186112993107435,0.16747588236644795,271,0
44.0,LA GUAJIRA,44098.0,44098.0,DISTRACCIÓN,LA GUAJIRA,CARIBE,0.14285714285714293,-0.026785714285714034,0.0,1.6919556533996643,-0.10680440117830596,4.7971014492753685,0.4526274618165826,0.2752941176470587,0.8156293661493513,-0.4503332693343478,0.155596212824477,-1.0,2.0475973594765238,1.0,-0.38291968190310094,0.3170963118986397,0.5027874220311039,0.16631735375441034,272,0
47.0,MAGDALENA,47605.0,47605.0,REMOLINO,MAGDALENA,CARIBE,0.5852534562211983,0.4375000000000001,0.0,1.165420162158316,0.518521469950055,0.0,-0.7962675446879253,0.4235294117647058,0.5443066205175583,0.7447279502760416,1.4400441538229263,0.0,0.541757682353288,1.0,1.5463099683378694,-0.19723501352858383,0.4980193045378177,0.16596826102296983,273,0
13.0,BOLÍVAR,13600.0,13600.0,RÍO VIEJO,MAGDALENA MEDIO,NORORIENTE,0.3004608294930877,0.7366071428571428,1.0,0.33523057174764065,0.3708925082004148,0.057971014492752944,0.3348489789065755,0.37411764705882344,0.3154918253869455,0.5944759974070898,1.2632464216409163,0.0,0.8204296097067337,0.0,0.7269621827118748,0.14807255334118055,0.496704113746174,0.16587197070578136,274,0
13.0,BOLÍVAR,13655.0,13655.0,SAN JACINTO DEL CAUCA,BOLÍVAR,CARIBE,0.7373271889400922,1.1562500000000002,0.0,0.749220117008049,0.7678576749891792,0.0,-0.22662834485344854,0.42823529411764705,0.3154918253869455,-0.17379199152036218,1.1356344921708657,1.0000000000000002,0.8204296097067337,0.0,0.776329248492992,-0.3312849892482744,0.491127721075641,0.16546370095326743,275,0
23.0,CÓRDOBA,23466.0,23466.0,MONTELÍBANO,CÓRDOBA,CARIBE,0.10599078341013846,0.01339285714285733,3.0,0.8563253432729413,1.687437549926334,0.6376811594202902,0.36019295687219827,-1.6800000000000006,0.8291999008918115,0.9410216323723781,-0.5030073361375699,-1.0,1.6918922599612225,0.0,-0.10630428443758744,0.2854895426358866,0.4830176757591106,0.16486993247427326,276,0
13.0,BOLÍVAR,13030.0,13030.0,ALTOS DEL ROSARIO,BOLÍVAR,CARIBE,1.0691244239631335,1.3348214285714286,0.0,0.911881238196205,0.2097851635825153,0.17391304347825884,0.3353158374041611,0.4705882352941178,0.3154918253869455,0.32455729948503526,0.34778020719177,0.0,0.8204296097067337,0.0,0.7305262028885909,0.025710632165929743,0.48139253351777833,0.16475094938612478,277,0
13.0,BOLÍVAR,13006.0,13006.0,ACHÍ,BOLÍVAR,CARIBE,0.34562211981566826,0.9642857142857144,0.0,-0.2913458434368277,0.5733868589870114,0.0,-0.14392883931470038,0.2635294117647059,0.3154918253869455,0.28213618820701364,1.149141381527508,1.0000000000000002,0.8204296097067337,0.0,1.2104716916858882,-0.07827623169797977,0.4788024175383846,0.16456131675579058,278,0
50.0,META,50686.0,50686.0,SAN JUANITO,META,ORINOQUÍA,0.08294930875576056,0.10714285714285737,1.0,0.8719431340426574,-0.22276770805352333,0.0,0.6520169051311266,0.4305882352941178,-0.0637804626737325,0.9849563382099605,1.4606319951332056,1.0000000000000002,-0.48827908621675425,1.0,1.1922344324482907,0.00538641551715246,0.4786552467722438,0.1645505418021925,279,0
73.0,TOLIMA,73622.0,73622.0,RONCESVALLES,TOLIMA,CENTRO SUR,-0.3548387096774192,0.053571428571428686,1.0,-0.11893056713063915,1.7298597357688743,0.0,0.5993308862883759,0.30823529411764705,0.1794567355112193,0.9221805267561765,0.9402538560945823,1.0000000000000002,0.05660264741218082,0.0,0.5653970347009365,0.19714718721512514,0.47712000873953014,0.1644381409565745,280,0
13.0,BOLÍVAR,13074.0,13074.0,BARRANCO DE LOBA,BOLÍVAR,CARIBE,1.0921658986175113,1.254464285714286,0.0,0.5856717673234126,0.9460497730520933,0.10144927536231961,0.4341025168646131,0.31058823529411744,0.3154918253869455,0.17319541883315231,-0.3253743035499151,0.0,0.8204296097067337,0.0,0.6198899690695444,0.48705403028600985,0.47480937421329655,0.16426897026829773,281,0
18.0,CAQUETÁ,18247.0,18247.0,EL DONCELLO,CAQUETÁ,CENTRO SUR,-0.12580645161290308,0.15624999999999997,3.0,1.6152685122030337,1.9332927074849982,0.0,0.6067097535545752,-0.6329411764705886,0.7188379292561181,0.3673532655849721,0.697244375120527,0.0,-0.5160751802858682,0.0,0.33501318827773724,-0.7081331584847778,0.474514049823018,0.1642473484021821,282,0
70.0,SUCRE,70124.0,70124.0,CAIMITO,SUCRE,CARIBE,0.9631336405529953,0.799107142857143,0.0,1.0572523719997218,-0.4454485420606137,0.0,0.6330071979047351,0.39999999999999986,0.880925368474336,-0.42582997767431324,0.6628759376954231,1.0000000000000002,1.838199989484149,1.0,0.5623196678816835,-0.2901802989692004,0.4704546746021004,0.16395014549436632,283,0
47.0,MAGDALENA,47745.0,47745.0,SITIONUEVO,MAGDALENA,CARIBE,0.8709677419354839,1.3348214285714286,0.0,-0.2834431344737724,0.13249968134920626,0.0,-1.4372373093889477,0.12705882352941153,0.5443066205175583,0.7850400302997378,0.20108995477950967,0.0,0.541757682353288,1.0,1.540160319699616,0.5767677272163709,0.4704142203571612,0.1639471836791669,284,0
13.0,BOLÍVAR,13268.0,13268.0,EL PEÑÓN,BOLÍVAR,CARIBE,0.6175115207373271,1.2008928571428572,0.0,0.7409758564374428,-0.11448778950236824,0.0,0.49727287226204353,0.4611764705882354,0.3154918253869455,0.35164767539339714,0.769829571600639,0.0,0.8204296097067337,0.0,1.323100868937085,0.013207055469726487,0.46812663568795176,0.1637797005620457,285,0
19.0,CAUCA,19397.0,19397.0,LA VEGA,CAUCA,SUR-OCCIDENTE,0.852995391705069,0.7098214285714287,0.0,-0.021341950821364385,0.535907874480343,4.1884057971014546,-1.1578830088205225,0.32470588235294107,0.8309935282649857,0.13564400941667643,0.23093694949810112,0.0,0.2232853082162463,1.0,-0.3844306803113547,-1.1427255648111996,0.46619750694184925,0.16363846142013577,286,0
15.0,BOYACÁ,15533.0,15533.0,PAYA,BOYACÁ,NORORIENTE,0.8064516129032259,1.2232142857142858,1.0,-0.9044994262970435,0.22123586891703334,0.0,0.5419775617616003,0.4611764705882354,-0.0,0.659824075601392,0.640334554145928,1.0000000000000002,-0.45824231764671197,0.0,-0.09585187808598877,0.3825885507660277,0.45695245852711036,0.16296159487732395,287,0
70.0,SUCRE,70713.0,70713.0,SAN ONOFRE,SUCRE,CARIBE,0.8433179723502306,1.2589285714285716,2.0,0.9485566637607479,0.6578233380798869,0.0,-0.03189839654890264,-0.48470588235294143,0.880925368474336,0.05437089828021871,0.19978464149206585,-1.0,1.838199989484149,1.0,-0.27644599162378036,-0.6979928820944422,0.4466915772445233,0.16221035519437382,288,0
18.0,CAQUETÁ,18479.0,18479.0,MORELIA,CAQUETÁ,CENTRO SUR,0.35483870967741954,0.07142857142857148,2.0,0.4233053585700594,1.138634812829674,0.014492753623188236,0.355010852706766,0.31999999999999984,0.7188379292561181,0.19987424996230516,0.8622429937710308,1.0000000000000002,-0.5160751802858682,0.0,-0.2678486686974966,0.1378039224312739,0.44273513180306184,0.1619206881826234,289,0
5.0,ANTIOQUIA,5604.0,5604.0,REMEDIOS,ANTIOQUIA,OCCIDENTE,-0.5645161290322581,0.05803571428571447,2.0,0.4883147112874933,2.34585660887303,0.18840579710145097,0.7433719034304944,-1.5811764705882358,-0.729465887115974,0.9240944787809952,0.3832662306239409,0.0,0.2330297065267568,1.0,0.022297914438938422,0.9496523640517911,0.44169341001573,0.16184441961234325,290,0
23.0,CÓRDOBA,23090.0,23090.0,CANALETE,CÓRDOBA,CARIBE,1.004608294930876,1.2232142857142858,0.0,0.06440923942452254,0.21788398938008838,0.0,-0.12516105417367102,0.31058823529411744,0.8291999008918115,-0.0023422488905060408,0.7695897152851845,1.0000000000000002,1.6918922599612225,0.0,-0.6320992900915898,0.037637912149059066,0.44000618900211824,0.1617208914918607,291,0
70.0,SUCRE,70429.0,70429.0,MAJAGUAL,SUCRE,CARIBE,0.3373271889400922,1.0535714285714288,0.0,0.6571771335153903,0.030004260088174056,0.0,-0.06726020373534997,-0.2541176470588235,0.880925368474336,-0.07293290632334065,0.16412311257532392,0.0,1.838199989484149,1.0,1.4672922660865748,0.21368111367139422,0.4392844069577465,0.1616680469749776,292,0
44.0,LA GUAJIRA,44110.0,44110.0,EL MOLINO,LA GUAJIRA,CARIBE,1.211520737327189,-0.16964285714285698,1.0,1.0815083009319884,0.3353263559127014,0.0,0.30400374804600633,0.38352941176470584,0.8156293661493513,0.8003674294494654,-0.3299104258567519,0.0,2.0475973594765238,1.0,0.5387537050465379,-0.8750089591897202,0.4326632597114476,0.16118328660975276,293,0
5.0,ANTIOQUIA,5055.0,5055.0,ARGELIA,ANTIOQUIA,OCCIDENTE,0.1520737327188942,0.3526785714285716,1.0,-0.37859836891015947,2.664103718863699,0.0,-0.29156275207248494,0.23764705882352952,-0.729465887115974,0.9598644633381836,0.5929756385430105,0.0,0.2330297065267568,1.0,0.5169842539671359,-0.42838766001477124,0.4272265053069432,0.1607852403267255,294,0
23.0,CÓRDOBA,23068.0,23068.0,AYAPEL,CÓRDOBA,CARIBE,-0.07972350230414732,0.9642857142857144,0.0,0.9035095279508183,0.49159071349289873,0.014492753623188236,0.1836953264956744,-0.43294117647058866,0.8291999008918115,0.6503159689550244,0.6122034840548657,-1.0,1.6918922599612225,0.0,1.4252634206693113,0.11428945616413111,0.4220002140244785,0.1604026028808848,295,0
13.0,BOLÍVAR,13442.0,13442.0,MARÍA LA BAJA,BOLÍVAR,CARIBE,1.1755760368663595,1.0000000000000002,2.0,1.022114789207705,0.2835998225414303,0.0,0.17117915137193904,-0.23294117647058832,0.3154918253869455,-0.07954329682991278,0.08466203539984606,-1.0,0.8204296097067337,0.0,0.6386830000013655,-0.11597014287531748,0.42131624219013586,0.16035252659895274,296,0
20.0,CESAR,20621.0,20621.0,LA PAZ,CESAR,CARIBE,0.5142857142857145,0.040178571428571674,2.0,0.8244274080140732,0.5025326468411394,0.47826086956521763,0.34163688247277946,-0.578823529411765,0.4526924614470711,0.6652633759774608,0.12088436371649645,0.0,0.41106341893158643,1.0,-0.04255278877657577,0.17214900093952884,0.4209879950113582,0.16032849432533774,297,0
50.0,META,50400.0,50400.0,LEJANÍAS,META,ORINOQUÍA,-0.0783410138248846,-0.04017857142857136,1.0,0.16773171348235022,1.4207570356057326,0.2608695652173902,0.5749159645512086,-0.20235294117647074,-0.0637804626737325,1.1690445951878206,0.3477584537510749,0.0,-0.48827908621675425,1.0,0.8430436984675834,0.29462985482106313,0.41004170253107836,0.15952707297897442,298,0
20.0,CESAR,20517.0,20517.0,PAILITAS,CESAR,CARIBE,0.7861751152073733,0.236607142857143,1.0,1.1591232542061642,1.4522920714554932,0.0,0.3710011572251817,-0.2729411764705883,0.4526924614470711,0.7743026697233875,-0.4527009143715392,0.0,0.41106341893158643,1.0,-0.1564849031757099,0.033818736240138876,0.40462739646882145,0.15913067022782795,299,0
41.0,HUILA,41660.0,41660.0,SALADOBLANCO,HUILA,CENTRO SUR,0.36497695852534573,0.7589285714285714,0.0,0.2979935171829411,0.18661815154196307,0.0,0.32626956478311947,0.002352941176470391,0.46586943020641003,0.7405023203550853,-0.013192010328468116,1.0000000000000002,-0.5539651466003332,0.0,0.9736263166089717,0.8916630942515729,0.4040587418864341,0.1590890367777942,300,0
41.0,HUILA,41020.0,41020.0,ALGECIRAS,HUILA,CENTRO SUR,0.1889400921658987,0.19642857142857165,2.0,0.1484208861893312,2.9409904849808997,0.014492753623188236,-0.47225884306201177,-0.7717647058823534,0.46586943020641003,0.3195240898053145,-0.28257090343175745,0.0,-0.5539651466003332,0.0,0.32677313370250105,0.39101608732624205,0.40235642177547337,0.15896440319270363,301,0
41.0,HUILA,41078.0,41078.0,BARAYA,HUILA,CENTRO SUR,0.9078341013824887,0.38392857142857145,1.0,-0.3998243595762134,2.3972864018435462,0.0,0.29268433101973884,0.12705882352941153,0.46586943020641003,0.5866182335259073,0.321823059015799,0.0,-0.5539651466003332,0.0,-0.09795245402347585,-0.5432270820867376,0.40202131274580744,0.1589398685358582,302,0
19.0,CAUCA,19137.0,19137.0,CALDONO,CAUCA,SUR-OCCIDENTE,0.9953917050691246,0.6785714285714286,2.0,-0.449202712451068,1.725710052176805,2.3043478260869588,-2.1276246347511614,-0.06352941176470597,0.8309935282649857,0.08715652171611177,0.06693502039786363,-1.0,0.2232853082162463,1.0,-0.8128172681146895,-0.7140626964846487,0.40188560920067523,0.15892993314284343,303,0
54.0,NORTE DE SANTANDER,54223.0,54223.0,CUCUTILLA,NORTE DE SANTANDER,NORORIENTE,1.0460829493087556,1.3526785714285712,0.0,-0.2886453465323851,-0.06291679026280515,0.0,0.051685870130542315,0.39294117647058824,0.4226611781815951,0.627649683687809,-0.34983296328907276,1.0000000000000002,0.0,1.0,0.816964615507829,-0.5836610701497238,0.4004121874643385,0.158822058112661,304,0
52.0,NARIÑO,52224.0,52224.0,CUASPUD CARLOSAMA,NARIÑO,SUR-OCCIDENTE,1.2304147465437787,0.47321428571428575,0.0,0.3990935859703447,-0.4432468985418491,6.797101449275371,-2.0234346822242055,0.37411764705882344,0.9059388934666076,-0.9820857175693747,0.03839832405426591,-1.0,0.9204622727109818,0.0,-0.8813210531675856,-0.7017721544408544,0.3989461819848818,0.15871472605596337,305,0
23.0,CÓRDOBA,23168.0,23168.0,CHIMÁ,CÓRDOBA,CARIBE,1.1797235023041475,0.7589285714285714,0.0,-0.30782755017359703,0.010633463751633234,1.0724637681159432,0.5723916426727652,0.40941176470588225,0.8291999008918115,0.11295900837005939,0.1473305027104893,0.0,1.6918922599612225,0.0,0.5937387544395464,-1.354985438302925,0.39696190546504045,0.15856944932752284,306,0
23.0,CÓRDOBA,23855.0,23855.0,VALENCIA,CÓRDOBA,CARIBE,1.3898617511520739,0.549107142857143,2.0,-0.03980184567927733,0.5380405211193853,0.014492753623188236,-0.09898741715795335,-0.018823529411764794,0.8291999008918115,0.17113127097676478,-0.13464390745606256,0.0,1.6918922599612225,0.0,-0.597641821716407,-0.5729219157571572,0.39624399972310204,0.15851688861006508,307,0
47.0,MAGDALENA,47960.0,47960.0,ZAPAYÁN,MAGDALENA,CARIBE,1.7834101382488476,1.3214285714285716,0.0,-0.192386628483204,-0.1546551888049417,0.0,0.4636181411334836,0.444705882352941,0.5443066205175583,0.27660652456661866,0.3881598969542889,0.0,0.541757682353288,1.0,-0.35370018753763444,-0.4671880523897879,0.39515806286681415,0.1584373828797916,308,0
70.0,SUCRE,70265.0,70265.0,GUARANDA,SUCRE,CARIBE,0.4811059907834104,1.1294642857142856,0.0,0.5104554140907708,0.19696076742311072,0.0,-1.155199380604307,0.07058823529411756,0.880925368474336,0.0585847603978481,0.5959920007847701,-1.0,1.838199989484149,1.0,1.5463099683378694,-0.05372687114779358,0.39392712862965934,0.15834726131804797,309,0
85.0,CASANARE,85139.0,85139.0,MANÍ,CASANARE,ORINOQUÍA,-0.34562211981566826,-0.4687499999999998,1.0,0.6967369966031696,0.526196965438078,0.0,0.840746094305069,-1.2023529411764708,-0.53413056979359,0.783108595913752,0.7380344576552984,1.0000000000000002,0.7156100787598901,0.0,1.5463099683378694,0.5976116546601205,0.3904006341850116,0.15808907271849576,310,0
50.0,META,50251.0,50251.0,EL CASTILLO,META,ORINOQUÍA,0.22580645161290316,0.06250000000000025,1.0,0.46366766731104536,1.860865232954001,0.0,0.028278428737012248,0.15058823529411752,-0.0637804626737325,0.7240109565093926,0.6160652050319225,0.0,-0.48827908621675425,1.0,0.45981708029926355,-0.03685726386238565,0.38757151915122917,0.1578819420225569,311,0
44.0,LA GUAJIRA,44420.0,44420.0,LA JAGUA DEL PILAR,LA GUAJIRA,CARIBE,0.26728110599078364,0.09821428571428582,1.0,0.7809130836698144,0.31460819712242394,0.0,0.5019892035843195,0.4800000000000002,0.8156293661493513,0.10848290862269279,-0.22143757680284326,0.0,2.0475973594765238,1.0,0.020781548530418446,0.6303230109009079,0.38405408398782714,0.15762441668879867,312,0
5.0,ANTIOQUIA,5134.0,5134.0,CAMPAMENTO,ANTIOQUIA,OCCIDENTE,0.589861751152074,0.8258928571428571,1.0,-0.4954935935444452,2.892839500314347,0.0,-0.3471917968858549,0.3482352941176471,-0.729465887115974,-0.06043352713386886,0.38972051393922746,0.0,0.2330297065267568,1.0,-0.5120346653883855,0.02876220101580169,0.383478654825442,0.1575822872449814,313,0
5.0,ANTIOQUIA,5031.0,5031.0,AMALFI,ANTIOQUIA,OCCIDENTE,-0.20875576036866364,0.11160714285714285,2.0,0.15218825517456921,2.3104917760389654,0.0,0.24379142863349815,-0.974117647058824,-0.729465887115974,0.6565885296154772,0.09269213219344619,0.0,0.2330297065267568,1.0,0.2972708097396776,0.3063255659798203,0.38276719090156813,0.1575301981584905,314,0
54.0,NORTE DE SANTANDER,54871.0,54871.0,VILLA CARO,NORTE DE SANTANDER,NORORIENTE,0.9216589861751152,1.0714285714285714,0.0,-0.22224211820352133,0.19876282325128813,0.0,0.25907247491972135,0.484705882352941,0.4226611781815951,0.5199046105699539,0.7071179629723197,0.0,0.0,1.0,0.16167042634949214,-0.12271483505514065,0.3794590021660211,0.1572879925829276,315,0
19.0,CAUCA,19130.0,19130.0,CAJIBÍO,CAUCA,SUR-OCCIDENTE,1.350230414746544,0.7187499999999999,2.0,-0.3021020355679917,1.4220031544036171,1.5797101449275373,-1.7346727943386842,0.018823529411764794,0.8309935282649857,-0.707284422474278,-0.29316020429746587,0.0,0.2232853082162463,1.0,-0.7982323220790193,-0.48177894943044985,0.37529903799379805,0.1569834251603293,316,0
19.0,CAUCA,19693.0,19693.0,SAN SEBASTIÁN,CAUCA,SUR-OCCIDENTE,1.4331797235023043,0.25000000000000006,0.0,-0.6383675377558896,0.1193427398705754,0.7681159420289863,-0.38741275255742996,0.47529411764705903,0.8309935282649857,0.2714069662093181,0.5260217244939179,1.0000000000000002,0.2232853082162463,1.0,0.35297887083520235,-0.9930108034680378,0.373899650111274,0.15688097044126187,317,0
13.0,BOLÍVAR,13440.0,13440.0,MARGARITA,BOLÍVAR,CARIBE,0.7096774193548387,1.107142857142857,0.0,0.19729795172886136,-0.5234005915302272,0.0,0.16984751667713546,0.4611764705882354,0.3154918253869455,-0.2044518980796069,0.5087253947443743,1.0000000000000002,0.8204296097067337,0.0,0.986041627224564,-0.1393064979104333,0.3708409661919659,0.15665703209966103,318,0
13.0,BOLÍVAR,13300.0,13300.0,HATILLO DE LOBA,BOLÍVAR,CARIBE,0.9262672811059909,1.4732142857142856,0.0,0.7741179076727447,-0.24345958877845553,0.0,0.3344699519810557,0.3505882352941175,0.3154918253869455,-0.5259790413268052,-0.04181875703153201,0.0,0.8204296097067337,0.0,1.0448266784726563,0.3032749273904808,0.3701397863395529,0.15660569595069773,319,0
85.0,CASANARE,85430.0,85430.0,TRINIDAD,CASANARE,ORINOQUÍA,-0.24423963133640542,-0.09374999999999974,0.0,0.5027210453639851,0.1597197950695945,0.0,0.801055458296336,-0.5811764705882354,-0.53413056979359,0.6740331887841388,0.9071604647886571,1.0000000000000002,0.7156100787598901,0.0,1.5463099683378694,0.7505556278759851,0.36940038515963797,0.15655156146724797,320,0
47.0,MAGDALENA,47541.0,47541.0,PEDRAZA,MAGDALENA,CARIBE,1.0691244239631335,0.6875000000000002,0.0,0.26953208103331355,-0.09848404335386086,0.0,0.4321720804705812,0.5058823529411766,0.5443066205175583,-0.28231969959198,1.4304034430016046,1.0000000000000002,0.541757682353288,1.0,-0.16086869130973927,-0.8232106517588287,0.3683382396929993,0.15647379759866498,321,0
20.0,CESAR,20238.0,20238.0,EL COPEY,CESAR,CARIBE,0.5437788018433182,0.33035714285714307,1.0,1.3329015462296971,0.6333694339243467,0.2608695652173902,0.5492683954195087,-0.3835294117647063,0.4526924614470711,0.8553581013018808,-0.04643056241175339,-1.0,0.41106341893158643,1.0,0.14839339652450592,0.2242695270233351,0.36736454722787787,0.15640250972400357,322,0
15.0,BOYACÁ,15183.0,15183.0,CHITA,BOYACÁ,NORORIENTE,1.3640552995391708,1.263392857142857,0.0,-0.5737376553151416,-0.16361576788322674,0.0,0.4815036557528011,0.26823529411764707,-0.0,0.37588078893099863,0.6024703905597627,1.0000000000000002,-0.45824231764671197,0.0,0.3489782939701737,-0.5795916263037929,0.36450113963265934,0.1561928683340735,323,0
52.0,NARIÑO,52788.0,52788.0,TANGUA,NARIÑO,SUR-OCCIDENTE,0.7327188940092166,0.23214285714285723,0.0,-0.18671867454189406,-0.3189973324443664,3.1449275362318883,-0.7563754858002163,0.34352941176470586,0.9059388934666076,0.2731652544373279,-0.34421400791101636,0.0,0.9204622727109818,0.0,0.15212880004305301,-0.11007724491511332,0.36449968906085306,0.15619276213197705,324,0
15.0,BOYACÁ,15518.0,15518.0,PAJARITO,BOYACÁ,NORORIENTE,-0.2672811059907833,-0.5803571428571426,1.0,-0.07387383065034993,1.3217705737250307,0.0,0.4238369428511892,0.36470588235294105,-0.0,0.6102887535418675,1.093601502513149,1.0000000000000002,-0.45824231764671197,0.0,0.5607291928028226,0.6193203937250611,0.36370723463031496,0.1561347434103142,325,0
13.0,BOLÍVAR,13650.0,13650.0,SAN FERNANDO,BOLÍVAR,CARIBE,0.9953917050691246,1.0491071428571428,0.0,0.6224718292109023,-0.4397498674331774,0.0,0.1820059069331206,0.46588235294117664,0.3154918253869455,-0.24202539530586747,0.007913819146603636,1.0000000000000002,0.8204296097067337,0.0,1.1360116563272447,-0.41233317998679164,0.3632697291737223,0.15610271190625055,326,0
47.0,MAGDALENA,47460.0,47460.0,NUEVA GRANADA,MAGDALENA,CARIBE,1.2580645161290325,1.1428571428571432,0.0,0.4763855106058127,-0.17653966131166157,0.0,0.5938042968122347,0.05411764705882358,0.5443066205175583,0.6654466481919127,0.36581362717986043,0.0,0.541757682353288,1.0,-0.5885749131418395,-0.3462530115491479,0.3616488333272205,0.15598403971345481,327,0
68.0,SANTANDER,68250.0,68250.0,EL PEÑÓN,SANTANDER,NORORIENTE,0.7608294930875575,0.7589285714285714,0.0,-0.2507361129032574,0.414482363537827,0.0,0.4075524070173432,0.3129411764705883,-0.1950546486891935,0.48057731597037223,0.3295093975705209,1.0000000000000002,-0.6393305376447123,0.0,0.8036673398485056,0.21407992917129776,0.3612864260889547,0.15595750644684003,328,0
5.0,ANTIOQUIA,5543.0,5543.0,PEQUE,ANTIOQUIA,OCCIDENTE,0.7695852534562214,0.5669642857142858,0.0,-0.24358075600878562,1.4386651129333805,0.0,-0.1781222303704877,0.24705882352941191,-0.729465887115974,0.8139076862623121,0.5810590644660991,0.0,0.2330297065267568,1.0,0.8701011731425164,-0.6205243587600424,0.360562383402252,0.15590449641939494,329,0
73.0,TOLIMA,73675.0,73675.0,SAN ANTONIO,TOLIMA,CENTRO SUR,0.3686635944700461,0.5758928571428573,1.0,-0.17801958479963906,1.4098909496123726,1.4057971014492785,-0.5644405639194405,-0.08705882352941198,0.1794567355112193,0.4253391417348457,0.12663200221205084,0.0,0.05660264741218082,0.0,-0.030864256530352723,-0.4510077330135385,0.35857793978964253,0.15575920745743227,330,0
19.0,CAUCA,19532.0,19532.0,PATÍA,CAUCA,SUR-OCCIDENTE,0.03271889400921663,0.14732142857142874,2.0,0.011585374220127901,2.511924938530126,2.333333333333337,-0.3704776902672832,-1.1976470588235297,0.8309935282649857,-0.37986628636713576,0.18351361433012153,-1.0,0.2232853082162463,1.0,-0.6008258322909477,-0.8685861844602577,0.35707599465368034,0.15564924411640196,331,0
5.0,ANTIOQUIA,5652.0,5652.0,SAN FRANCISCO,ANTIOQUIA,OCCIDENTE,0.10599078341013846,0.25000000000000006,1.0,-0.2624526732182019,2.2149654563874916,0.0,0.2166859645515143,0.27058823529411746,-0.729465887115974,0.6708454509756533,0.26627659133421905,0.0,0.2330297065267568,1.0,0.7578995125791842,-0.7296153404353212,0.3569401084367169,0.15563929534926027,332,0
85.0,CASANARE,85225.0,85225.0,NUNCHÍA,CASANARE,ORINOQUÍA,-0.2580645161290323,0.6964285714285714,0.0,-0.22249096364729049,0.37912561053016697,0.0,0.46427443800756907,0.023529411764705577,-0.53413056979359,0.7372290539752333,0.9706859826696205,1.0000000000000002,0.7156100787598901,0.0,0.7388202149665023,0.08684019123322476,0.35305389744066623,0.15535477047891558,333,0
70.0,SUCRE,70204.0,70204.0,COLOSÓ,SUCRE,CARIBE,0.1152073732718894,0.8392857142857144,2.0,0.4270864346473914,0.7738729461361603,0.0,-0.6596043413982235,0.3858823529411767,0.880925368474336,-0.2591204297675948,0.03631556508338493,-1.0,1.838199989484149,1.0,0.3933411545031656,-0.48134691631580917,0.3511886893293125,0.15521821121937251,334,0
20.0,CESAR,20178.0,20178.0,CHIRIGUANÁ,CESAR,CARIBE,0.3640552995391705,0.022321428571428565,1.0,1.9369469097043546,0.35179521298326377,0.0,0.3849854692198812,-0.3552941176470591,0.4526924614470711,0.7859541491829568,0.4969176277920862,0.0,0.41106341893158643,1.0,0.24573273135091478,-0.5157567048168983,0.34765093778914363,0.15495919844335462,335,0
73.0,TOLIMA,73168.0,73168.0,CHAPARRAL,TOLIMA,CENTRO SUR,0.4981566820276499,-0.04910714285714259,2.0,0.23320842141909984,2.6781322909553933,0.014492753623188236,0.16779087730992473,-2.632941176470589,0.1794567355112193,0.8271410466997494,0.03263884973884985,-1.0,0.05660264741218082,0.0,0.13258074074046172,0.09810277366591931,0.34661707348882986,0.154883505150762,336,0
23.0,CÓRDOBA,23079.0,23079.0,BUENAVISTA,CÓRDOBA,CARIBE,0.6682027649769586,0.7678571428571429,0.0,0.6797157515534701,0.4824262367660807,0.0,0.5858667370690923,0.14588235294117632,0.8291999008918115,0.028571821685267788,0.29607752692958694,0.0,1.6918922599612225,0.0,-0.043059122968348004,-0.39144495996665857,0.34601697894818423,0.15483956985709285,337,0
85.0,CASANARE,85325.0,85325.0,SAN LUIS DE PALENQUE,CASANARE,ORINOQUÍA,-0.4792626728110599,-0.16964285714285698,0.0,0.4075656844581637,-0.1003528936248779,0.014492753623188236,0.6192933657384423,0.04235294117647037,-0.53413056979359,0.8264926602656744,1.2015939574796677,1.0000000000000002,0.7156100787598901,0.0,1.542145353131374,0.47492947931281443,0.3443218998741443,0.15471546641694117,338,0
20.0,CESAR,20787.0,20787.0,TAMALAMEQUE,CESAR,CARIBE,1.0193548387096774,0.2991071428571429,0.0,1.2573992535986507,0.41258362370860824,0.0,0.4526719426847784,0.2823529411764707,0.4526924614470711,-0.05405259067177685,0.3799863373184032,0.0,0.41106341893158643,1.0,0.8096166018101566,-0.4805922560557915,0.34356193068403496,0.15465982606815373,339,0
19.0,CAUCA,19760.0,19760.0,SOTARÁ - PAISPAMBA,CAUCA,SUR-OCCIDENTE,0.891705069124424,-0.3794642857142857,0.0,-0.008848546341246407,0.7038039110006874,2.333333333333337,-0.572695694806552,0.43764705882352944,0.8309935282649857,0.2579566277681748,0.22777544002260683,1.0000000000000002,0.2232853082162463,1.0,-0.2810973543544105,-1.2040744838225035,0.3428875854226495,0.1546104545856845,340,0
20.0,CESAR,20175.0,20175.0,CHIMICHAGUA,CESAR,CARIBE,1.182488479262673,0.5223214285714286,0.0,0.8536843655439218,0.10444097858067011,0.0,-0.01979383888386574,-0.0,0.4526924614470711,0.16313769195531158,0.11435834698547555,0.0,0.41106341893158643,1.0,0.49968037477581834,0.21211894440250176,0.33800820105200247,0.154253215566282,341,0
85.0,CASANARE,85263.0,85263.0,PORE,CASANARE,ORINOQUÍA,0.2534562211981567,0.19642857142857165,1.0,0.7679114906252248,0.5024073522361456,0.0,0.4174849742417727,-0.39294117647058824,-0.53413056979359,0.6671907403696853,0.228305238062889,0.0,0.7156100787598901,0.0,0.8542069690210956,0.33091837217733144,0.33593871323644503,0.15410170018201702,342,0
81.0,ARAUCA,81001.0,81001.0,ARAUCA,ARAUCA,ORINOQUÍA,-0.004608294930875642,-0.09821428571428552,1.0,0.7369937446793137,2.165782735464236,0.10144927536231961,0.8086716940532712,-6.8258823529411785,0.5018808289760641,1.0719703648966186,0.5996837292875621,-1.0,-0.2209762841455819,0.0,1.5184296652888043,0.6952886072415895,0.3347608600409945,0.1540154648931814,343,0
15.0,BOYACÁ,15377.0,15377.0,LABRANZAGRANDE,BOYACÁ,NORORIENTE,0.8571428571428573,0.7410714285714286,1.0,-0.7608924805530021,0.24973836279215803,0.0,0.30776387210302975,0.3764705882352943,-0.0,0.7615847137603623,0.5711113278934353,1.0000000000000002,-0.45824231764671197,0.0,0.09190996705720253,-1.1010440060262077,0.32654248170967526,0.15341376492590256,344,0
68.0,SANTANDER,68720.0,68720.0,SANTA HELENA DEL OPÓN,SANTANDER,NORORIENTE,0.21658986175115222,0.31696428571428575,0.0,-0.6492298965190324,-0.12899817742482966,0.0,0.2131131721982427,0.3035294117647059,-0.1950546486891935,0.36950171364267836,1.1194349344842967,1.0000000000000002,-0.6393305376447123,0.0,1.537700497910983,0.4298049749970244,0.32290035068763934,0.15314711011537468,345,0
20.0,CESAR,20060.0,20060.0,BOSCONIA,CESAR,CARIBE,0.29539170506912465,0.1339285714285714,1.0,1.576208342604905,-0.13656751267860537,1.7246376811594215,0.9106618033172216,-1.145882352941177,0.4526924614470711,0.4935963464221638,0.2851831320152897,-1.0,0.41106341893158643,1.0,-0.47841956497163685,0.12016614534133391,0.31930639078433104,0.15288398210288337,346,0
47.0,MAGDALENA,47545.0,47545.0,PIJIÑO DEL CARMEN,MAGDALENA,CARIBE,0.7603686635944701,0.8928571428571428,0.0,0.7304934609955909,-0.425139711461688,0.0,0.3411696748627892,0.30117647058823505,0.5443066205175583,0.3099965049828191,0.7790329266894206,0.0,0.541757682353288,1.0,-0.4038208691894515,0.09879486277065722,0.31743252651719167,0.15274678909195494,347,0
47.0,MAGDALENA,47570.0,47570.0,PUEBLOVIEJO,MAGDALENA,CARIBE,0.847926267281106,0.7678571428571429,0.0,0.4045986702444623,-0.18098552767933698,0.0,-1.7331607459391551,0.3035294117647059,0.5443066205175583,0.9839536638427434,-0.35535627311981144,0.0,0.541757682353288,1.0,1.3417859848635552,-0.09677785758943479,0.3146351049946023,0.1525419788032642,348,0
54.0,NORTE DE SANTANDER,54680.0,54680.0,SANTIAGO,NORTE DE SANTANDER,NORORIENTE,1.4299539170506916,0.32589285714285726,1.0,0.28732548616486747,-0.029179575753158243,0.0,-0.6707538300902275,0.40705882352941186,0.4226611781815951,0.45347508510330603,0.48182482354091033,0.0,0.0,1.0,-0.30917794991340664,-0.08560792480191932,0.312772871501025,0.15240563732724807,349,0
68.0,SANTANDER,68217.0,68217.0,COROMORO,SANTANDER,NORORIENTE,0.3179723502304147,0.5714285714285715,0.0,-0.5824241875305006,-0.37654706665644494,0.0,0.3062507314693479,0.39764705882352946,-0.1950546486891935,1.2419826455936578,0.4082486509931844,1.0000000000000002,-0.6393305376447123,0.0,0.9510922321583233,0.21398854902042358,0.31123605244751784,0.15229312072884754,350,0
20.0,CESAR,20750.0,20750.0,SAN DIEGO,CESAR,CARIBE,0.19815668202765,-0.0044642857142854625,2.0,1.522825438255343,0.22519337673110365,0.0,0.5827701096521773,-0.2847058823529415,0.4526924614470711,0.3242601408714966,0.0797600362553984,0.0,0.41106341893158643,1.0,-0.37409960771577233,0.12870244916368903,0.3110947186192864,0.15228277312054894,351,0
50.0,META,50689.0,50689.0,SAN MARTÍN,META,ORINOQUÍA,-0.591705069124424,-0.6830357142857141,1.0,0.563819349973656,0.8649369828422113,0.0,0.8783938071936712,-1.3905882352941181,-0.0637804626737325,1.1364344659936776,1.0870297618498992,1.0000000000000002,-0.48827908621675425,1.0,0.1606097329635661,0.5339882714322741,0.3104035235158161,0.15223216799452832,352,0
5.0,ANTIOQUIA,5665.0,5665.0,SAN PEDRO DE URABÁ,URABÁ,OCCIDENTE,0.4654377880184333,0.9598214285714285,2.0,0.021662444737477953,0.3850773356452488,0.2318840579710157,-0.19630953098930182,-0.42823529411764744,-0.729465887115974,0.41257315137014156,0.3416846720047744,-1.0,0.2330297065267568,1.0,0.004473670221819308,0.2710128187922057,0.3066176535364864,0.15195498948669503,353,0
5.0,ANTIOQUIA,5885.0,5885.0,YALÍ,ANTIOQUIA,OCCIDENTE,0.4285714285714288,0.14285714285714296,1.0,-0.253830487465789,1.1546874187855063,0.0,0.445858814779727,0.19764705882352954,-0.729465887115974,0.48773454978761377,0.36952897385072636,0.0,0.2330297065267568,1.0,-0.1949727050840634,0.47654076621191016,0.30616283025038804,0.15192169007587086,354,0
47.0,MAGDALENA,47720.0,47720.0,SANTA BÁRBARA DE PINTO,MAGDALENA,CARIBE,0.44700460829493105,0.7589285714285714,0.0,0.10228159213976168,-0.42050095703280327,0.0,0.7093510517369013,0.37411764705882344,0.5443066205175583,0.22877916542061885,0.2951037286604952,0.0,0.541757682353288,1.0,0.39651005132695655,0.2594123968971835,0.30382077157887677,0.15175021870168953,355,0
18.0,CAQUETÁ,18029.0,18029.0,ALBANIA,CAQUETÁ,CENTRO SUR,-0.08294930875576025,-0.08928571428571429,2.0,0.817752918160213,1.2939421414569559,0.42028985507246275,0.20338668037549804,0.3223529411764707,0.7188379292561181,-0.1827567703580537,0.7535767243691917,0.0,-0.5160751802858682,0.0,-0.33570470122869134,-0.18682506657562278,0.3005788191426106,0.15151286254744836,356,0
5.0,ANTIOQUIA,5004.0,5004.0,ABRIAQUÍ,ANTIOQUIA,OCCIDENTE,-0.064516129032258,-0.2678571428571428,1.0,-0.7271428220122008,0.0,0.0,0.6601592953535041,0.3364705882352943,-0.729465887115974,0.7606195481385067,1.3026093834174772,1.0000000000000002,0.2330297065267568,1.0,0.586651770754817,-0.2699339246426291,0.2999599149791676,0.1514675501269343,357,0
54.0,NORTE DE SANTANDER,54051.0,54051.0,ARBOLEDAS,NORTE DE SANTANDER,NORORIENTE,0.3410138248847926,0.5669642857142858,0.0,-0.03428689546313775,-0.3156419798669226,0.0,0.04667759530151035,0.2258823529411763,0.4226611781815951,0.6709916068011897,0.4785560043080628,1.0000000000000002,0.0,1.0,0.8003703763516978,-0.6213535668449135,0.299876032494216,0.15146140875859912,358,0
50.0,META,50223.0,50223.0,CUBARRAL,META,ORINOQUÍA,-1.0368663594470047,-0.8482142857142854,1.0,0.27428494716105195,0.6018258986620774,0.0,0.7466895310366216,-0.07294117647058837,-0.0637804626737325,1.276099297636009,0.8817791019241827,1.0000000000000002,-0.48827908621675425,1.0,1.22976531264253,0.04602036787000253,0.2993368405781997,0.1514219323868449,359,0
23.0,CÓRDOBA,23574.0,23574.0,PUERTO ESCONDIDO,CÓRDOBA,CARIBE,1.2580645161290325,1.2098214285714288,0.0,0.35823567226374337,-0.06540430129658274,0.0,-0.24013985028023463,0.3364705882352943,0.8291999008918115,-0.4296181209779885,0.3344937455168726,0.0,1.6918922599612225,0.0,-0.604249002669013,-0.21083265727742825,0.2979916014212525,0.15132344211004264,360,0
20.0,CESAR,20443.0,20443.0,MANAURE BALCÓN DEL CESAR,CESAR,CARIBE,0.08755760368663588,0.01785714285714311,2.0,1.5517449812407105,0.3395333770167318,0.0,0.1959165701439568,-0.049411764705882384,0.4526924614470711,0.6769587123927409,0.04149046652562697,-1.0,0.41106341893158643,1.0,0.36777057156862436,-0.18707844319953754,0.297254570388753,0.15126948115445504,361,0
13.0,BOLÍVAR,13667.0,13667.0,SAN MARTÍN DE LOBA,BOLÍVAR,CARIBE,0.7603686635944701,0.8839285714285716,0.0,1.3271947057612188,0.37127627648603995,0.0,0.24994641966405157,0.09411764705882357,0.3154918253869455,0.2029278924277643,0.10180833004711654,0.0,0.8204296097067337,0.0,-0.2102375462576118,-0.0992693974856073,0.2969436186199046,0.15124671514617477,362,0
68.0,SANTANDER,68092.0,68092.0,BETULIA,SANTANDER,NORORIENTE,0.7516129032258065,0.1383928571428572,0.0,-0.127745895056812,-0.22158960554231752,0.0,0.161208904391482,0.19294117647058834,-0.1950546486891935,0.7939287315091729,0.16918550319684247,1.0000000000000002,-0.6393305376447123,0.0,1.545817099980098,0.04212436784259929,0.29685771653914117,0.1512404259152461,363,0
70.0,SUCRE,70708.0,70708.0,SAN MARCOS,SUCRE,CARIBE,0.2534562211981567,0.8169642857142859,0.0,0.5012263270722394,0.2271036313358591,0.0,0.33742774451619667,-0.9952941176470592,0.880925368474336,0.08961336477923315,0.43051807019632077,-1.0,1.838199989484149,1.0,0.744110875228831,-0.31027993893788325,0.29676924248609254,0.1512339483800587,364,0
54.0,NORTE DE SANTANDER,54660.0,54660.0,SALAZAR,NORTE DE SANTANDER,NORORIENTE,0.9889400921658987,0.3571428571428571,0.0,-0.1463766792391702,0.022561050076834215,0.0,0.15547879902621928,0.10823529411764717,0.4226611781815951,0.4350228004995299,0.5939311447417738,0.0,0.0,1.0,0.57332040676047,-0.22804507509755093,0.2949472199123337,0.151100550904448,365,0
19.0,CAUCA,19785.0,19785.0,SUCRE,CAUCA,SUR-OCCIDENTE,1.2995391705069121,1.5491071428571426,0.0,-0.1650800176178315,0.6211557443212917,0.0,-1.0559739996067254,0.43764705882352944,0.8309935282649857,-0.17300406197574203,-0.0689236427450299,0.0,0.2232853082162463,1.0,-0.5196537378494979,-0.24276054326386842,0.293333848721645,0.1509824296214515,366,0
20.0,CESAR,20550.0,20550.0,PELAYA,CESAR,CARIBE,0.6774193548387099,0.4553571428571429,1.0,1.6769595539916413,0.9369957883091269,0.0,0.5764576182245172,-0.13176470588235314,0.4526924614470711,0.6372395613185606,-0.7628107092367524,-1.0,0.41106341893158643,1.0,-0.27077056634237406,-0.057158856497194065,0.29291506274845525,0.15095176864477136,367,0
47.0,MAGDALENA,47170.0,47170.0,CHIVOLO,MAGDALENA,CARIBE,1.2811059907834104,0.5580357142857142,0.0,0.4870653389574881,0.08658346348469538,0.0,0.7297251877756706,0.06117647058823517,0.5443066205175583,0.14292636609209247,0.45792622209983375,0.0,0.541757682353288,1.0,-0.7997350220493615,-0.16358971651148543,0.2899707301379079,0.1507362024145489,368,0
23.0,CÓRDOBA,23570.0,23570.0,PUEBLO NUEVO,CÓRDOBA,CARIBE,0.4608294930875576,0.5401785714285714,0.0,0.045783428147390795,0.17158057465532725,0.0,0.44583912205339415,0.016470588235293987,0.8291999008918115,-0.009763807189863475,-0.41236717812015933,1.0000000000000002,1.6918922599612225,0.0,0.26234439134124254,-0.32748762291264755,0.288824557954406,0.1506522866178423,369,0
5.0,ANTIOQUIA,5125.0,5125.0,CAICEDO,ANTIOQUIA,OCCIDENTE,0.48847926267281117,0.6160714285714287,1.0,-0.984714308928283,-0.10329040853963929,0.0,-0.23174082276852329,0.051764705882352775,-0.729465887115974,0.5329967492504902,0.22415654651306446,1.0000000000000002,0.2330297065267568,1.0,0.20969985456428444,0.31383062414188934,0.28824714519000627,0.1506100119466798,370,0
20.0,CESAR,20770.0,20770.0,SAN MARTÍN,CESAR,CARIBE,0.3880184331797236,0.040178571428571674,0.0,0.8915083718080836,0.4498025171535195,0.0,0.5882847170642106,-1.0752941176470592,0.4526924614470711,0.44476599740108913,-0.2356773034600838,0.0,0.41106341893158643,1.0,0.5086029493848963,0.9346502830187655,0.28528664899096134,0.15039326231624406,371,0
70.0,SUCRE,70823.0,70823.0,SAN JOSÉ DE TOLUVIEJO,SUCRE,CARIBE,-0.1152073732718894,0.2232142857142857,2.0,0.4343741662959021,0.4629519833776635,0.20289855072463922,0.25290620895184884,-0.06823529411764717,0.880925368474336,-0.4507633573190337,0.052583372973059886,0.0,1.838199989484149,1.0,-0.39274724530705085,-0.4292474819100818,0.2841358697648485,0.15030900921973495,372,0
54.0,NORTE DE SANTANDER,54385.0,54385.0,LA ESPERANZA,NORTE DE SANTANDER,NORORIENTE,-0.5557603686635945,0.7276785714285715,0.0,0.685702999505318,0.17703384134308706,0.0,0.34272432736105624,0.22823529411764712,0.4226611781815951,0.2099227993239496,0.47149598546611066,1.0000000000000002,0.0,1.0,0.2742500719315659,0.27400665131556984,0.28359125119345124,0.15026913554108712,373,0
68.0,SANTANDER,68780.0,68780.0,SURATÁ,SANTANDER,NORORIENTE,0.262672811059908,0.15178571428571452,1.0,-0.287784331824999,-0.17643315436185317,0.0,0.34206287430575605,0.37176470588235305,-0.1950546486891935,0.6168788818925801,0.9736274722695923,1.0000000000000002,-0.6393305376447123,0.0,0.3696436408281638,-0.04799602018976276,0.28187303098774225,0.1501433378472023,374,0
20.0,CESAR,20032.0,20032.0,ASTREA,CESAR,CARIBE,1.004608294930876,0.5357142857142856,0.0,1.0646290459248307,-0.033425491492291945,0.0,0.1444570154196366,-0.049411764705882384,0.4526924614470711,0.28319168085383223,0.47834351178501205,0.0,0.41106341893158643,1.0,-0.42156723756937553,-0.043555090754258716,0.2769351354671548,0.14978181499520105,375,0
5.0,ANTIOQUIA,5858.0,5858.0,VEGACHÍ,ANTIOQUIA,OCCIDENTE,0.21198156682027658,0.008928571428571551,1.0,0.380288231868789,1.3738937405784466,0.0,0.5684646742367342,-0.5082352941176475,-0.729465887115974,0.7775723379326324,-0.05635058804465093,0.0,0.2330297065267568,1.0,-0.09551334890253689,0.22874671932721868,0.27630075790765163,0.1497353697061906,376,0
68.0,SANTANDER,68385.0,68385.0,LANDÁZURI,MAGDALENA MEDIO,NORORIENTE,-0.01843317972350224,0.3705357142857144,1.0,-0.26069358713410806,0.6069349950390996,0.0,-0.04740436527511229,-0.16000000000000034,-0.1950546486891935,0.572686604592328,0.41067344231190345,0.0,-0.6393305376447123,0.0,1.1993006994653264,0.25252798416843286,0.27483913256307263,0.1496283583364833,377,0
70.0,SUCRE,70233.0,70233.0,EL ROBLE,SUCRE,CARIBE,1.0967741935483872,1.0491071428571428,0.0,0.13430744221705007,0.10170328680179563,0.0,-0.038198411272040884,0.35529411764705865,0.880925368474336,-0.5255638375597473,0.43151084794718836,-1.0,1.838199989484149,1.0,0.12471245618365928,-0.732425285786979,0.2747096896048694,0.14961888130578754,378,0
68.0,SANTANDER,68298.0,68298.0,GÁMBITA,SANTANDER,NORORIENTE,0.55852534562212,0.4598214285714287,0.0,-0.43468280119979813,-0.4416769980558396,0.0,0.44348542750810915,0.37882352941176467,-0.1950546486891935,0.45194240957046034,1.025824133566022,1.0000000000000002,-0.6393305376447123,0.0,0.5319801080440136,0.18077857844912731,0.2739639592225578,0.14956428343640915,379,0
13.0,BOLÍVAR,13580.0,13580.0,REGIDOR,MAGDALENA MEDIO,NORORIENTE,-0.03225806451612883,0.36160714285714285,0.0,1.7154381752168364,-0.1529883217044999,0.0,0.6702022330713328,0.4541176470588234,0.3154918253869455,-0.5437661020985648,0.7206315022283794,0.0,0.8204296097067337,0.0,1.0296328860526307,0.31136493994246023,0.273830960672486,0.1495545460867764,380,0
13.0,BOLÍVAR,13188.0,13188.0,CICUCO,BOLÍVAR,CARIBE,0.9631336405529953,0.9151785714285714,0.0,1.482969399031446,-0.11566880668283892,0.0,0.4601529102346979,0.31529411764705867,0.3154918253869455,-0.6775458115298925,-0.015074986628787696,-1.0,0.8204296097067337,0.0,1.5019695194726554,-0.2882557187438301,0.2707690580335274,0.1493303720899854,381,0
47.0,MAGDALENA,47551.0,47551.0,PIVIJAY,MAGDALENA,CARIBE,0.5299539170506913,0.5178571428571428,0.0,0.8736187792459645,0.39023780524412666,0.0,0.39864740571109963,-0.4800000000000002,0.5443066205175583,0.5309724963795023,0.4318821343442573,0.0,0.541757682353288,1.0,-0.4648826822170998,-0.23028231473567853,0.27008669968830284,0.14928041393797026,382,0
20.0,CESAR,20228.0,20228.0,CURUMANÍ,CESAR,CARIBE,0.6728110599078343,0.2232142857142857,1.0,1.3312536670023938,0.6836852433041078,0.0,0.2696766864175539,-0.6211764705882353,0.4526924614470711,0.5026909389175077,0.1556403676052667,-1.0,0.41106341893158643,1.0,0.015731295780010073,-0.3942914556210192,0.2688721124169593,0.14919148920221798,383,0
5.0,ANTIOQUIA,5842.0,5842.0,URAMITA,ANTIOQUIA,OCCIDENTE,0.30875576036866376,0.6607142857142858,1.0,-0.14210503331024207,0.816231539015347,0.7101449275362334,-0.3152448744867812,0.3694117647058823,-0.729465887115974,-0.054211615351010704,0.6324719647263157,0.0,0.2330297065267568,1.0,-0.4666064973025722,-0.04828593114558406,0.2681619740172142,0.14913949716258873,384,0
70.0,SUCRE,70508.0,70508.0,OVEJAS,SUCRE,CARIBE,0.6129032258064518,0.47767857142857145,2.0,0.24207933762743733,0.7625899077103879,0.0,-0.44467529973108416,0.03999999999999998,0.880925368474336,-0.19651144321957428,-0.5030160074213229,-1.0,1.838199989484149,1.0,-0.1999939074163647,-0.6128134147799946,0.2676041969149808,0.1490986600958789,385,0
20.0,CESAR,20383.0,20383.0,LA GLORIA,CESAR,CARIBE,-0.01843317972350224,0.16071428571428575,1.0,0.35261714810993877,0.6485043794346468,0.0,0.4745326082835319,0.11529411764705876,0.4526924614470711,0.5930604996237362,-0.6116545538661515,0.0,0.41106341893158643,1.0,-0.0338758008463418,0.4843240636762734,0.2674351776645917,0.1490862855283756,386,0
85.0,CASANARE,85015.0,85015.0,CHÁMEZA,CASANARE,ORINOQUÍA,-0.5069124423963134,-0.21428571428571416,1.0,0.18552332623783707,0.06036741368674136,0.0,0.598411996120256,0.40941176470588225,-0.53413056979359,0.9440740233499992,0.9619346588384126,1.0000000000000002,0.7156100787598901,0.0,0.5131034571080466,-0.5422058967705542,0.2658179084924637,0.14896787885874807,387,0
13.0,BOLÍVAR,13244.0,13244.0,EL CARMEN DE BOLÍVAR,BOLÍVAR,CARIBE,0.6483870967741936,0.7857142857142857,2.0,0.6325945600049844,0.9721972121877634,0.2608695652173902,-0.3802796782281127,-1.009411764705883,0.3154918253869455,0.1576393586964849,-0.40887819641945716,-1.0,0.8204296097067337,0.0,-0.3237321152183842,-0.2803448926733725,0.26435156307318897,0.1488605219137125,388,0
73.0,TOLIMA,73461.0,73461.0,MURILLO,TOLIMA,CENTRO SUR,-0.20737327188940094,0.42857142857142855,1.0,-0.29570646080918966,0.4551817062041745,0.0,0.20646159586495455,0.08235294117647035,0.1794567355112193,0.8943124620109456,0.6852707112747137,0.0,0.05660264741218082,0.0,0.40570297844943937,-0.4967072692030357,0.26234868988009646,0.14871388364930518,389,0
68.0,SANTANDER,68235.0,68235.0,EL CARMEN DE CHUCURÍ,SANTANDER,NORORIENTE,-0.0769585253456222,0.8080357142857143,0.0,-0.2470788997266837,0.16618024580617857,0.0,-0.16791596173005507,-0.22588235294117673,-0.1950546486891935,0.5734241334192025,-0.07204229943934673,1.0000000000000002,-0.6393305376447123,0.0,1.1136790885532548,0.7069006264578861,0.26171316038900716,0.14866735402282938,390,0
19.0,CAUCA,19513.0,19513.0,PADILLA,CAUCA,SUR-OCCIDENTE,-0.14746543778801827,-0.8392857142857139,0.0,1.135599484355768,0.3948803528135413,4.86956521739131,0.6576014505176092,0.36470588235294105,0.8309935282649857,-0.2830561038702411,-0.2662571102299444,-2.0,0.2232853082162463,1.0,-0.24388852417613935,0.07792853932950407,0.2612676681039517,0.14863473777147973,391,0
70.0,SUCRE,70473.0,70473.0,MORROA,SUCRE,CARIBE,0.15069124423963148,0.08928571428571426,2.0,0.5572039360516877,0.43039510946866383,0.0,0.017171705927543975,0.13882352941176473,0.880925368474336,-0.10137358814281465,-0.1209647236757868,-1.0,1.838199989484149,1.0,-0.3774127678800499,0.045086612755710485,0.2592493826216784,0.1484869711124522,392,0
47.0,MAGDALENA,47161.0,47161.0,CERRO DE SAN ANTONIO,MAGDALENA,CARIBE,1.004608294930876,0.9642857142857144,0.0,-0.16826229707552032,-0.3611829670468095,0.0,0.4453131191925295,0.45882352941176463,0.5443066205175583,-0.3181067631249472,0.8242264815781947,-1.0,0.541757682353288,1.0,0.5757244818796722,-0.46404674880371466,0.25856443607252516,0.1484368234677955,393,0
47.0,MAGDALENA,47318.0,47318.0,GUAMAL,MAGDALENA,CARIBE,0.1889400921658987,0.8705357142857143,0.0,0.37243517600805315,-0.18273095127619823,0.0,-0.036148558696423146,-0.23058823529411793,0.5443066205175583,-0.15054506956539704,1.0907119722670706,0.0,0.541757682353288,1.0,0.4525508032723107,-0.41175225344671423,0.25307225126132604,0.1480347189055616,394,0
47.0,MAGDALENA,47030.0,47030.0,ALGARROBO,MAGDALENA,CARIBE,0.5299539170506913,0.7366071428571428,0.0,0.7267994738149806,0.14355443301704252,0.0,0.7410647347315664,0.11294117647058836,0.5443066205175583,0.14819482695185077,-0.4575576620501226,0.0,0.541757682353288,1.0,0.05200071924503566,-0.07327957470748948,0.25302007261696013,0.14803089870073022,395,0
44.0,LA GUAJIRA,44855.0,44855.0,URUMITA,LA GUAJIRA,CARIBE,0.5576036866359447,-0.3928571428571427,1.0,1.789553677775451,0.1551449823314739,0.0,-0.08455238324480087,0.23294117647058832,0.8156293661493513,0.16575298198797958,-0.14223361263002385,-1.0,2.0475973594765238,1.0,0.7920072459370259,-0.8216809456661874,0.25194863962092623,0.1479524548554039,396,0
5.0,ANTIOQUIA,5660.0,5660.0,SAN LUIS,ANTIOQUIA,OCCIDENTE,-0.24884792626728106,-0.3749999999999999,1.0,-0.03012177250960651,1.7499571383595336,0.0,0.3677270049893384,-0.08470588235294117,-0.729465887115974,0.299676336946557,0.2987899618913909,0.0,0.2330297065267568,1.0,0.4678191756960341,0.3777324397602825,0.2513219474633411,0.1479065722450505,397,0
50.0,META,50573.0,50573.0,PUERTO LÓPEZ,META,ORINOQUÍA,-0.6345622119815668,-0.3616071428571425,0.0,1.1092240404494185,0.5125651043992496,0.8695652173913039,0.6562570092805994,-2.2305882352941184,-0.0637804626737325,0.9749373282806301,0.7397712279840789,1.0000000000000002,-0.48827908621675425,1.0,0.18135672232560432,0.43036655219661824,0.24984149592779994,0.14779818253547747,398,0
47.0,MAGDALENA,47268.0,47268.0,EL RETÉN,MAGDALENA,CARIBE,0.4331797235023041,1.017857142857143,0.0,1.6986131943844174,-0.08021544298521913,0.0,0.4555312026946766,0.16941176470588235,0.5443066205175583,-0.08109208042186274,-0.2438549307179393,-1.0,0.541757682353288,1.0,0.8307283928569494,-0.2725236868256681,0.24815143012705157,0.14767444613688238,399,0
13.0,BOLÍVAR,13654.0,13654.0,SAN JACINTO,BOLÍVAR,CARIBE,0.7327188940092166,0.8705357142857143,2.0,0.5282335818342206,0.40975782214727197,0.2898550724637667,-0.13529457970987116,-0.042352941176470794,0.3154918253869455,-0.18048483483016475,0.3987423792466265,-1.0,0.8204296097067337,0.0,-0.3971298563576888,-1.1251054066457402,0.24804677594002222,0.14766678399012148,400,0
52.0,NARIÑO,52254.0,52254.0,EL PEÑOL,NARIÑO,SUR-OCCIDENTE,0.7184331797235025,0.09821428571428582,1.0,-0.6054679777884109,0.12842210587505642,0.0,-0.213071135890965,0.20235294117647074,0.9059388934666076,-0.5935461383869961,0.3668874775104483,0.0,0.9204622727109818,0.0,0.5151809622110559,0.13641001448675166,0.24745196385048945,0.14762323544558137,401,0
15.0,BOYACÁ,15755.0,15755.0,SOCOTÁ,BOYACÁ,NORORIENTE,0.8571428571428573,0.5401785714285714,0.0,-1.177572109125604,-0.23083068924654876,0.0,0.10574760847562303,0.025882352941176388,-0.0,0.9760322725724399,0.5134455721168514,1.0000000000000002,-0.45824231764671197,0.0,0.4606384020066541,-0.6212787597665049,0.2470112542271872,0.14759096935180593,402,0
54.0,NORTE DE SANTANDER,54553.0,54553.0,PUERTO SANTANDER,NORTE DE SANTANDER,NORORIENTE,1.373271889400922,0.09375000000000006,0.0,1.1820516522308575,1.435138849115945,0.0,0.8155522377698169,-0.27764705882352947,0.4226611781815951,-0.13281683194781865,-0.9441475882309553,-1.0,0.0,1.0,-0.05258747177412897,0.6097846153385685,0.24695631541570698,0.1475869470642283,403,0
13.0,BOLÍVAR,13647.0,13647.0,SAN ESTANISLAO,BOLÍVAR,CARIBE,0.9170506912442397,0.4419642857142859,0.0,0.647829167461311,-0.4475546371115212,1.3913043478260863,0.5646524379930186,0.3482352941176471,0.3154918253869455,-0.084648947223563,0.3791863568826177,-1.0,0.8204296097067337,0.0,0.05422964435555319,-0.41487436053472093,0.2425003081270705,0.14726070515473275,404,0
47.0,MAGDALENA,47703.0,47703.0,SAN ZENÓN,MAGDALENA,CARIBE,0.37327188940092176,0.6964285714285714,0.0,1.1035959217959388,-0.4850452551665356,0.0,0.2641400934389598,0.43999999999999984,0.5443066205175583,0.025927942313047028,0.31373680315981195,0.0,0.541757682353288,1.0,0.09702152231065031,0.0323987469505638,0.24245737795445083,0.14725756206707977,405,0
5.0,ANTIOQUIA,5038.0,5038.0,ANGOSTURA,ANTIOQUIA,OCCIDENTE,0.38248847926267304,0.5803571428571428,1.0,-0.8584251243543376,1.5967659385761632,0.0,-0.17595721675937875,0.16470588235294112,-0.729465887115974,-0.053741354864282,-0.1157490421812347,1.0000000000000002,0.2330297065267568,1.0,-0.6566630429762091,-0.17124836832624615,0.2402652112914783,0.14709706487941035,406,0
25.0,CUNDINAMARCA,25438.0,25438.0,MEDINA,CUNDINAMARCA,CENTRO SUR,-0.14285714285714293,-0.10267857142857129,1.0,0.19222799037441107,0.41226857645498294,0.0,0.5760021143950218,0.049411764705882384,-0.8423028581296914,0.34511485632725464,1.0303764757418277,1.0000000000000002,-0.1617756769373358,0.0,0.12644192126941192,0.10733147923565213,0.23698378184064894,0.14685681845686888,407,0
41.0,HUILA,41668.0,41668.0,SAN AGUSTÍN,HUILA,CENTRO SUR,0.15069124423963148,-0.20089285714285712,0.0,0.2546458665386065,0.4040022750916886,0.8840579710144921,0.47342939798995404,-1.2611764705882358,0.46586943020641003,1.0677065448633536,0.010707932474372094,0.0,-0.5539651466003332,0.0,1.0066228832450514,-0.20563882083346405,0.2341023397444753,0.14664585668982824,408,0
41.0,HUILA,41503.0,41503.0,OPORAPA,HUILA,CENTRO SUR,0.009216589861751284,0.7901785714285714,0.0,0.25932468072741643,-0.21853133951415935,1.4202898550724667,-0.5066825600592072,0.11294117647058836,0.46586943020641003,0.24842210165160777,0.07803533213995294,0.0,-0.5539651466003332,0.0,0.32754548874079714,0.37357797708527946,0.23243023379481903,0.14652343520293212,409,0
5.0,ANTIOQUIA,5628.0,5628.0,SABANALARGA,ANTIOQUIA,OCCIDENTE,0.3410138248847926,0.5357142857142856,0.0,-0.1572111715539759,1.3236910736345633,0.0,-0.07338497061104236,0.20235294117647074,-0.729465887115974,-0.029317656303845217,0.4785479124998364,0.0,0.2330297065267568,1.0,0.4982590230386766,-0.27944245228202275,0.23188775053825114,0.14648371785912448,410,0
47.0,MAGDALENA,47058.0,47058.0,ARIGUANÍ,MAGDALENA,CARIBE,0.3092165898617512,0.6964285714285714,0.0,0.4356598518420564,-0.04625412950505629,0.0,0.6828319929222546,-0.41647058823529426,0.5443066205175583,0.8525956917162442,-0.3239882994232352,0.0,0.541757682353288,1.0,-0.6648797206752861,0.269702328521933,0.22666237410098383,0.14610114739271735,411,0
47.0,MAGDALENA,47258.0,47258.0,EL PIÑÓN,MAGDALENA,CARIBE,0.6267281105990784,0.42857142857142855,0.0,0.2618781800997126,-0.11334602727639034,0.0,0.3816958956595882,0.29647058823529426,0.5443066205175583,0.0008321221802659012,0.30633904120914496,1.0000000000000002,0.541757682353288,1.0,-0.32078516923893124,-0.7414661746535172,0.22532045715786678,0.14600290034832325,412,0
13.0,BOLÍVAR,13657.0,13657.0,SAN JUAN NEPOMUCENO,BOLÍVAR,CARIBE,0.4423963133640554,0.6875000000000002,2.0,0.35051024350793997,0.17964623845273156,0.6956521739130451,0.3467816594779721,-0.3647058823529415,0.3154918253869455,0.1958287620106117,-0.7750682314026951,-1.0,0.8204296097067337,0.0,-0.0187653459304484,-0.7039640662753922,0.22369733879425527,0.14588406543626367,413,0
20.0,CESAR,20310.0,20310.0,GONZÁLEZ,MAGDALENA MEDIO,NORORIENTE,1.0460829493087556,0.7053571428571429,0.0,-0.2510368739361843,0.9255839915110999,0.0,-0.8868653150851135,0.46588235294117664,0.4526924614470711,-1.0221501967359996,0.5226102222087721,0.0,0.41106341893158643,1.0,-0.16022294336105436,0.12134159179448671,0.22365971596531342,0.14588131092022283,414,0
8.0,ATLÁNTICO,8606.0,8606.0,REPELÓN,ATLÁNTICO,CARIBE,0.1797235023041474,0.6160714285714287,0.0,0.44354276596063735,-0.21306213158168688,1.2753623188405823,-0.10746670646300373,0.18352941176470594,-0.0399766904650517,0.12557241408787218,0.3794566392911445,-1.0,1.132936695799988,0.0,0.33804827426156026,0.0023168095380696994,0.21969941920785158,0.14559136193840264,415,0
47.0,MAGDALENA,47707.0,47707.0,SANTA ANA,MAGDALENA,CARIBE,0.6359447004608297,0.2901785714285714,0.0,0.16441848057127453,-0.30711252218383056,0.0,0.5324277208156444,-0.09647058823529438,0.5443066205175583,0.7738576093327082,0.2600158023900162,0.0,0.541757682353288,1.0,-0.44395908326297134,-0.11387520099097426,0.21880710517485003,0.14552603210046938,416,0
47.0,MAGDALENA,47692.0,47692.0,SAN SEBASTIÁN DE BUENAVISTA,MAGDALENA,CARIBE,0.7548387096774195,1.0267857142857142,0.0,0.10807765572957301,-0.2987581029480589,0.0,0.27130530700981076,0.10352941176470597,0.5443066205175583,0.11878835584424026,0.36929003612753736,0.0,0.541757682353288,1.0,-0.407702372298576,-0.6505382349624687,0.21876823954841512,0.14552318659431093,417,0
5.0,ANTIOQUIA,5147.0,5147.0,CAREPA,URABÁ,OCCIDENTE,-0.09216589861751151,-0.28571428571428564,2.0,1.3287036223766024,0.7978347758432531,0.0,0.4110484890799651,-2.0635294117647063,-0.729465887115974,0.24157853033086885,-0.34873051185613224,-1.0,0.2330297065267568,1.0,1.134228327905488,0.8822875253649346,0.2184396513316151,0.14549912935195408,418,0
23.0,CÓRDOBA,23350.0,23350.0,LA APARTADA,CÓRDOBA,CARIBE,0.40552995391705093,0.5267857142857144,0.0,0.7420443223440358,0.7613858321093926,0.0,-0.21359196283144363,0.14117647058823513,0.8291999008918115,0.07963605122567138,-0.09616521568331399,-1.0,1.6918922599612225,0.0,0.268409854975322,-0.3938859252246186,0.2156932631646283,0.14529805541697674,419,0
5.0,ANTIOQUIA,5890.0,5890.0,YOLOMBÓ,ANTIOQUIA,OCCIDENTE,0.24884792626728106,0.18750000000000008,1.0,-0.6318264576441793,1.1744764164835695,0.5217391304347824,0.2693343480320211,-0.16470588235294112,-0.729465887115974,0.5568252392460947,0.04520525607973174,0.0,0.2330297065267568,1.0,-0.2604233441626575,-0.5906697102694766,0.21315857448880945,0.14511248083865752,420,0
50.0,META,50124.0,50124.0,CABUYARO,META,ORINOQUÍA,-0.4700460829493087,-0.3839285714285712,0.0,-0.08203529473993781,0.7204940175741911,0.0,0.6880497426640408,-0.07764705882352957,-0.0637804626737325,0.46506594954481567,0.5703972003146744,1.0000000000000002,-0.48827908621675425,1.0,-0.1242082878253276,1.1773023103199927,0.21271871749025795,0.14508027716891078,421,0
20.0,CESAR,20250.0,20250.0,EL PASO,CESAR,CARIBE,0.2304147465437788,-0.0044642857142854625,0.0,1.9424301065814435,0.0717108753798416,0.0,0.6699710977851914,-0.7694117647058825,0.4526924614470711,0.4450031939969382,0.014309024600117286,0.0,0.41106341893158643,1.0,-0.025242035418250923,0.22522269599810588,0.21262252995302308,0.14507323489905247,422,0
73.0,TOLIMA,73624.0,73624.0,ROVIRA,TOLIMA,CENTRO SUR,0.1520737327188942,0.27678571428571436,1.0,-0.025880399406293154,1.4822199817830666,0.0,-0.655354951013602,-0.578823529411765,0.1794567355112193,0.36874410577655803,0.427083377859581,0.0,0.05660264741218082,0.0,-0.293154549118913,-0.19441834518383572,0.21038153993361,0.14490916316044505,423,0
13.0,BOLÍVAR,13468.0,13468.0,SANTA CRUZ DE MOMPOX,BOLÍVAR,CARIBE,0.17050691244239646,0.3705357142857144,0.0,0.6489359873491654,-0.18179938677125704,0.0,0.47381613093318786,-0.9929411764705884,0.3154918253869455,-0.22272264815656254,0.7346283483452684,-1.0,0.8204296097067337,0.0,1.4675849361010862,0.3453967058294337,0.21008991072705174,0.14488781183333774,424,0
70.0,SUCRE,70221.0,70221.0,COVEÑAS,SUCRE,CARIBE,0.009216589861751284,0.18750000000000008,0.0,0.27796477920489765,0.044537977461104425,3.4057971014492785,-0.6241374149959529,-1.1600000000000004,0.880925368474336,-0.5578575833804829,-1.84234518101278,-1.0,1.838199989484149,1.0,0.6662828747031926,0.3658839907434945,0.20925071467690448,0.14482637097292006,425,0
70.0,SUCRE,70400.0,70400.0,LA UNIÓN,SUCRE,CARIBE,0.5760368663594471,0.669642857142857,0.0,0.16723993213623645,-0.3678142737629539,0.0,0.15857697267823068,0.19294117647058834,0.880925368474336,-0.19145011104872714,0.14760073038119556,-1.0,1.838199989484149,1.0,-0.10079148499757778,0.15652629944405771,0.2063056787896246,0.1446107532530278,426,0
5.0,ANTIOQUIA,5647.0,5647.0,SAN ANDRÉS DE CUERQUÍA,ANTIOQUIA,OCCIDENTE,-0.17741935483870977,0.3437500000000001,1.0,0.4383050102631818,2.2442997198392933,0.0,-0.37965148954711797,0.20941176470588233,-0.729465887115974,-0.31882330874422476,0.3199857791813763,0.0,0.2330297065267568,1.0,-0.26637058154087456,-0.30607622288201924,0.20566369018230227,0.14456375072911778,427,0
73.0,TOLIMA,73873.0,73873.0,VILLARRICA,TOLIMA,CENTRO SUR,-0.19815668202764966,-0.10714285714285708,1.0,-0.16124353204110548,0.4934391208061013,0.18840579710145097,0.26485751362502213,0.26823529411764707,0.1794567355112193,0.4641523843536909,1.263028581648411,0.0,0.05660264741218082,0.0,0.6336739922530021,-1.3613087815074387,0.20482840906238797,0.14450259649621933,428,0
54.0,NORTE DE SANTANDER,54743.0,54743.0,SILOS,NORTE DE SANTANDER,NORORIENTE,-0.10138248847926248,0.25892857142857156,0.0,-0.21581365515697423,-0.4331871521978657,0.0,-0.4081712474589683,0.22823529411764712,0.4226611781815951,0.23536628869821966,0.20915185651683832,1.0000000000000002,0.0,1.0,1.17204208478042,0.007357470968698932,0.20482054034683722,0.14450202039644655,429,0
13.0,BOLÍVAR,13780.0,13780.0,TALAIGUA NUEVO,BOLÍVAR,CARIBE,0.4133640552995391,0.4419642857142859,0.0,0.5186353863952727,-0.2988461070911719,0.0,0.24684407098375885,0.2823529411764707,0.3154918253869455,-0.24025208596095596,0.589051369317634,-1.0,0.8204296097067337,0.0,1.3381901363519277,-0.07565347721326447,0.20335974174840338,0.14439506955609294,430,0
68.0,SANTANDER,68344.0,68344.0,HATO,SANTANDER,NORORIENTE,0.4423963133640554,0.2723214285714286,0.0,-0.6348226868835652,-0.31603394149960523,0.0,-0.0645174358003662,0.43764705882352944,-0.1950546486891935,0.86084338536881,0.5498478355650416,0.0,-0.6393305376447123,0.0,1.5289927174792224,-0.2906611434083988,0.20327610704817942,0.1443889463290572,431,0
73.0,TOLIMA,73152.0,73152.0,CASABIANCA,TOLIMA,CENTRO SUR,0.16129032258064518,0.1339285714285714,1.0,-0.49566947644552123,0.3144585866621344,0.0,-0.385510103885235,0.2752941176470587,0.1794567355112193,-0.13774297208812608,0.5889309176759566,1.0000000000000002,0.05660264741218082,0.0,0.3459939638222007,-0.3802738871249697,0.2032468365966834,0.14438680332358858,432,0
73.0,TOLIMA,73347.0,73347.0,HERVEO,TOLIMA,CENTRO SUR,0.2474654377880187,0.5892857142857143,1.0,-0.7988902402876598,0.48586759290154036,0.0,-0.02826030121086192,0.12470588235294115,0.1794567355112193,-0.15195639621341364,0.5344954659184356,0.0,0.05660264741218082,0.0,0.28779933760338366,-0.33921815926056165,0.202554266629028,0.14433609753832574,433,0
41.0,HUILA,41006.0,41006.0,ACEVEDO,HUILA,CENTRO SUR,0.1152073732718894,0.4553571428571429,1.0,0.06677608509306908,0.28588464529219104,0.0,-0.7785422947238015,-0.9294117647058828,0.46586943020641003,0.7009674803668652,-0.45096120548730373,0.0,-0.5539651466003332,0.0,0.4212039425513621,0.9731350846835505,0.20255043161910594,0.14433581676208843,434,0
17.0,CALDAS,17446.0,17446.0,MARULANDA,CALDAS,OCCIDENTE,0.08986175115207387,-0.276785714285714,1.0,-0.7525981408726664,1.0201354538188776,0.0,0.4916176131903782,0.39058823529411746,-0.5206856369030118,0.6620891621908254,1.091680462106507,1.0000000000000002,-0.8930772834598875,0.0,0.19488536549639937,-1.1877819941881902,0.20124510663565734,0.14424024875972036,435,0
41.0,HUILA,41676.0,41676.0,SANTA MARÍA,HUILA,CENTRO SUR,0.30875576036866376,0.47767857142857145,0.0,-0.09812269703096897,-0.08052131497518056,0.0,-0.3121051812293331,-0.11529411764705917,0.46586943020641003,0.5456000033014115,0.5305498496189504,1.0000000000000002,-0.5539651466003332,0.0,-0.018634830923977042,0.014201870997065607,0.20025554762877293,0.1441677992328114,436,0
54.0,NORTE DE SANTANDER,54128.0,54128.0,CÁCHIRA,NORTE DE SANTANDER,NORORIENTE,-0.6608294930875577,0.6964285714285714,0.0,-0.4367577613770273,0.05806164295336363,0.0,-0.15328257275350687,0.35294117647058826,0.4226611781815951,0.40063310400419827,0.6777129365781869,1.0000000000000002,0.0,1.0,0.40206795660253597,-0.5234592337880899,0.20013654994477104,0.14415908694193313,437,0
70.0,SUCRE,70235.0,70235.0,GALERAS,SUCRE,CARIBE,0.4285714285714288,0.236607142857143,0.0,0.3094377878079562,0.14528302277153898,0.0,0.31292847071973345,0.032941176470587974,0.880925368474336,-0.14741731939838473,0.2951263795567298,-1.0,1.838199989484149,1.0,0.08573536425104515,-0.1824986901506277,0.19964477489665347,0.14412308214653047,438,0
85.0,CASANARE,85279.0,85279.0,RECETOR,CASANARE,ORINOQUÍA,-0.8847926267281107,-0.0669642857142857,1.0,0.08311850541602733,0.39022239515439144,0.0,0.09939682963508913,0.4964705882352942,-0.53413056979359,0.6196522928802778,0.6544742526143309,1.0000000000000002,0.7156100787598901,0.0,-0.13360616870797262,0.1959879889714526,0.19687032764109016,0.14391995389475268,439,0
76.0,VALLE DEL CAUCA,76250.0,76250.0,EL DOVIO,VALLE DEL CAUCA,SUR-OCCIDENTE,-0.1520737327188939,-0.16071428571428545,2.0,-0.433853821439914,1.5991928192800924,0.6811594202898569,-0.04212577100811761,-0.05882352941176478,-0.3266245789331387,-0.18854466569160572,-0.15927562277166904,0.0,-0.3001020756710667,1.0,0.29619401385295335,-0.7165094940249951,0.19618688302050535,0.14386991621222403,440,0
41.0,HUILA,41801.0,41801.0,TERUEL,HUILA,CENTRO SUR,0.09677419354838718,-0.04017857142857136,0.0,-0.12711138100487301,0.1958689226732137,0.0,0.27994365726763926,0.004705882352941199,0.46586943020641003,1.017304361410437,0.16185646254116082,0.0,-0.5539651466003332,0.0,1.0422357766775239,-0.13886383829941742,0.1941393700752035,0.14372000969508353,441,0
19.0,CAUCA,19100.0,19100.0,BOLÍVAR,CAUCA,SUR-OCCIDENTE,1.567741935483871,0.4598214285714287,0.0,0.1193690919147352,0.8058687487146575,0.4057971014492745,-0.8554723117668769,0.11529411764705876,0.8309935282649857,-0.09391234771649916,0.4692453659775228,0.0,0.2232853082162463,1.0,-0.6266363989873883,-1.8875629877958324,0.19111590132277573,0.1434986495950658,442,0
19.0,CAUCA,19022.0,19022.0,ALMAGUER,CAUCA,SUR-OCCIDENTE,1.8617511520737327,0.9866071428571428,0.0,-0.572952104523405,0.9875049582833799,0.0,-1.6288344348288346,0.3576470588235295,0.8309935282649857,-0.5579306914387544,-0.36512985157761096,0.0,0.2232853082162463,1.0,-0.72032759925791,-0.503681881636406,0.18936778848863406,0.14337066334367918,443,0
47.0,MAGDALENA,47245.0,47245.0,EL BANCO,MAGDALENA,CARIBE,0.727188940092166,0.6205357142857145,0.0,1.0640069282853695,0.16211127262666952,0.0,0.32325652966092105,-2.002352941176471,0.5443066205175583,-0.08662999268676017,-0.15349481105628887,-1.0,0.541757682353288,1.0,0.741695876775754,0.04750456174475442,0.1891575528460104,0.14335527116115998,444,0
15.0,BOYACÁ,15464.0,15464.0,MONGUA,BOYACÁ,NORORIENTE,0.5253456221198156,0.4419642857142859,0.0,-0.09683530931691996,-0.5642090810035859,0.0,0.22015158752443084,0.3670588235294119,-0.0,0.5006440947689601,0.6005288385743379,0.0,-0.45824231764671197,0.0,0.9490716037248005,-0.24492715433025528,0.18897886962087634,0.14334218905586107,445,0
68.0,SANTANDER,68745.0,68745.0,SIMACOTA,SANTANDER,NORORIENTE,0.31336405529953937,0.16517857142857154,0.0,-0.47734535095383607,0.3927746671211211,0.0,0.5712149527329304,-0.030588235294117586,-0.1950546486891935,0.3703093063980211,-0.07281716107256452,1.0000000000000002,-0.6393305376447123,0.0,0.6066566325800581,0.08099021647863554,0.18730117264104912,0.1432193582275432,446,0
5.0,ANTIOQUIA,5051.0,5051.0,ARBOLETES,URABÁ,OCCIDENTE,0.49769585253456244,0.8169642857142859,0.0,0.12110908600492429,0.5116921835482996,0.057971014492752944,-0.006725102037611748,-0.3129411764705883,-0.729465887115974,-0.09588159501460293,0.6025989202498668,0.0,0.2330297065267568,1.0,-0.3002220873860119,0.1345682694739513,0.18702000810167735,0.14319877306009046,447,0
50.0,META,50110.0,50110.0,BARRANCA DE UPÍA,META,ORINOQUÍA,-0.35023041474654387,-0.1919642857142856,1.0,1.5090588074548181,0.3215568880334345,0.0,0.5610455951819668,-0.19294117647058834,-0.0637804626737325,0.48421602703503025,0.4252133381935335,0.0,-0.48827908621675425,1.0,-0.08510312921969684,0.30309769062009184,0.1860051502326654,0.1431244713034714,448,0
5.0,ANTIOQUIA,5483.0,5483.0,NARIÑO,ANTIOQUIA,OCCIDENTE,0.3410138248847926,0.4910714285714285,1.0,-0.7354081445451478,0.7293032543427828,0.0,-0.5459755265787125,0.28941176470588226,-0.729465887115974,0.5372209803841035,0.03589169223794116,0.0,0.2330297065267568,1.0,0.37055799920683413,-0.7751771832777276,0.18543687506919926,0.14308286563219683,449,0
54.0,NORTE DE SANTANDER,54239.0,54239.0,DURANIA,NORTE DE SANTANDER,NORORIENTE,0.8880184331797237,0.16517857142857154,0.0,0.2703546014413763,0.14855854999450313,0.0,-0.109066337566221,0.31058823529411744,0.4226611781815951,0.04498880498672913,0.29201237991682166,0.0,0.0,1.0,0.19240831120691212,-0.41772383684419384,0.1849562854156812,0.1430476797637519,450,0
15.0,BOYACÁ,15244.0,15244.0,EL COCUY,BOYACÁ,NORORIENTE,1.0138248847926268,0.38392857142857145,0.0,-0.7412051697686499,-0.19932033562321988,0.0,0.3485534788570617,0.11999999999999995,-0.0,-0.013987389339750229,0.5339767570577566,0.0,-0.45824231764671197,0.0,1.287224308824872,-0.7170846053851085,0.18313861602507508,0.14291460100188919,451,0
5.0,ANTIOQUIA,5113.0,5113.0,BURITICÁ,ANTIOQUIA,OCCIDENTE,0.654377880184332,0.46874999999999994,0.0,-0.26652712521694655,0.6120231383329888,0.0,0.047738570734968566,0.02823529411764678,-0.729465887115974,0.05555844527526479,-0.5206759849636986,1.0000000000000002,0.2330297065267568,1.0,-0.12851311720544206,0.2008160647659399,0.18167231594729583,0.14280724737648373,452,0
20.0,CESAR,20400.0,20400.0,LA JAGUA DE IBIRICO,CESAR,CARIBE,0.09677419354838718,-0.3660714285714283,2.0,1.9424301065814435,0.3593562154854746,0.0,0.42872838500783883,-1.150588235294118,0.4526924614470711,0.9418491850211131,-0.9959968483622288,-1.0,0.41106341893158643,1.0,-0.3801128559305957,0.4122541337730915,0.1801850862461347,0.1426983614106096,453,0
68.0,SANTANDER,68705.0,68705.0,SANTA BÁRBARA,SANTANDER,NORORIENTE,0.33502304147465456,0.5803571428571428,0.0,-0.37136035343059853,-0.09729022590673408,0.0,0.5635207251099635,0.4141176470588234,-0.1950546486891935,0.26294341973337815,0.047866841738315034,1.0000000000000002,-0.6393305376447123,0.0,0.4753074977339968,-0.24943355275478848,0.1790794697138184,0.14261741485345458,454,0
47.0,MAGDALENA,47205.0,47205.0,CONCORDIA,MAGDALENA,CARIBE,1.3474654377880186,1.2098214285714288,0.0,0.29820611012943155,-0.5030531697945014,0.0,0.3112104181343539,0.4541176470588234,0.5443066205175583,-0.4979695674794734,0.16141420253261912,-1.0,0.541757682353288,1.0,-0.3664889631717445,-0.5182952753726592,0.17403263991556794,0.14224791649233673,455,0
73.0,TOLIMA,73870.0,73870.0,VILLAHERMOSA,TOLIMA,CENTRO SUR,-0.05990783410138235,0.46874999999999994,1.0,-0.2874871454559453,0.7488164064243565,0.0,-0.4599488474544147,0.18588235294117633,0.1794567355112193,0.4987317878794993,0.39167862635236345,0.0,0.05660264741218082,0.0,0.0665314841321861,-0.8165855443117368,0.17352838991020925,0.14221099835599726,456,0
23.0,CÓRDOBA,23678.0,23678.0,SAN CARLOS,CÓRDOBA,CARIBE,0.38248847926267304,0.7678571428571429,0.0,-0.25531167008964906,-0.12802255180156238,0.0,0.36234528438875124,0.34352941176470586,0.8291999008918115,-0.08450877227618682,0.1255994550217293,0.0,1.6918922599612225,0.0,-0.6559612187747438,-0.4608216970451027,0.1715643366846592,0.1420672022548804,457,0
70.0,SUCRE,70110.0,70110.0,BUENAVISTA,SUCRE,CARIBE,0.6331797235023043,0.3705357142857144,0.0,1.2394795680180835,0.052284692558997974,0.0,0.3010800226114764,0.3505882352941175,0.880925368474336,0.10387676251767304,-0.3589374817141326,-1.0,1.838199989484149,1.0,0.06276152144525877,-1.088976253266977,0.17148863631053574,0.1420616599312252,458,0
68.0,SANTANDER,68101.0,68101.0,BOLÍVAR,SANTANDER,NORORIENTE,0.09861751152073737,0.2098214285714287,1.0,-1.0170627660888065,0.16437344994030997,0.0,0.5251796216898234,0.30588235294117627,-0.1950546486891935,0.7320644673649919,0.5259506727604085,1.0000000000000002,-0.6393305376447123,0.0,0.6097692177343903,-1.7091908027719358,0.1707831335972485,0.14201000728852775,459,0
5.0,ANTIOQUIA,5649.0,5649.0,SAN CARLOS,ANTIOQUIA,OCCIDENTE,-0.5161290322580645,-0.4598214285714284,1.0,-0.5339465081574617,1.715507529347059,0.0,0.5388014330900107,-0.22588235294117673,-0.729465887115974,0.3652197044113419,0.2546384864969206,0.0,0.2330297065267568,1.0,0.39154313608068053,-0.11012198555098925,0.17030726306914956,0.14197516692591083,460,0
52.0,NARIÑO,52565.0,52565.0,PROVIDENCIA,NARIÑO,SUR-OCCIDENTE,1.0695852534562211,0.6473214285714285,0.0,-0.02326168026025627,0.2303387835309742,0.0,-2.3928873254463956,0.40941176470588225,0.9059388934666076,-0.3288953531489654,0.2479623142840294,-1.0,0.9204622727109818,0.0,0.18240959987780933,0.850407448531088,0.1696928346502482,0.1419301821923486,461,0
68.0,SANTANDER,68152.0,68152.0,CARCASÍ,SANTANDER,NORORIENTE,0.6866359447004609,0.8928571428571428,0.0,-0.7964889526306626,-0.6036238834212897,0.0,-0.2916962031920089,0.41647058823529426,-0.1950546486891935,0.38177007618499686,0.6676193433899984,1.0000000000000002,-0.6393305376447123,0.0,0.778459298598607,-1.2436662844265227,0.1684460749272791,0.14183890198422575,462,0
52.0,NARIÑO,52352.0,52352.0,ILES,NARIÑO,SUR-OCCIDENTE,1.5852534562211982,0.12500000000000017,0.0,-0.13437814799960082,-0.46939763882444346,1.188405797101451,-1.122556709307159,0.20705882352941152,0.9059388934666076,-0.5729232529321581,-0.1733281233913658,0.0,0.9204622727109818,0.0,-0.5209837479154442,0.17625501055837742,0.16801651722130534,0.14180745236640468,463,0
68.0,SANTANDER,68176.0,68176.0,CHIMA,SANTANDER,NORORIENTE,0.22580645161290316,0.19642857142857165,0.0,-0.9340182749550737,-0.09678780257179141,0.0,-0.08892590515072746,0.36235294117647066,-0.1950546486891935,0.42172610726243553,0.5893009568723011,0.0,-0.6393305376447123,0.0,1.5463099683378694,-0.020561915717404674,0.16531814102631728,0.1416098935777027,464,0
20.0,CESAR,20614.0,20614.0,RÍO DE ORO,MAGDALENA MEDIO,NORORIENTE,0.456221198156682,0.3348214285714285,0.0,0.2521654020791049,0.5059742170684863,0.0,0.33329993736455144,0.12470588235294115,0.4526924614470711,0.060481250427046766,-0.2862106629319332,0.0,0.41106341893158643,1.0,-0.5134842671269283,0.08480422747679794,0.16298174297749807,0.14143883664008672,465,0
19.0,CAUCA,19455.0,19455.0,MIRANDA,CAUCA,SUR-OCCIDENTE,-0.6129032258064515,-0.8571428571428568,3.0,0.6427838005093772,2.0470122718227906,0.3333333333333333,0.14736665908407687,-0.6541176470588237,0.8309935282649857,-0.2592142703570788,-1.1400577676059842,-1.0,0.2232853082162463,1.0,-0.24426523794481803,0.5309562176858627,0.16295890432626997,0.14143716453214247,466,0
70.0,SUCRE,70742.0,70742.0,SAN LUIS DE SINCÉ,SUCRE,CARIBE,0.5276497695852536,0.4598214285714287,0.0,0.4833432839514527,-0.14659959669102654,0.0,0.4644172636853576,-0.10117647058823558,0.880925368474336,-0.3434865316403569,0.5076550417981548,-1.0,1.838199989484149,1.0,-0.11781069834144713,-0.8467146530432403,0.15932637912019454,0.14117121300137567,467,0
41.0,HUILA,41872.0,41872.0,VILLAVIEJA,HUILA,CENTRO SUR,0.2539170506912442,-0.12946428571428564,0.0,-0.2085541603513816,-0.040541504136830844,0.7681159420289863,0.02224104949554943,-0.16941176470588235,0.46586943020641003,0.3333574639841561,0.22994569931587153,0.0,-0.5539651466003332,0.0,0.7196917623513832,0.06379022731617148,0.1572426448902216,0.1410186545807911,468,0
5.0,ANTIOQUIA,5425.0,5425.0,MACEO,ANTIOQUIA,OCCIDENTE,-0.752073732718894,-0.21428571428571416,0.0,0.02288755206115951,1.4862096374239682,0.5217391304347824,0.7038956313789434,-0.17411764705882354,-0.729465887115974,0.25882149901350526,0.8932663422363141,0.0,0.2330297065267568,1.0,-0.18508139084361902,-0.029440107101057347,0.15582077215679238,0.14091455365689975,469,0
13.0,BOLÍVAR,13062.0,13062.0,ARROYOHONDO,BOLÍVAR,CARIBE,0.6359447004608297,1.2321428571428574,0.0,1.2764404234304358,-0.2717695082046926,0.057971014492752944,0.7488495615906607,0.4611764705882354,0.3154918253869455,-0.8172364559793412,0.022773054256134347,-1.0,0.8204296097067337,0.0,-0.027047587174442875,-0.2848100400586339,0.1552947530257212,0.14087604171680723,470,0
8.0,ATLÁNTICO,8675.0,8675.0,SANTA LUCÍA,ATLÁNTICO,CARIBE,0.6082949308755762,0.2857142857142859,0.0,1.165237060237094,-0.38823034374275334,0.0,0.14934031071707665,0.41176470588235303,-0.0399766904650517,-0.2234256521096502,-0.26790630265079896,-1.0,1.132936695799988,0.0,1.0580337424608397,0.33312651152978834,0.15430155666690948,0.14080332588498418,471,0
8.0,ATLÁNTICO,8137.0,8137.0,CAMPO DE LA CRUZ,ATLÁNTICO,CARIBE,0.28571428571428586,1.0624999999999998,0.0,1.5022963101399633,-0.3482117631420953,0.0,-0.8168835413496955,0.19999999999999993,-0.0399766904650517,-0.044273558772301054,-0.4084209233823332,-1.0,1.132936695799988,0.0,1.35307845209014,-0.25315956919999866,0.1536381900759156,0.1407547581943762,472,0
68.0,SANTANDER,68264.0,68264.0,ENCINO,SANTANDER,NORORIENTE,0.03686635944700481,-0.3928571428571427,0.0,-0.7716388172764026,-0.40865576790325725,0.0,0.37120804657740664,0.468235294117647,-0.1950546486891935,0.7477187833127711,0.5621271215954509,1.0000000000000002,-0.6393305376447123,0.0,0.9552093873624655,0.1941298639122729,0.15355470492344117,0.1407486459163224,473,0
23.0,CÓRDOBA,23419.0,23419.0,LOS CÓRDOBAS,CÓRDOBA,CARIBE,0.6377880184331799,0.8794642857142858,0.0,0.31597475607387615,0.06899118379161473,0.0,-0.3556108654622185,0.3223529411764707,0.8291999008918115,-0.14497139402209802,-0.8133267226801938,0.0,1.6918922599612225,0.0,-0.5784570809734968,-0.16679913901747348,0.15341573443118586,0.14073847133719358,474,0
70.0,SUCRE,70717.0,70717.0,SAN PEDRO,SUCRE,CARIBE,0.5806451612903226,0.28125000000000017,0.0,0.5262138188519079,0.22931028850038418,0.0,0.3605501778189133,-0.014117647058823598,0.880925368474336,-0.7772983450195675,0.23342203402089093,-1.0,1.838199989484149,1.0,0.09541343806424982,-0.5286558490987696,0.15263595566167143,0.14068138065078487,475,0
50.0,META,50287.0,50287.0,FUENTE DE ORO,META,ORINOQUÍA,-0.3294930875576036,-0.3928571428571427,1.0,0.25581264736117953,0.47344560248155626,0.0,0.7113447941308206,-0.12470588235294115,-0.0637804626737325,-0.133693341908576,0.5637452545916897,0.0,-0.48827908621675425,1.0,0.5918098443439047,0.16213702733012997,0.15253084571313866,0.14067368513592254,476,0
41.0,HUILA,41530.0,41530.0,PALESTINA,HUILA,CENTRO SUR,0.1797235023041474,0.4553571428571429,0.0,0.4779240887512169,-0.16238303554484496,0.0,-0.7943147322013722,0.15058823529411752,0.46586943020641003,0.6503099668606005,-0.27753993778078767,0.0,-0.5539651466003332,0.0,0.9273305909801419,0.2614153284265026,0.15118033051669424,0.14057480857941096,477,0
19.0,CAUCA,19392.0,19392.0,LA SIERRA,CAUCA,SUR-OCCIDENTE,0.8894009216589864,0.5714285714285715,0.0,-0.145162845989735,0.6372233251523131,1.3333333333333353,-0.9594317994041396,0.26823529411764707,0.8309935282649857,-0.5785894277780117,0.005140997284766552,0.0,0.2232853082162463,1.0,-0.8040146971573953,-1.1134963026411258,0.15023939130326397,0.140505918699789,478,0
73.0,TOLIMA,73236.0,73236.0,DOLORES,TOLIMA,CENTRO SUR,0.2995391705069124,-0.35714285714285715,1.0,-0.4128766483361747,1.2331424703284763,0.014492753623188236,0.013540943498172751,0.11294117647058836,0.1794567355112193,0.6613943351342222,0.7878152782246961,0.0,0.05660264741218082,0.0,-0.42562219568710047,-1.3443864479829377,0.14828650519223646,0.14036294018727313,479,0
54.0,NORTE DE SANTANDER,54480.0,54480.0,MUTISCUA,NORTE DE SANTANDER,NORORIENTE,-0.19815668202764966,0.06250000000000025,0.0,-0.3422789766556421,-0.47012951625856403,0.0,-0.23938826236249125,0.2823529411764707,0.4226611781815951,0.4357679134897049,0.33271007900523364,1.0000000000000002,0.0,1.0,0.8767529184723324,-0.5344981809949682,0.14778030217368232,0.14032587906311686,480,0
13.0,BOLÍVAR,13140.0,13140.0,CALAMAR,BOLÍVAR,CARIBE,0.5207373271889403,0.9687500000000001,0.0,1.1706162618875233,-0.15682204286237492,0.4057971014492745,0.2109978362760149,0.18823529411764714,0.3154918253869455,-0.33341771600994585,0.1134157237603207,-1.0,0.8204296097067337,0.0,-0.10001771745921184,-0.4604628098387102,0.14690047711373996,0.14026146359227376,481,0
85.0,CASANARE,85410.0,85410.0,TAURAMENA,CASANARE,ORINOQUÍA,-1.0506912442396312,-0.607142857142857,1.0,0.4352376739928501,0.35352170697341606,0.0,0.529174762257249,-2.1952941176470597,-0.53413056979359,0.8603760344662416,0.15784893572754882,0.0,0.7156100787598901,0.0,1.13159825277508,1.0015207465492688,0.1430672989281778,0.13998082146363908,482,0
44.0,LA GUAJIRA,44874.0,44874.0,VILLANUEVA,LA GUAJIRA,CARIBE,-0.026267281105990792,-0.43749999999999983,1.0,0.8427443964045245,0.04431903918390191,0.0,0.24449330518965617,-0.15294117647058833,0.8156293661493513,0.16939797436518345,-0.8173591734762411,-1.0,2.0475973594765238,1.0,0.1458109697297939,0.30286290692457296,0.13865977009469638,0.13965812885349485,483,0
5.0,ANTIOQUIA,5044.0,5044.0,ANZÁ,ANTIOQUIA,OCCIDENTE,0.262672811059908,0.28125000000000017,0.0,-0.7923992161422238,0.30093082269699695,0.0,-0.12866257766788722,0.2494117647058823,-0.729465887115974,0.14398612753926104,0.2438579569254259,1.0000000000000002,0.2330297065267568,1.0,-0.2165117774020422,0.10821908910381235,0.1381127858077004,0.1396180819714557,484,0
47.0,MAGDALENA,47555.0,47555.0,PLATO,MAGDALENA,CARIBE,0.5253456221198156,0.5312500000000001,0.0,0.6565958375433053,0.23302014168575913,0.04347826086956471,0.6624782070016357,-1.421176470588236,0.5443066205175583,0.4918083836602357,-0.18780995250220991,-1.0,0.541757682353288,1.0,0.03359537249910371,-0.6579020028616142,0.13786773615992498,0.13960014091798945,485,0
68.0,SANTANDER,68573.0,68573.0,PUERTO PARRA,MAGDALENA MEDIO,NORORIENTE,-0.14746543778801827,-0.20982142857142835,0.0,0.9507280547503597,0.03303679000853035,0.014492753623188236,0.8542113531754219,0.11529411764705876,-0.1950546486891935,0.44379812098078536,0.4575212544261189,0.0,-0.6393305376447123,0.0,0.17271787189726115,0.87484170050624,0.13758960150515076,0.13957977758036613,486,0
23.0,CÓRDOBA,23675.0,23675.0,SAN BERNARDO DEL VIENTO,CÓRDOBA,CARIBE,0.9400921658986174,0.7232142857142857,0.0,0.5093385343171047,0.1213864649524064,0.0,-0.8980037308760235,-0.05176470588235319,0.8291999008918115,-0.3792304270167136,-0.7908273312125349,-1.0,1.6918922599612225,0.0,0.699267576338684,-0.4774828988701079,0.13108149891955279,0.13910329366164967,487,0
70.0,SUCRE,70820.0,70820.0,SANTIAGO DE TOLÚ,SUCRE,CARIBE,0.5207373271889403,0.08482142857142881,0.0,0.7834531371476694,0.050589100794246396,0.0,0.334721285045389,-1.002352941176471,0.880925368474336,0.06974670622360168,-0.9170399996403318,-1.0,1.838199989484149,1.0,0.6972021245696054,-0.41258653573159826,0.12981011638205378,0.1390102107199339,488,0
68.0,SANTANDER,68444.0,68444.0,MATANZA,SANTANDER,NORORIENTE,-0.24884792626728106,-0.11607142857142831,1.0,-0.4882767793683156,0.08953124271879814,0.0,-0.2313325373593728,0.20470588235294113,-0.1950546486891935,0.641241491561339,0.718396337854716,0.0,-0.6393305376447123,0.0,0.49992558478797694,0.13051310117341514,0.12970342148145977,0.13900239916446544,489,0
68.0,SANTANDER,68820.0,68820.0,TONA,SANTANDER,NORORIENTE,-0.336405529953917,0.2232142857142857,0.0,-0.3143466826067864,-0.3361001367779673,0.0,-0.16935211224130395,0.014117647058823598,-0.1950546486891935,-0.036391862860668416,0.3969922016472224,1.0000000000000002,-0.6393305376447123,0.0,1.0349647913170044,0.7676837345346941,0.12768507241292373,0.13885462785003624,490,0
13.0,BOLÍVAR,13760.0,13760.0,SOPLAVIENTO,BOLÍVAR,CARIBE,0.24884792626728106,-0.06249999999999994,0.0,0.5274695508194118,-0.4284954718149648,0.0,0.6588726413149761,0.4141176470588234,0.3154918253869455,0.3135952402623582,0.38635609173012186,-1.0,0.8204296097067337,0.0,0.9215666490276797,-0.4264083316456375,0.1276677782974277,0.1388533616794721,491,0
52.0,NARIÑO,52381.0,52381.0,LA FLORIDA,NARIÑO,SUR-OCCIDENTE,0.9953917050691246,0.8125000000000001,0.0,-0.640522203133888,0.011572127026977293,0.0,-1.2460484740027216,0.33411764705882346,0.9059388934666076,-0.8992560223157977,-0.1621721398083103,0.0,0.9204622727109818,0.0,0.1466726889391875,0.014648415624105156,0.12738631346848509,0.13883275452663277,492,0
73.0,TOLIMA,73563.0,73563.0,PRADO,TOLIMA,CENTRO SUR,-0.19815668202764966,-0.1874999999999998,1.0,-0.22939554032670056,0.3564075784949847,1.7826086956521765,0.378643598938349,0.00705882352941159,0.1794567355112193,-0.35019104694737047,0.22806692191114458,0.0,0.05660264741218082,0.0,-0.40776824188517524,-0.6364955666905292,0.12601135109422787,0.1387320880955867,493,0
5.0,ANTIOQUIA,5659.0,5659.0,SAN JUAN DE URABÁ,URABÁ,OCCIDENTE,1.161290322580645,0.9062500000000001,0.0,0.775878777842496,0.0372749716543686,0.1449275362318843,-1.2875642906797462,-0.0,-0.729465887115974,-0.146882718984639,0.3090069934044374,-1.0,0.2330297065267568,1.0,-0.27046716132733006,0.409808494259425,0.1256710650419838,0.13870717440845207,494,0
54.0,NORTE DE SANTANDER,54261.0,54261.0,EL ZULIA,NORTE DE SANTANDER,NORORIENTE,-0.12350230414746542,0.04910714285714291,1.0,0.6359066732237171,1.1136594296807873,0.0,-0.01588576277011768,-1.5247058823529416,0.4226611781815951,-0.10154610984964293,-0.3504172669560881,-1.0,0.0,1.0,-0.2668562932316246,1.202352010371084,0.12563826108982057,0.1387047727014306,495,0
5.0,ANTIOQUIA,5756.0,5756.0,SONSÓN,ANTIOQUIA,OCCIDENTE,-0.4193548387096775,-0.12946428571428564,1.0,-0.5361011500317412,0.8421163290211113,0.0,0.28491128604633137,-1.3035294117647063,-0.729465887115974,0.7825333699996726,0.04805242487413679,0.0,0.2330297065267568,1.0,0.4541988141873581,-0.2332992858222189,0.12260192869193247,0.138482470803075,496,0
73.0,TOLIMA,73124.0,73124.0,CAJAMARCA,TOLIMA,CENTRO SUR,-0.2718894009216589,-0.20535714285714257,1.0,0.21878482329928187,0.5979252221247684,0.0,-0.1444590090759522,-0.8635294117647061,0.1794567355112193,0.35359759490842957,0.649853898552463,0.0,0.05660264741218082,0.0,0.22601705537334563,-0.35788892581915244,0.12215673648660597,0.1384498765217486,497,0
15.0,BOYACÁ,15135.0,15135.0,CAMPOHERMOSO,BOYACÁ,NORORIENTE,0.09677419354838718,0.5133928571428571,0.0,-0.5632027176226408,-0.6200531373883869,0.0,0.9758643877709636,0.404705882352941,-0.0,0.18530902615401423,0.9091553605204019,1.0000000000000002,-0.45824231764671197,0.0,0.30568158849004545,-1.3243777664087606,0.11928787567008102,0.13823983587992852,498,0
15.0,BOYACÁ,15822.0,15822.0,TOTA,BOYACÁ,NORORIENTE,0.2534562211981567,0.31696428571428575,0.0,-0.9173239812867096,-0.648577622432188,0.0,-0.4193400340938762,0.27764705882352947,-0.0,0.2919881300651531,0.09698174948824406,1.0000000000000002,-0.45824231764671197,0.0,0.9177596788389175,0.06598253433527215,0.11790100172999356,0.13813829735605815,499,0
41.0,HUILA,41799.0,41799.0,TELLO,HUILA,CENTRO SUR,-0.21658986175115189,0.16517857142857154,1.0,-0.2979373180800262,0.8128541559134457,0.0,-0.24395117349051051,0.030588235294117586,0.46586943020641003,0.3384448690993689,-0.041096401058730254,0.0,-0.5539651466003332,0.0,-0.33893089847199037,0.2225498781611501,0.1177881594510505,0.13813003572671834,500,0
25.0,CUNDINAMARCA,25339.0,25339.0,GUTIÉRREZ,CUNDINAMARCA,CENTRO SUR,-0.42857142857142844,-0.14285714285714265,0.0,-0.5352537143144982,-0.25982530102851437,0.0,0.46938598818158617,0.2917647058823531,-0.8423028581296914,0.8537670792418223,0.011244994480639606,1.0000000000000002,-0.1617756769373358,0.0,0.7496412838363804,0.5817949113041312,0.11723685588534424,0.13808967261320942,501,0
50.0,META,50245.0,50245.0,EL CALVARIO,META,ORINOQUÍA,-1.023041474654378,-0.4955357142857141,1.0,-0.06586102833620894,-0.28438028407133503,0.0,0.5998341778778475,0.4705882352941178,-0.0637804626737325,0.10081331072032765,1.3764204911135725,1.0000000000000002,-0.48827908621675425,1.0,0.764401532901576,-0.8445962616618483,0.11624672762824709,0.138017181409242,502,0
5.0,ANTIOQUIA,5667.0,5667.0,SAN RAFAEL,ANTIOQUIA,OCCIDENTE,-0.2764976958525346,-0.17857142857142858,1.0,-0.7210892285453997,0.7905208458312206,0.0,0.23491511647125402,-0.3458823529411767,-0.729465887115974,0.09105804675607512,0.4094038404446979,0.0,0.2330297065267568,1.0,0.6270715902589665,-0.4631830552378148,0.11320335760594882,0.13779436425858155,503,0
54.0,NORTE DE SANTANDER,54377.0,54377.0,LABATECA,NORTE DE SANTANDER,NORORIENTE,-0.036866359447004476,0.022321428571428565,0.0,-0.1264194385288079,-0.058011780792273634,0.0,-0.15090358226649753,0.36470588235294105,0.4226611781815951,0.6564790197795229,-0.13658849599888262,1.0000000000000002,0.0,1.0,0.3425468044846124,-1.0605375873451124,0.1114935268258585,0.13766918078771212,504,0
68.0,SANTANDER,68162.0,68162.0,CERRITO,SANTANDER,NORORIENTE,0.2396313364055301,0.04910714285714291,0.0,-0.2329717105809487,-0.39404318465709315,0.0,0.027934911419788936,0.17882352941176474,-0.1950546486891935,0.6364362349785752,0.49490503755581994,0.0,-0.6393305376447123,0.0,1.294259500840367,-0.49070716035781337,0.11111748324936829,0.1376416491508675,505,0
15.0,BOYACÁ,15236.0,15236.0,CHIVOR,BOYACÁ,NORORIENTE,0.2396313364055301,0.2232142857142857,1.0,-1.216185624234369,-0.2545851867717716,0.0,0.990212320089833,0.4235294117647058,-0.0,-0.2637394638700468,0.36802176151214055,0.0,-0.45824231764671197,0.0,0.7103163402198519,-0.6302388852366665,0.11053933175846059,0.13759932039461692,506,0
15.0,BOYACÁ,15839.0,15839.0,TUTAZÁ,BOYACÁ,NORORIENTE,0.2027649769585253,-0.19642857142857134,0.0,-0.5084587942629057,-0.415651077904941,0.0,-0.3823191975410017,0.47529411764705903,-0.0,-0.05778524001629772,0.6271292732203612,1.0000000000000002,-0.45824231764671197,0.0,0.9784107368461991,0.04674852588462228,0.11010109126318048,0.13756723507546517,507,0
54.0,NORTE DE SANTANDER,54347.0,54347.0,HERRÁN,NORTE DE SANTANDER,NORORIENTE,0.12903225806451632,0.5178571428571428,0.0,0.7445359887249845,-0.29012160187195113,0.0,0.08556556782194252,0.43999999999999984,0.4226611781815951,0.738524891352464,-0.2627952098905283,0.0,0.0,1.0,0.1302648997923013,-1.1285048809563047,0.10990859802004245,0.13755314188415318,508,0
5.0,ANTIOQUIA,5819.0,5819.0,TOLEDO,ANTIOQUIA,OCCIDENTE,-0.05990783410138235,0.5669642857142858,1.0,-0.6792149114884848,1.827546095256634,0.0,-0.7074633106288389,0.14588235294117632,-0.729465887115974,-0.6347697654332511,0.047522795100174105,0.0,0.2330297065267568,1.0,-0.2928222349357692,-0.3639083005407713,0.10820606512665548,0.13742849272041996,509,0
68.0,SANTANDER,68773.0,68773.0,SUCRE,SANTANDER,NORORIENTE,-0.7161290322580646,0.28125000000000017,1.0,-0.7994446537131547,-0.14105214787780332,0.0,0.13016179250963802,0.39529411764705863,-0.1950546486891935,0.7283985536758208,0.6590726548553284,1.0000000000000002,-0.6393305376447123,0.0,0.2981626622838987,-0.9502481626444257,0.10589955231549385,0.13725962379919796,510,0
68.0,SANTANDER,68255.0,68255.0,EL PLAYÓN,SANTANDER,NORORIENTE,0.1764976958525345,0.21875000000000022,1.0,-0.26843615425942235,0.038317592390415454,0.0,-0.39148268174910916,-0.2752941176470591,-0.1950546486891935,0.42438751952462433,0.1268725670322875,0.0,-0.6393305376447123,0.0,0.5305925621418811,-0.17689016672042476,0.10521444847126808,0.13720946463834718,511,0
15.0,BOYACÁ,15621.0,15621.0,RONDÓN,BOYACÁ,NORORIENTE,-0.2949308755760368,0.2723214285714286,0.0,-0.3373252174550791,-0.6521171739335989,0.0,0.570001351316584,0.4541176470588234,-0.0,0.5337316595549373,0.7152154909584398,1.0000000000000002,-0.45824231764671197,0.0,0.27759289459731434,-0.6492598312783557,0.10129347431212157,0.13692239461940334,512,0
52.0,NARIÑO,52786.0,52786.0,TAMINANGO,NARIÑO,SUR-OCCIDENTE,0.16589861751152082,-0.20982142857142835,0.0,0.21160960106982482,0.4283865547345463,0.0,-0.30459428135465566,-0.39058823529411785,0.9059388934666076,-0.1986108665955192,0.23050590065608711,0.0,0.9204622727109818,0.0,0.5721011367000146,-0.6389051990648479,0.10108428166342104,0.1369070787985925,513,0
23.0,CÓRDOBA,23189.0,23189.0,CIÉNAGA DE ORO,CÓRDOBA,CARIBE,0.6129032258064518,0.5133928571428571,0.0,0.3551363100407578,-0.24804319197482158,0.0,0.039963542168352566,-0.3435294117647063,0.8291999008918115,-0.07508139740632383,-0.2776674508928106,-1.0,1.6918922599612225,0.0,-0.33854467386950676,-0.043853821584760394,0.09767500866495826,0.13665747244452603,514,0
68.0,SANTANDER,68655.0,68655.0,SABANA DE TORRES,MAGDALENA MEDIO,NORORIENTE,-0.2534562211981567,-0.1874999999999998,1.0,0.6371586868893744,0.708173199165909,0.0,0.6057681428260402,-1.7529411764705887,-0.1950546486891935,0.3438343583178776,0.20991202120775654,0.0,-0.6393305376447123,0.0,-0.07133633853709345,0.4201780474884401,0.09747404689832248,0.13664275923913022,515,0
23.0,CÓRDOBA,23672.0,23672.0,SAN ANTERO,CÓRDOBA,CARIBE,-0.3728110599078339,0.23214285714285723,0.0,0.5490492234754111,0.13884398630946498,1.449275362318843,-0.8743189506403491,-0.16000000000000034,0.8291999008918115,0.09163616327938935,-0.7285215066322652,-1.0,1.6918922599612225,0.0,0.22487735615016893,-0.1606781705562974,0.09658753993208032,0.13657785455951144,516,0
70.0,SUCRE,70702.0,70702.0,SAN JUAN DE BETULIA,SUCRE,CARIBE,0.059907834101382694,0.17857142857142855,0.0,-0.29423901478302433,0.02121444057371414,0.0,-0.07136731184996148,0.28941176470588226,0.880925368474336,-0.11236853469617235,0.6196559842330346,-1.0,1.838199989484149,1.0,0.0,-0.9501530890298658,0.09382567469504116,0.1363756474870502,517,0
23.0,CÓRDOBA,23586.0,23586.0,PURÍSIMA DE LA CONCEPCIÓN,CÓRDOBA,CARIBE,0.8156682027649772,0.549107142857143,0.0,0.18104530450079617,-0.18624395870943491,0.6086956521739137,0.18590653789585185,0.3035294117647059,0.8291999008918115,-0.665187830510718,-0.4739713274070163,-1.0,1.6918922599612225,0.0,-0.314547333512972,-0.5773128492573949,0.09313298132841472,0.13632493266726084,518,0
20.0,CESAR,20710.0,20710.0,SAN ALBERTO,MAGDALENA MEDIO,NORORIENTE,0.03686635944700481,-0.3973214285714285,0.0,0.6552534712910113,0.21112305656420513,0.0,0.6269730702853726,-1.0729411764705885,0.4526924614470711,0.7217973296622824,-0.6455028266321415,-1.0,0.41106341893158643,1.0,0.5466948746069542,0.5719752937561562,0.09305486887943148,0.13631921374606953,519,0
68.0,SANTANDER,68502.0,68502.0,ONZAGA,SANTANDER,NORORIENTE,0.573271889400922,0.6383928571428572,0.0,-1.2253044900774004,-0.4444010124885852,0.0,0.3999265566583368,0.38352941176470584,-0.1950546486891935,-0.007628151797443407,0.8253991474480018,1.0000000000000002,-0.6393305376447123,0.0,0.6612310211193715,-1.8756512011813924,0.09261100708110273,0.13628671686909893,520,0
76.0,VALLE DEL CAUCA,76246.0,76246.0,EL CAIRO,VALLE DEL CAUCA,SUR-OCCIDENTE,-0.1152073732718894,-0.2232142857142857,1.0,-0.3895021114334432,0.46355571371814996,0.7681159420289863,-2.014871263796384,0.23764705882352952,-0.3266245789331387,-0.07286759186225834,0.20774557610794653,0.0,-0.3001020756710667,1.0,1.5463099683378694,-0.8761042182952686,0.08795990317013466,0.13594619116460868,521,0
68.0,SANTANDER,68318.0,68318.0,GUACA,SANTANDER,NORORIENTE,-0.25576036866359436,0.8705357142857143,0.0,-0.2880579588494348,-0.5531179611836047,0.0,-0.1698988512952898,0.29882352941176465,-0.1950546486891935,0.2685822753313029,0.5065359100518626,0.0,-0.6393305376447123,0.0,0.5317008096968319,0.19296897816100506,0.08780633739803899,0.13593494800734332,522,0
73.0,TOLIMA,73226.0,73226.0,CUNDAY,TOLIMA,CENTRO SUR,0.14700460829493112,0.0,0.0,-0.20437801566083347,0.6056122229334708,0.0,0.1113183254500869,0.2729411764705883,0.1794567355112193,-0.099302839548399,0.6612349768458803,1.0000000000000002,0.05660264741218082,0.0,-0.6518581179462984,-0.7517860206752549,0.08662746108110442,0.13584863781173917,523,0
5.0,ANTIOQUIA,5034.0,5034.0,ANDES,ANTIOQUIA,OCCIDENTE,0.09354838709677425,-0.031249999999999813,0.0,-0.8523644520235333,0.44429809886667304,2.768115942028988,-0.7510382940611041,-2.5058823529411773,-0.729465887115974,0.3768224211218652,-0.24648674803704898,-1.0,0.2330297065267568,1.0,0.2971221205656387,-0.0008770213376734092,0.0837019735540103,0.13563445130457644,524,0
15.0,BOYACÁ,15047.0,15047.0,AQUITANIA,BOYACÁ,NORORIENTE,0.013824884792626927,-0.325892857142857,0.0,-0.3681525965703385,-0.38043012108637103,0.0,0.35448579577796024,-0.4400000000000002,-0.0,0.6104446517171019,0.5212613897456867,0.0,-0.45824231764671197,0.0,1.0867950688869221,-0.024515231970432143,0.08105178668824871,0.13544042064717354,525,0
13.0,BOLÍVAR,13873.0,13873.0,VILLANUEVA,BOLÍVAR,CARIBE,0.8737327188940094,0.5937500000000001,0.0,1.4609529874250633,0.004998850326884528,0.0,-0.17793781967706673,0.32941176470588224,0.3154918253869455,0.11001001547966707,0.16647652793619622,-2.0,0.8204296097067337,0.0,-0.5308161138196323,-0.18405468704944036,0.07937095179001341,0.1353173600794439,526,0
50.0,META,50270.0,50270.0,EL DORADO,META,ORINOQUÍA,-0.6221198156682027,-0.5312499999999999,1.0,0.12869364287592217,0.6161186619181734,0.0,-0.8520642942759523,0.30588235294117627,-0.0637804626737325,0.25333329122479287,0.17182237577964082,0.0,-0.48827908621675425,1.0,0.39417292871107434,0.6598890889651485,0.07880106599364467,0.1352756364873672,527,0
17.0,CALDAS,17495.0,17495.0,NORCASIA,CALDAS,OCCIDENTE,-0.3179723502304147,0.026785714285714343,1.0,0.010141651820924148,0.520719142482285,0.0,0.029573571896500703,-0.31764705882352945,-0.5206856369030118,0.49719075701197735,0.27462822926973995,0.0,-0.8930772834598875,0.0,-0.16162141259706161,0.44982188424561775,0.07818563361724737,0.13523057825010773,528,0
17.0,CALDAS,17662.0,17662.0,SAMANÁ,CALDAS,OCCIDENTE,0.22119815668202786,-0.04017857142857136,1.0,-0.5318765067180111,1.2727890111690885,0.0,-0.5730057987380773,-0.6329411764705886,-0.5206856369030118,0.20878528933092175,0.16608891071295298,0.0,-0.8930772834598875,0.0,0.0883622377146278,-0.07423953107697592,0.07776247372541775,0.1351995970415526,529,0
52.0,NARIÑO,52411.0,52411.0,LINARES,NARIÑO,SUR-OCCIDENTE,0.2995391705069124,-0.35267857142857134,1.0,-0.7556135896663612,1.9252894683016135,0.0,-1.4531664712432573,0.14352941176470593,0.9059388934666076,-0.4976539364653758,-0.5682918621614625,0.0,0.9204622727109818,0.0,-0.41088666537313046,-0.26359498703457507,0.07682059668975831,0.13513063850025778,530,0
68.0,SANTANDER,68190.0,68190.0,CIMITARRA,MAGDALENA MEDIO,NORORIENTE,-0.21658986175115189,-0.21428571428571416,0.0,0.5976970420970726,0.17879568083016353,0.08695652173913138,0.8012842984974025,-1.7270588235294124,-0.1950546486891935,0.5174643692390015,0.5689267163906112,0.0,-0.6393305376447123,0.0,0.12889383305765253,0.5908557381434668,0.0762043111062282,0.13508551779633116,531,0
20.0,CESAR,20295.0,20295.0,GAMARRA,CESAR,CARIBE,0.6129032258064518,0.34821428571428586,0.0,0.4314423609596001,-0.26680322955536234,0.0,0.4777496523870951,0.21882352941176472,0.4526924614470711,-0.2664748502335513,-0.2587267192248022,-1.0,0.41106341893158643,1.0,0.2556333210084855,-0.3317240749044391,0.075841592580603,0.13505896173913817,532,0
54.0,NORTE DE SANTANDER,54418.0,54418.0,LOURDES,NORTE DE SANTANDER,NORORIENTE,1.199078341013825,0.20089285714285712,0.0,-0.5499868382772063,-0.3055112190055715,0.0,-1.1055545512510252,0.3505882352941175,0.4226611781815951,0.24503264755488088,0.6515495076978319,-1.0,0.0,1.0,0.06941863427534062,-0.5689787322501603,0.07552501322757843,0.13503578371317285,533,0
50.0,META,50318.0,50318.0,GUAMAL,META,ORINOQUÍA,-0.712442396313364,-0.8124999999999996,0.0,0.10506106180553378,0.13678443230292797,0.0,0.6413517215775563,-1.3011764705882356,-0.0637804626737325,1.105606319075197,-0.16687648813486874,0.0,-0.48827908621675425,1.0,1.222574933952674,0.6590939284833088,0.07255914451208956,0.13481864073956915,534,0
41.0,HUILA,41615.0,41615.0,RIVERA,HUILA,CENTRO SUR,-0.9262672811059908,-0.5982142857142856,0.0,0.45182790637305464,0.002087948020888493,5.478260869565223,-0.966464372709666,-1.2988235294117652,0.46586943020641003,0.09789897050979432,-0.8790288211663667,-1.0,-0.5539651466003332,0.0,-0.1430244837582974,0.20299867698638205,0.07201386792999716,0.13477871888535703,535,0
73.0,TOLIMA,73026.0,73026.0,ALVARADO,TOLIMA,CENTRO SUR,-0.009677419354838745,-0.08928571428571429,1.0,0.12883079205192846,0.16355099118390615,0.0,-0.1494626130751614,0.032941176470587974,0.1794567355112193,-0.10518568252410565,0.46501052849663466,0.0,0.05660264741218082,0.0,-0.5613706326262937,0.10155419864028661,0.06778309985025695,0.1344689676287809,536,0
15.0,BOYACÁ,15507.0,15507.0,OTANCHE,BOYACÁ,NORORIENTE,0.19815668202765,0.17410714285714307,0.0,-0.5140456842888714,-0.2593723478470514,0.0,0.3410532768392209,-0.2800000000000003,-0.0,0.06375159896827934,0.37036258609810596,0.0,-0.45824231764671197,0.0,0.21856941333740007,0.4538078179935127,0.06773666170534948,0.13446556770860874,537,0
68.0,SANTANDER,68377.0,68377.0,LA BELLEZA,SANTANDER,NORORIENTE,0.0737327188940093,-0.20982142857142835,1.0,-0.41458164912752876,-0.3323056993007351,0.0,0.35106322858246997,0.10823529411764717,-0.1950546486891935,0.2547387394101817,0.037965057333454545,0.0,-0.6393305376447123,0.0,0.40210609410442716,0.3228789397707828,0.0677177113181727,0.1344641802758471,538,0
5.0,ANTIOQUIA,5142.0,5142.0,CARACOLÍ,ANTIOQUIA,OCCIDENTE,-0.34654377880184317,-0.21874999999999992,0.0,-0.35504206211786893,-0.06954678209692644,0.0,0.6515713090884546,0.25176470588235267,-0.729465887115974,0.9594888202809962,0.8182574288008669,0.0,0.2330297065267568,1.0,-0.3336052552912607,-0.2584836996820239,0.06492172698806917,0.1342594752096999,539,0
68.0,SANTANDER,68296.0,68296.0,GALÁN,SANTANDER,NORORIENTE,0.14285714285714293,0.04910714285714291,0.0,-0.4230777788682528,-0.5601254704788173,0.0,-0.2183537236632722,0.40235294117647064,-0.1950546486891935,0.7459717501999734,0.1002032347067618,0.0,-0.6393305376447123,0.0,1.5384044879458894,-0.6917084637953868,0.06432843343400274,0.1342160378431445,540,0
8.0,ATLÁNTICO,8549.0,8549.0,PIOJÓ,ATLÁNTICO,CARIBE,-0.529032258064516,0.19642857142857165,0.0,0.3226052416971024,-0.032747617265462395,0.0,-0.09253558111344515,0.44705882352941184,-0.0399766904650517,-0.25453062640733715,0.6514869476082356,0.0,1.132936695799988,0.0,-0.2558792372706789,0.31139772499613233,0.06419831956735852,0.1342065116925895,541,0
15.0,BOYACÁ,15897.0,15897.0,ZETAQUIRA,BOYACÁ,NORORIENTE,-0.13502304147465435,0.4419642857142859,0.0,-0.44882291761054166,-0.6263145495946818,0.0,0.1768042331208951,0.19999999999999993,-0.0,0.9207758030884314,0.24322639255490267,1.0000000000000002,-0.45824231764671197,0.0,0.020144981832188682,-0.9951473904247425,0.06273261709085053,0.1340992018199356,542,0
8.0,ATLÁNTICO,8436.0,8436.0,MANATÍ,ATLÁNTICO,CARIBE,0.31336405529953937,0.3392857142857143,0.0,1.3711576492048392,-0.4898856346261197,0.0,-0.32556376090592953,0.27999999999999986,-0.0399766904650517,0.3140793972819502,-0.7225219673992521,-1.0,1.132936695799988,0.0,0.29920687650234096,0.36413160048137105,0.06191010059403381,0.1340389821355564,543,0
41.0,HUILA,41359.0,41359.0,ISNOS,HUILA,CENTRO SUR,0.1382488479262673,0.1026785714285716,1.0,0.5002684235077193,0.8279137894340669,0.42028985507246275,-0.6824558162556825,-1.1905882352941182,0.46586943020641003,-0.4995467970001752,-0.3932094908287435,0.0,-0.5539651466003332,0.0,-0.07898210724952966,0.1302966593631128,0.06183663806057789,0.1340336036530633,544,0
54.0,NORTE DE SANTANDER,54125.0,54125.0,CÁCOTA,NORTE DE SANTANDER,NORORIENTE,0.40552995391705093,0.36160714285714285,0.0,0.21812355593205238,-0.41916657348290526,0.0,-0.3314205813017006,0.27764705882352947,0.4226611781815951,-0.258458746063084,0.012635394153832875,0.0,0.0,1.0,0.15495784934999338,-0.3522266697608861,0.061063445136299105,0.13397699514242006,545,0
52.0,NARIÑO,52378.0,52378.0,LA CRUZ,NARIÑO,SUR-OCCIDENTE,0.8253456221198159,-0.5803571428571426,0.0,-0.30269107272305873,0.30375223272383056,0.0,0.1537226571937656,-0.06352941176470597,0.9059388934666076,0.5573919577504513,-0.6048106479990601,-1.0,0.9204622727109818,0.0,0.13263290907638173,-0.24517640469032367,0.060465860592228624,0.13393324361552292,546,0
23.0,CÓRDOBA,23500.0,23500.0,MOÑITOS,CÓRDOBA,CARIBE,0.9741935483870968,1.098214285714286,0.0,0.24397714490602732,-0.09532039421714819,0.0,-0.9365018292156647,0.10823529411764717,0.8291999008918115,-0.9174500654918837,-0.3833737379615285,-1.0,1.6918922599612225,0.0,-0.5119776945522275,-0.29633300258787926,0.059021530384152365,0.13382749849113174,547,0
11.0,"BOGOTÁ, D.C.",11001.0,11001.0,"BOGOTÁ, D.C.",BOGOTÁ,BOGOTÁ,-0.783410138248848,-1.391071428571428,0.0,0.09505888419333575,0.25927806700145445,20.362318840579736,-0.05008923512391584,-39.0710588235293,-0.8423028581296914,0.9607253976533936,-3.518459037072874,-2.0,-0.8086937811847279,0.0,0.6895717991912684,2.638837112501708,0.056004134989682694,0.13360658304565987,548,4
5.0,ANTIOQUIA,5086.0,5086.0,BELMIRA,ANTIOQUIA,OCCIDENTE,-0.6359447004608294,0.0,0.0,-0.6620048610507873,0.053635458565282214,0.0,0.15112213824313012,0.2658823529411763,-0.729465887115974,0.1891635695755435,0.10718070438599024,0.0,0.2330297065267568,1.0,0.7102649252173026,0.6126854288945767,0.055148779685249914,0.13354395910235373,549,0
73.0,TOLIMA,73024.0,73024.0,ALPUJARRA,TOLIMA,CENTRO SUR,-0.23502304147465444,-0.4419642857142856,0.0,-0.7643276475390164,-0.04570212540220619,0.3333333333333333,0.24683027291587833,0.3035294117647059,0.1794567355112193,0.581261186619321,0.9196639088521185,1.0000000000000002,0.05660264741218082,0.0,-0.5241185564042118,-0.8836290223358925,0.05102808107440659,0.13324226646673223,550,0
47.0,MAGDALENA,47675.0,47675.0,SALAMINA,MAGDALENA,CARIBE,0.4423963133640554,0.15624999999999997,0.0,-0.3172118122073036,-0.429126030271594,0.0,-0.21968537074343833,0.2729411764705883,0.5443066205175583,-0.5495816084705059,0.2888209875421485,-1.0,0.541757682353288,1.0,0.7131641286943882,-0.14657368935912954,0.05089560086626008,0.13323256706696096,551,0
68.0,SANTANDER,68575.0,68575.0,PUERTO WILCHES,MAGDALENA MEDIO,NORORIENTE,-0.4193548387096775,-0.022321428571428565,0.0,0.5993560771969062,0.5838614465641292,0.13043478260869606,0.6733854357201078,-1.4282352941176475,-0.1950546486891935,0.19530654522136856,0.28494887139590214,0.0,-0.6393305376447123,0.0,0.5364602757661554,-0.12418264247109101,0.04859581728213745,0.1330641908190531,552,0
70.0,SUCRE,70418.0,70418.0,LOS PALMITOS,SUCRE,CARIBE,0.013824884792626927,0.0357142857142859,2.0,0.44024524054845565,-0.018024980352853034,0.0,-0.13250897622468774,0.06352941176470597,0.880925368474336,-0.6017692025989823,-0.5075535119456748,-1.0,1.838199989484149,1.0,-0.47833721621755376,-1.027480563987836,0.048303933198443325,0.13304282083138305,553,0
41.0,HUILA,41013.0,41013.0,AGRADO,HUILA,CENTRO SUR,0.5829493087557603,0.41071428571428586,0.0,0.5990936470593925,-0.39131266375573,0.0,-0.4773596593842325,0.08470588235294117,0.46586943020641003,0.05532435828048149,-0.05148076714614472,0.0,-0.5539651466003332,0.0,-0.3862450837346521,0.15019172749484244,0.04587309786910551,0.13286484976712226,554,0
68.0,SANTANDER,68370.0,68370.0,JORDÁN,SANTANDER,NORORIENTE,0.0838709677419355,0.5758928571428573,0.0,-0.46727785173409314,-0.7004197959094487,0.0,-0.27316355570570844,0.4870588235294118,-0.1950546486891935,0.2885847267897868,0.3113284354262135,1.0000000000000002,-0.6393305376447123,0.0,-0.6667953532702697,0.3244525361130352,0.04556863191074786,0.1328425586106683,555,0
68.0,SANTANDER,68169.0,68169.0,CHARTA,SANTANDER,NORORIENTE,0.01843317972350224,-0.25446428571428553,1.0,-0.6328228360183547,-0.47533325382295477,0.0,-0.16051847810293055,0.4329411764705882,-0.1950546486891935,0.08388611116740548,0.2993572288121008,1.0000000000000002,-0.6393305376447123,0.0,0.659070837678929,-0.7641573614246674,0.04524665441425728,0.13281898536527942,556,0
8.0,ATLÁNTICO,8421.0,8421.0,LURUACO,ATLÁNTICO,CARIBE,0.7566820276497697,0.6517857142857142,0.0,1.176053226634328,-0.23456315024607893,0.0,0.20984700426372654,0.03529411764705878,-0.0399766904650517,-0.3198480282031511,-0.68271159414937,-1.0,1.132936695799988,0.0,-0.10599701858901882,-0.3214901238776268,0.041938206473754444,0.13257676081229697,557,0
63.0,QUINDÍO,63302.0,63302.0,GÉNOVA,QUINDIO,OCCIDENTE,-0.49032258064516115,-0.3437499999999998,1.0,-0.3322540982901154,0.0676339580061551,0.7826086956521765,-0.6607937580720852,0.19999999999999993,-0.3620819447846533,0.8490189538771059,0.014506405295274595,0.0,-0.3588355909158289,0.0,0.4678452598639941,-0.6512867375019611,0.04065779127732946,0.13248301655391254,558,0
5.0,ANTIOQUIA,5658.0,5658.0,SAN JOSÉ DE LA MONTAÑA,ANTIOQUIA,OCCIDENTE,-0.4976958525345621,-0.3035714285714284,0.0,0.38318566964015555,0.24889540810142452,0.0,-0.11975830980732761,0.30823529411764705,-0.729465887115974,-0.3739208238544222,0.8438532375199441,0.0,0.2330297065267568,1.0,0.10888275623210332,0.71007513608862,0.03857287097501567,0.13233037129628303,559,0
23.0,CÓRDOBA,23555.0,23555.0,PLANETA RICA,CÓRDOBA,CARIBE,-0.3225806451612903,0.09821428571428582,0.0,0.2219581548366807,0.42931295075887743,0.028985507246376472,0.5250008668495844,-1.6188235294117652,0.8291999008918115,0.24042080869296326,0.25008714279785643,-1.0,1.6918922599612225,0.0,-0.32874945671716066,-0.5409397618298293,0.03831405282443844,0.13231142219629574,560,0
68.0,SANTANDER,68207.0,68207.0,CONCEPCIÓN,SANTANDER,NORORIENTE,0.40092165898617527,-0.20535714285714257,0.0,-0.0914038214621376,-0.12123818151760266,0.0,0.21370442695425623,0.27764705882352947,-0.1950546486891935,0.49477433895971595,0.2945662364688883,0.0,-0.6393305376447123,0.0,1.0030255280666827,-1.2950179457533473,0.035270660920719246,0.13208860344360995,561,0
25.0,CUNDINAMARCA,25530.0,25530.0,PARATEBUENO,CUNDINAMARCA,CENTRO SUR,-0.24423963133640542,-0.15178571428571422,1.0,1.1614819751845893,0.12215195732663446,0.0,0.4109539821845688,-0.2988235294117651,-0.8423028581296914,-0.24535400198619656,0.5707607206805752,0.0,-0.1617756769373358,0.0,-0.3432216970180758,0.21576719393077767,0.03488632159094744,0.13206046444187206,562,0
19.0,CAUCA,19548.0,19548.0,PIENDAMÓ - TUNÍA,CAUCA,SUR-OCCIDENTE,0.9953917050691246,-0.45089285714285704,2.0,-0.05974928029444399,0.47818488791325575,2.1739130434782625,-2.151120062920831,-1.2847058823529418,0.8309935282649857,-1.004343879091264,-1.1596499054497698,-1.0,0.2232853082162463,1.0,-0.8412934402037163,0.17972993506022863,0.03459045231249193,0.13203880268233892,563,0
5.0,ANTIOQUIA,5411.0,5411.0,LIBORINA,ANTIOQUIA,OCCIDENTE,0.2414746543778803,0.11160714285714285,0.0,-0.8464048872372485,-0.20235440284951464,0.0,0.16849588504053323,0.07058823529411756,-0.729465887115974,-0.4999968253995251,0.11722957129828633,1.0000000000000002,0.2330297065267568,1.0,0.4196519816410774,-0.4945672955578747,0.03388965275681975,0.13198749437640342,564,0
5.0,ANTIOQUIA,5642.0,5642.0,SALGAR,ANTIOQUIA,OCCIDENTE,0.37327188940092176,0.39732142857142877,1.0,-0.5592086587141077,1.0945081548601596,0.0,-1.0307482410870397,-0.36000000000000026,-0.729465887115974,-0.056704274771890044,0.017390728788708728,-1.0,0.2330297065267568,1.0,-0.06932051260380892,-0.602521262728083,0.03326741012011328,0.1319419375330638,565,0
23.0,CÓRDOBA,23417.0,23417.0,LORICA,CÓRDOBA,CARIBE,0.6949308755760368,0.01339285714285733,0.0,0.2281447092163644,-0.04419432257292598,0.0,0.11802110674226615,-1.7835294117647065,0.8291999008918115,-0.08400070110247236,-0.5983540130312478,-1.0,1.6918922599612225,0.0,0.2772289404126018,-0.3396637142119209,0.031472544857563074,0.1318105283515674,566,0
52.0,NARIÑO,52317.0,52317.0,GUACHUCAL,NARIÑO,SUR-OCCIDENTE,0.2811059907834102,-0.4642857142857142,0.0,-1.001870071305025,-0.05660655786741402,2.8405797101449313,-0.9025158658883271,-0.15294117647058833,0.9059388934666076,-0.5911344745390558,-0.08129503452264032,-1.0,0.9204622727109818,0.0,-0.22564490868822681,-0.5767495865986011,0.029848675905266832,0.1316916384859429,567,0
8.0,ATLÁNTICO,8141.0,8141.0,CANDELARIA,ATLÁNTICO,CARIBE,0.71889400921659,0.5000000000000001,0.0,0.628590895155888,-0.2471567150297484,0.0,-0.221800590552893,0.34588235294117625,-0.0399766904650517,-0.04503402044920705,-0.41472958709989977,-1.0,1.132936695799988,0.0,-0.20938590288205094,-0.33363966664438954,0.02978906230791734,0.13168727393881102,568,0
52.0,NARIÑO,52260.0,52260.0,EL TAMBO,NARIÑO,SUR-OCCIDENTE,1.0069124423963136,-0.3973214285714285,0.0,-0.6127222693634061,0.37722693652941874,0.0,-0.9355002369507557,-0.042352941176470794,0.9059388934666076,0.13716995822518907,-0.04512362546971572,-1.0,0.9204622727109818,0.0,-0.4536834399951374,0.10619455847920249,0.028694973329224206,0.13160717135942854,569,0
68.0,SANTANDER,68615.0,68615.0,RIONEGRO,SANTANDER,NORORIENTE,-0.4193548387096775,-0.13392857142857142,1.0,-0.26517896914434874,-0.024132655693310412,0.0,0.08594914520704354,-1.0776470588235298,-0.1950546486891935,0.06482599344728333,-0.07639671889298748,1.0000000000000002,-0.6393305376447123,0.0,-0.10227216173766154,0.5361963948291728,0.028536303733332255,0.13159555453104618,570,0
23.0,CÓRDOBA,23464.0,23464.0,MOMIL,CÓRDOBA,CARIBE,0.6820276497695855,0.05803571428571447,0.0,0.40373718530528685,-0.2035621594823183,0.04347826086956471,0.05445261380501933,0.2564705882352939,0.8291999008918115,-0.5242713627989334,0.42094863662467114,-1.0,1.6918922599612225,0.0,-0.38627126206928336,-1.059802326256116,0.027832460261114786,0.13154402336794693,571,0
5.0,ANTIOQUIA,5021.0,5021.0,ALEJANDRÍA,ANTIOQUIA,OCCIDENTE,-0.06912442396313363,-0.3973214285714285,1.0,-0.721262471747764,-0.08851976263309637,0.0,0.13150223938984157,0.2752941176470587,-0.729465887115974,0.30889983963357265,0.20905869542061403,0.0,0.2330297065267568,1.0,0.27050261507908796,-0.5876870400491102,0.026303713425548235,0.13143209776853362,572,0
25.0,CUNDINAMARCA,25214.0,25214.0,COTA,CUNDINAMARCA,CENTRO SUR,-1.2903225806451613,-1.391071428571428,0.0,0.6915960228524862,-0.4623872985140614,9.942028985507259,0.6430981247607931,-6.35294117647059,-0.8423028581296914,-0.6932101011169091,-1.9289271390730316,-2.0,-0.1617756769373358,0.0,-0.3021442645646531,1.83999692774873,0.025864795923893777,0.13139996288306882,573,0
68.0,SANTANDER,68160.0,68160.0,CEPITÁ,SANTANDER,NORORIENTE,-0.008294930875576024,-0.3928571428571427,0.0,-0.5021038144208747,-0.6437889147816305,0.0,0.07760402537254059,0.43764705882352944,-0.1950546486891935,1.2113773508750645,0.6025183267628914,0.0,-0.6393305376447123,0.0,-0.3645662680764109,0.5078888934237579,0.02439087928341018,0.1312920516189973,574,0
25.0,CUNDINAMARCA,25885.0,25885.0,YACOPÍ,CUNDINAMARCA,CENTRO SUR,0.2995391705069124,0.65625,0.0,-0.7970535068619969,-0.08477235934950539,0.0,-0.4865949187030864,-0.14352941176470593,-0.8423028581296914,0.5349908715283603,0.11300220496138647,0.0,-0.1617756769373358,0.0,0.37238831679758716,-0.6548086949407474,0.023453010191245502,0.13122338651509027,575,0
73.0,TOLIMA,73678.0,73678.0,SAN LUIS,TOLIMA,CENTRO SUR,-0.11981566820276505,-0.06249999999999994,0.0,0.09262130117760645,0.3751503708437322,0.0,-0.3042295831323901,-0.26823529411764707,0.1794567355112193,0.390514024275686,0.1963470934047561,1.0000000000000002,0.05660264741218082,0.0,-0.7256929925447775,-0.6122947875162325,0.022417644010330855,0.13114758326388146,576,0
25.0,CUNDINAMARCA,25580.0,25580.0,PULÍ,CUNDINAMARCA,CENTRO SUR,1.142857142857143,0.23214285714285723,1.0,-0.8591974983818376,-0.4381719567206159,0.0,-0.9258317581658366,0.35294117647058826,-0.8423028581296914,-0.6668380394551814,0.7682842372859621,1.0000000000000002,-0.1617756769373358,0.0,0.016175479968701056,-1.4755930577724259,0.02232525825818389,0.131140819337739,577,0
5.0,ANTIOQUIA,5313.0,5313.0,GRANADA,ANTIOQUIA,OCCIDENTE,-0.14746543778801827,-0.33035714285714274,1.0,-0.8206595056320125,1.766430167369375,0.0,-0.1146340321251988,0.15294117647058833,-0.729465887115974,-0.2078381624451631,-0.014550310734124891,-1.0,0.2330297065267568,1.0,-0.15492828101519385,-0.0894362800506502,0.02205981754739214,0.1311213853739375,578,0
5.0,ANTIOQUIA,5887.0,5887.0,YARUMAL,ANTIOQUIA,OCCIDENTE,-0.9271889400921659,-0.3125,1.0,0.13580390849513646,2.285393693861597,0.0,-0.04850013157880097,-2.2752941176470594,-0.729465887115974,0.5360462509412014,-0.19281016539639367,-1.0,0.2330297065267568,1.0,-0.12785460967279105,0.19195230922278786,0.021332465713297527,0.13106813307072981,579,0
13.0,BOLÍVAR,13430.0,13430.0,MAGANGUÉ,BOLÍVAR,CARIBE,0.30368663594470063,0.3705357142857144,0.0,0.9166937181586081,0.08000144598749424,0.0,0.44636674042997654,-3.51529411764706,0.3154918253869455,-0.04342072681704075,-0.48874869859284076,-1.0,0.8204296097067337,0.0,0.7099937252038555,-0.0406527833277674,0.021097282196945073,0.13105091435574873,580,0
52.0,NARIÑO,52685.0,52685.0,SAN BERNARDO,NARIÑO,SUR-OCCIDENTE,0.37557603686635943,0.830357142857143,0.0,-0.08750951304047593,-0.19195268333229631,0.0,-0.8769144144278824,0.26823529411764707,0.9059388934666076,-0.24291174492816694,-0.30046368726674133,-1.0,0.9204622727109818,0.0,-0.423417518494452,-0.05071492038942796,0.020531089589920448,0.13100946115666418,581,0
25.0,CUNDINAMARCA,25086.0,25086.0,BELTRÁN,CUNDINAMARCA,CENTRO SUR,-0.6682027649769585,-0.11160714285714285,0.0,-0.009921140826528743,-0.42726266280393826,0.0,0.2506316893843456,0.4352941176470586,-0.8423028581296914,-0.6622135505769385,0.6224632368331028,1.0000000000000002,-0.1617756769373358,0.0,1.3791277783817524,-0.027083365355925707,0.020388860456701303,0.130999047999548,582,0
15.0,BOYACÁ,15232.0,15232.0,CHÍQUIZA,BOYACÁ,NORORIENTE,0.5437788018433182,0.46874999999999994,0.0,-0.7034363236711539,-0.6297831384095787,0.0,-1.00527808143558,0.46588235294117664,-0.0,-0.4336152930897754,0.15074346818373677,1.0000000000000002,-0.45824231764671197,0.0,0.1522814442172883,-0.14088545911944714,0.019083078251104196,0.13090344652213892,583,0
47.0,MAGDALENA,47980.0,47980.0,ZONA BANANERA,MAGDALENA,CARIBE,-0.6857142857142857,0.34821428571428586,0.0,1.7227760984207692,0.2859169694117389,0.0,0.7136705150964231,-0.9647058823529416,0.5443066205175583,-0.4800953894300461,-0.3736722644914858,-1.0,0.541757682353288,1.0,-0.42043314126314335,0.7955835634419484,0.018269672155109044,0.13084389384621992,584,0
19.0,CAUCA,19622.0,19622.0,ROSAS,CAUCA,SUR-OCCIDENTE,-0.17419354838709683,0.10714285714285737,1.0,-0.033681452779396805,0.9531738910148339,0.18840579710145097,-0.9416993380627157,0.3035294117647059,0.8309935282649857,0.04705159767746317,-0.7619745741463574,0.0,0.2232853082162463,1.0,-0.8349460533264917,-0.9270849827853055,0.01788160024779139,0.13081548156772393,585,0
13.0,BOLÍVAR,13222.0,13222.0,CLEMENCIA,BOLÍVAR,CARIBE,1.5299539170506913,0.9910714285714287,0.0,1.6510744780082598,-0.1999286391889485,0.0,-0.5287033490426135,0.31529411764705867,0.3154918253869455,-0.65997298386357,-0.2670725911563095,-2.0,0.8204296097067337,0.0,-0.7470647306877928,-0.576067031836081,0.016363510754738478,0.13070433623448766,586,0
5.0,ANTIOQUIA,5197.0,5197.0,COCORNÁ,ANTIOQUIA,OCCIDENTE,-0.14285714285714293,0.09375000000000006,1.0,-0.41693130138088,0.9715517189382243,0.0,-0.42184835408400384,-0.45411764705882385,-0.729465887115974,-0.006982919798160936,-0.08840452561951452,-1.0,0.2330297065267568,1.0,0.23786783679428025,-0.2692744431296164,0.015638852096671648,0.13065128110934388,587,0
52.0,NARIÑO,52207.0,52207.0,CONSACÁ,NARIÑO,SUR-OCCIDENTE,0.9299539170506912,-0.26339285714285704,0.0,-0.4821664126045551,-0.11974868079974262,0.0,-0.939357485085083,0.14823529411764713,0.9059388934666076,-0.31209247512683014,-0.3254646505702177,-1.0,0.9204622727109818,0.0,0.5092238844156842,0.03131985309524804,0.015408081530508854,0.13063438548389186,588,0
25.0,CUNDINAMARCA,25372.0,25372.0,JUNÍN,CUNDINAMARCA,CENTRO SUR,0.1244239631336407,0.7589285714285714,0.0,-0.7673013377489231,-0.5944847822644588,0.0,0.06964948955491547,0.18588235294117633,-0.8423028581296914,0.03816270726652613,0.8270610865545359,1.0000000000000002,-0.1617756769373358,0.0,0.23836889765245786,-1.6989135328274578,0.014373890074851986,0.1305586682389632,589,0
52.0,NARIÑO,52687.0,52687.0,SAN LORENZO,NARIÑO,SUR-OCCIDENTE,0.707373271889401,0.6473214285714285,0.0,-0.2201900202012467,-0.14443745583296852,0.0,-0.9030721269637997,0.2305882352941175,0.9059388934666076,-0.249922172714949,-0.5567130729372083,0.0,0.9204622727109818,0.0,-0.7836202795836721,-0.6452227347224837,0.010222425959918312,0.13025472313916225,590,0
13.0,BOLÍVAR,13052.0,13052.0,ARJONA,BOLÍVAR,CARIBE,-0.19078341013824887,0.29464285714285715,0.0,1.043744481759105,-0.12272867362268969,0.3333333333333333,0.22806181935231812,-1.1552941176470592,0.3154918253869455,-0.13000904116307577,0.4447247366326751,-2.0,0.8204296097067337,0.0,0.2198837917359047,0.15397695024792504,0.009661660213366573,0.13021366726198688,591,0
68.0,SANTANDER,68689.0,68689.0,SAN VICENTE DE CHUCURÍ,SANTANDER,NORORIENTE,-0.02811059907834099,-0.26339285714285704,0.0,-0.4818625367488807,0.18163182359334226,0.0,-0.08114935434565497,-1.5082352941176476,-0.1950546486891935,0.5804064262434218,0.010361245559975675,0.0,-0.6393305376447123,0.0,1.1308985944070553,-0.1204514798600105,0.009649838163076758,0.13021280172294916,592,0
15.0,BOYACÁ,15442.0,15442.0,MARIPÍ,BOYACÁ,NORORIENTE,0.4700460829493089,1.1696428571428572,0.0,-1.1259650688526026,-0.48250163370239424,0.0,-0.35771744338500727,0.2917647058823531,-0.0,-0.9605595982408921,0.17257355930516674,1.0000000000000002,-0.45824231764671197,0.0,-0.2595422737023044,-0.5441674941147924,0.009020006816919855,0.1301666892801903,593,0
8.0,ATLÁNTICO,8770.0,8770.0,SUAN,ATLÁNTICO,CARIBE,0.5944700460829493,0.1339285714285714,0.0,1.330166486839266,-0.4409379948882226,0.0,-0.4315643303469659,0.34352941176470586,-0.0399766904650517,-0.5308105799746522,-0.6142522633880535,-1.0,1.132936695799988,0.0,0.8226195124548842,-0.17333637126595383,0.007914706866905681,0.13008576590127716,594,0
13.0,BOLÍVAR,13620.0,13620.0,SAN CRISTÓBAL,BOLÍVAR,CARIBE,0.5023041474654377,0.40625000000000006,0.0,0.6828849331546412,-0.40589167465042947,0.0,0.10154121000640233,0.451764705882353,0.3154918253869455,-0.9992633568081268,0.20005583498898344,-2.0,0.8204296097067337,0.0,0.21100020212875983,0.5922608537373942,0.005484408400739306,0.1299078341428915,595,0
5.0,ANTIOQUIA,5138.0,5138.0,CAÑASGORDAS,ANTIOQUIA,OCCIDENTE,0.1889400921658987,0.20089285714285712,0.0,-0.0752782911475804,0.8774919326985721,0.0,-0.11892750124077821,-0.10823529411764717,-0.729465887115974,0.0265246117357091,-0.578156480445023,0.0,0.2330297065267568,1.0,0.02196437608906698,-0.7396281284468087,0.003464078994476212,0.12975991784010849,596,0
52.0,NARIÑO,52720.0,52720.0,SAPUYES,NARIÑO,SUR-OCCIDENTE,0.6221198156682027,0.09821428571428582,0.0,-0.38923582655683486,-0.44731557330854627,0.0,-0.965806274539426,0.31764705882352945,0.9059388934666076,-0.5349037280715941,0.05347102677222001,0.0,0.9204622727109818,0.0,-0.17825887425533593,-0.38734279844411473,0.001790202221391042,0.12963736670422857,597,0
54.0,NORTE DE SANTANDER,54520.0,54520.0,PAMPLONITA,NORTE DE SANTANDER,NORORIENTE,-0.3225806451612903,0.040178571428571674,0.0,-0.12361639217432839,-0.558251541086865,0.0,-0.10695360063489971,0.2635294117647059,0.4226611781815951,0.12124278398020567,-0.43834057283479333,1.0000000000000002,0.0,1.0,0.36080666372333037,-0.8435413871409488,-0.0024332620089242904,0.1293281501913431,598,0
41.0,HUILA,41770.0,41770.0,SUAZA,HUILA,CENTRO SUR,-0.07373271889400927,0.0357142857142859,0.0,0.2838942267822271,0.13844459328790673,0.0,-0.7612802654440795,-0.4611764705882354,0.46586943020641003,0.299664387070074,-0.39410373695357237,0.0,-0.5539651466003332,0.0,-0.07146515854348062,0.6065934857977787,-0.003066553610579892,0.12928178440959975,599,0
41.0,HUILA,41349.0,41349.0,HOBO,HUILA,CENTRO SUR,0.20737327188940094,-0.08928571428571429,1.0,-0.075936350136411,0.08863229589747924,0.0,-0.28861402446154666,-0.05882352941176478,0.46586943020641003,-0.36008621696194526,-0.4925917303285265,0.0,-0.5539651466003332,0.0,-0.11914183840744948,0.10133400893490331,-0.004135343738754387,0.12920353405907747,600,0
5.0,ANTIOQUIA,5501.0,5501.0,OLAYA,ANTIOQUIA,OCCIDENTE,-0.6682027649769585,-0.33035714285714274,0.0,-1.049350149980068,0.6244575006540483,0.0,0.1220220537224364,0.37411764705882344,-0.729465887115974,-0.2011588353102229,-0.13987624816213734,1.0000000000000002,0.2330297065267568,1.0,0.6833170605478044,-0.4505124661797363,-0.005222412297631519,0.12912394547238348,601,0
19.0,CAUCA,19290.0,19290.0,FLORENCIA,CAUCA,SUR-OCCIDENTE,0.7000000000000003,-0.20089285714285712,1.0,0.17345962236564305,0.8754570426548712,0.0,-1.0767602783596748,0.35294117647058826,0.8309935282649857,-0.8132971386675938,-0.20193746446712754,0.0,0.2232853082162463,1.0,-0.7883080377327735,-1.366974416891838,-0.006655884775938967,0.1290189952853124,602,0
50.0,META,50680.0,50680.0,SAN CARLOS DE GUAROA,META,ORINOQUÍA,-1.0423963133640552,-0.3973214285714285,0.0,1.4597226214035497,-0.007594651017349084,0.0,0.7966409513294761,-0.3670588235294119,-0.0637804626737325,0.03449428555892712,0.3480141794138835,0.0,-0.48827908621675425,1.0,-0.19817926857638873,0.7324935004808614,-0.00723662734097312,0.12897647682628177,603,0
68.0,SANTANDER,68464.0,68464.0,MOGOTES,SANTANDER,NORORIENTE,0.10138248847926282,0.38392857142857145,0.0,-0.46750431600896175,-0.38812669206457745,0.0,-0.3373855967406569,0.07999999999999996,-0.1950546486891935,0.5599908661929714,-0.08411792770742846,0.0,-0.6393305376447123,0.0,0.03192749241640465,-0.0537222420268255,-0.007759789434053923,0.12893817406123523,604,0
85.0,CASANARE,85300.0,85300.0,SABANALARGA,CASANARE,ORINOQUÍA,-0.8064516129032259,-0.2946428571428569,1.0,0.0925458145391526,-0.2696136270657799,0.0,0.37039528503215136,0.23294117647058832,-0.53413056979359,-0.22171256573767376,0.1667656201603517,0.0,0.7156100787598901,0.0,-0.0394416161223133,0.48393866461230844,-0.007870764888431761,0.12893004910950193,605,0
52.0,NARIÑO,52083.0,52083.0,BELÉN,NARIÑO,SUR-OCCIDENTE,0.6497695852534563,-0.2991071428571426,0.0,-0.03816617650992899,-0.13241629485182496,0.0,-0.25426699221019095,0.19764705882352954,0.9059388934666076,0.018775846869659035,-0.06000553362936773,-1.0,0.9204622727109818,0.0,-0.4363083237169543,-0.22637201498069215,-0.009193453789561979,0.12883320982607577,606,0
68.0,SANTANDER,68211.0,68211.0,CONTRATACIÓN,SANTANDER,NORORIENTE,-0.004608294930875642,-0.5178571428571427,0.0,-0.39104447769065653,-0.5315732638650853,0.0,0.042623213610161234,0.19529411764705873,-0.1950546486891935,0.029191687312490708,0.31882101739356056,0.0,-0.6393305376447123,0.0,1.5463099683378694,-0.21351197711005826,-0.009694666594474715,0.1287965140551879,607,0
15.0,BOYACÁ,15293.0,15293.0,GACHANTIVÁ,BOYACÁ,NORORIENTE,0.01843317972350224,0.46428571428571447,0.0,-0.43333421597082267,-0.5783479327898424,0.0,-0.32857103722162023,0.34352941176470586,-0.0,0.653562328328899,0.1670873877592305,1.0000000000000002,-0.45824231764671197,0.0,-0.5865565447084287,-1.0114467278579267,-0.010116753616109697,0.1287656113957011,608,0
85.0,CASANARE,85162.0,85162.0,MONTERREY,CASANARE,ORINOQUÍA,-0.9493087557603686,-0.5937499999999998,1.0,0.16866734159632088,0.32504438596031454,0.0,0.2913865037199768,-1.43764705882353,-0.53413056979359,0.2975503791479507,-0.4410409743271278,0.0,0.7156100787598901,0.0,0.051996199244811546,1.0824392148565114,-0.011648633447188833,0.12865345641730072,609,0
15.0,BOYACÁ,15681.0,15681.0,SAN PABLO DE BORBUR,BOYACÁ,NORORIENTE,-0.14746543778801827,0.5758928571428573,0.0,-0.589017554671197,-0.38854836271276727,0.0,-0.16759561432967895,0.03999999999999998,-0.0,-0.2013193844139895,-0.5557871767423501,1.0000000000000002,-0.45824231764671197,0.0,-0.14568356222347653,0.30632391082880434,-0.012072547875530769,0.1286224199661446,610,0
68.0,SANTANDER,68425.0,68425.0,MACARAVITA,SANTANDER,NORORIENTE,0.7926267281105993,0.42410714285714285,0.0,-0.6764290962419968,-0.7004197959094487,0.0,-0.620560078762824,0.444705882352941,-0.1950546486891935,-0.5849486046696278,0.6792761021406891,1.0000000000000002,-0.6393305376447123,0.0,-0.2352157266627797,-0.7824869326528494,-0.012651167568095874,0.12858005693099978,611,0
25.0,CUNDINAMARCA,25168.0,25168.0,CHAGUANÍ,CUNDINAMARCA,CENTRO SUR,0.6682027649769586,0.799107142857143,1.0,-0.9905821335140064,0.23656320186357802,0.0,-0.5863871196846919,0.3388235294117647,-0.8423028581296914,-0.018263642752491097,-0.01094445539801412,0.0,-0.1617756769373358,0.0,-0.7597299361074427,-1.255213336605824,-0.01390237389949138,0.12848845116909527,612,0
54.0,NORTE DE SANTANDER,54673.0,54673.0,SAN CAYETANO,NORTE DE SANTANDER,NORORIENTE,-0.06267281105990781,-0.14285714285714265,0.0,0.8214078600771696,0.5508027212363674,0.0,0.10161108435105186,0.11058823529411756,0.4226611781815951,-0.09149990465617669,-0.5348680798262855,-2.0,0.0,1.0,0.3229801943477681,0.5647695694838591,-0.014045734949303085,0.1284779551398906,613,0
63.0,QUINDÍO,63212.0,63212.0,CÓRDOBA,QUINDIO,OCCIDENTE,-0.4700460829493087,-0.45089285714285704,0.0,0.04467329336768464,-0.0550248711298806,2.811594202898553,-1.0565826085778196,0.22823529411764712,-0.3620819447846533,0.2975256767286659,-0.07520989748792371,-1.0,-0.3588355909158289,0.0,0.25695975274092125,-0.43307140998406213,-0.01794772634205337,0.128192274924319,614,0
15.0,BOYACÁ,15296.0,15296.0,GÁMEZA,BOYACÁ,NORORIENTE,0.1382488479262673,0.12946428571428595,0.0,-0.35357654939731675,-0.6963177415789322,0.0,0.0613119069875627,0.27999999999999986,-0.0,1.0307175624678677,0.21142707986672593,0.0,-0.45824231764671197,0.0,-0.8184858192290886,-0.20360303777903316,-0.018282973417969056,0.1281677301605619,615,0
41.0,HUILA,41016.0,41016.0,AIPE,HUILA,CENTRO SUR,-0.17373271889400904,-0.24107142857142846,0.0,0.3253713075727604,0.23514200027572973,0.0,0.5090728723156877,-0.522352941176471,0.46586943020641003,0.3853575237354412,-0.07684607332593796,0.0,-0.5539651466003332,0.0,-0.6901684392208518,0.11298685330337212,-0.022269972274514886,0.12787582621250657,616,0
25.0,CUNDINAMARCA,25335.0,25335.0,GUAYABETAL,CUNDINAMARCA,CENTRO SUR,-0.967741935483871,-0.4999999999999997,1.0,0.04718940597273804,-0.21667850358519178,0.0,0.21694739942711508,-0.19529411764705915,-0.8423028581296914,0.1139588605478691,0.09561076930982271,0.0,-0.1617756769373358,0.0,0.5555830783809941,0.9189509149372407,-0.02282669559124459,0.1278350662975994,617,0
15.0,BOYACÁ,15185.0,15185.0,CHITARAQUE,BOYACÁ,NORORIENTE,0.21336405529953928,0.25000000000000006,0.0,-0.6778150203752834,-0.5323653482838594,0.0,-0.9028358123125931,0.26823529411764707,-0.0,0.10633736663632268,0.29297926482535663,1.0000000000000002,-0.45824231764671197,0.0,-0.2108697342056243,-0.5379191628059465,-0.023712348674090528,0.1277702241341597,618,0
5.0,ANTIOQUIA,5091.0,5091.0,BETANIA,ANTIOQUIA,OCCIDENTE,-0.02304147465437788,0.5714285714285715,0.0,-0.6030654874969947,0.7086560201247594,0.0,-0.9868532992321887,0.09882352941176477,-0.729465887115974,0.23018470269929805,-0.39574482488306956,-1.0,0.2330297065267568,1.0,0.45515309923467456,-0.4650306764729546,-0.024466459967724712,0.12771501266513116,619,0
5.0,ANTIOQUIA,5690.0,5690.0,SANTO DOMINGO,ANTIOQUIA,OCCIDENTE,-0.6313364055299538,0.03125000000000012,1.0,-1.157779250597244,0.6758514318060771,0.0,-0.5422366995395047,0.06117647058823517,-0.729465887115974,-0.2633006306577173,-0.34631262188616285,1.0000000000000002,0.2330297065267568,1.0,-0.3731015351662846,-0.2863761463245036,-0.026899010974519345,0.1275369159893412,620,0
25.0,CUNDINAMARCA,25839.0,25839.0,UBALÁ,CUNDINAMARCA,CENTRO SUR,-0.129032258064516,0.27678571428571436,0.0,-0.4738062348800772,-0.29555961954009796,0.0,-0.019843076505336475,0.10823529411764717,-0.8423028581296914,-0.1606476058769351,0.49639517910954556,1.0000000000000002,-0.1617756769373358,0.0,-0.07983666979190154,-0.5912983886392371,-0.027048421453035255,0.1275259770575459,621,0
15.0,BOYACÁ,15212.0,15212.0,COPER,BOYACÁ,NORORIENTE,0.2027649769585253,-0.08928571428571429,0.0,-0.8112814062624277,-0.5520429413829688,0.0,-0.3965814223619878,0.451764705882353,-0.0,0.36666470652781324,0.42486489670403904,1.0000000000000002,-0.45824231764671197,0.0,-0.27056250508205765,-0.8299549090885837,-0.027766558256472153,0.12747339942316238,622,0
63.0,QUINDÍO,63548.0,63548.0,PIJAO,QUINDIO,OCCIDENTE,-1.0981566820276498,-0.5357142857142855,1.0,-0.4186915204277752,0.6555381555266118,0.31884057971014707,-0.7166819317613801,0.12470588235294115,-0.3620819447846533,0.5917101722651827,0.2664785714872352,0.0,-0.3588355909158289,0.0,0.34163150443922874,-0.388451558416503,-0.028151102117362978,0.12744524544689267,623,0
17.0,CALDAS,17541.0,17541.0,PENSILVANIA,CALDAS,OCCIDENTE,0.13963133640553002,-0.15625,1.0,-1.0356284995199154,0.39395074295133453,0.0,-0.24669502707992344,-0.6823529411764709,-0.5206856369030118,0.09797925837091939,-0.07167324933516779,0.0,-0.8930772834598875,0.0,0.18193377568754987,-0.09868988514866675,-0.028469278226144847,0.12742195051612593,624,0
41.0,HUILA,41524.0,41524.0,PALERMO,HUILA,CENTRO SUR,0.4027649769585254,-0.3660714285714283,0.0,-0.26493372487819716,0.41462915630623354,0.31884057971014707,0.26160424078805383,-1.4917647058823533,0.46586943020641003,0.17099312248453502,-0.49408089224402263,0.0,-0.5539651466003332,0.0,-0.5192562603297897,0.2199141630814458,-0.028670567345681144,0.12740721334393018,625,0
52.0,NARIÑO,52885.0,52885.0,YACUANQUER,NARIÑO,SUR-OCCIDENTE,0.5944700460829493,0.15178571428571452,0.0,-0.007470061567620959,-0.3900757774811443,0.0,-0.9291309001927256,0.18117647058823513,0.9059388934666076,-0.2052315590205213,-0.21364035213565666,-1.0,0.9204622727109818,0.0,-0.4727802526086876,0.11551445032621249,-0.028913899706296212,0.12738939801984586,626,0
5.0,ANTIOQUIA,5591.0,5591.0,PUERTO TRIUNFO,ANTIOQUIA,OCCIDENTE,-0.6820276497695851,-0.5133928571428569,0.0,0.7105857049678197,0.1288485972165713,0.0,0.8354499535402412,-1.3670588235294123,-0.729465887115974,-0.0206992404802851,-0.05479276866317606,0.0,0.2330297065267568,1.0,-0.06574566325988897,1.0558628641008385,-0.029631352755384782,0.12733687044582123,627,0
15.0,BOYACÁ,15172.0,15172.0,CHINAVITA,BOYACÁ,NORORIENTE,0.3179723502304147,0.01339285714285733,0.0,-0.8021652984674471,-0.6188829001037323,0.0,0.990212320089833,0.42117647058823543,-0.0,-0.368446191499501,0.9433194491170607,0.0,-0.45824231764671197,0.0,0.3246950635994636,-1.4310631612321845,-0.030522930479304794,0.12727159451598666,628,0
85.0,CASANARE,85010.0,85010.0,AGUAZUL,CASANARE,ORINOQUÍA,-0.5253456221198156,-0.6160714285714284,1.0,0.29351987654498995,0.5976760407505539,0.0,0.32340403507051163,-3.3105882352941185,-0.53413056979359,0.5436319524787118,-0.5470885096750064,-1.0,0.7156100787598901,0.0,0.49705905714584486,0.8935356690949584,-0.03298657314441234,0.1270912214969772,629,0
15.0,BOYACÁ,15774.0,15774.0,SUSACÓN,BOYACÁ,NORORIENTE,-0.129032258064516,-0.16517857142857123,0.0,-1.299318588005826,-0.6698399698957221,0.0,0.5326302954172177,0.40235294117647064,-0.0,-0.2666433696739369,0.9511854798762361,1.0000000000000002,-0.45824231764671197,0.0,0.37368687519530736,-1.1770432282769012,-0.0354173866814088,0.12691325202821988,630,0
76.0,VALLE DEL CAUCA,76243.0,76243.0,EL ÁGUILA,VALLE DEL CAUCA,SUR-OCCIDENTE,0.014746543778801859,0.1205357142857144,1.0,-1.4067053266975533,0.7279238935764325,0.0,-1.8259734429582202,0.1623529411764703,-0.3266245789331387,-0.11730645256786687,0.2599575925041008,0.0,-0.3001020756710667,1.0,0.0067610728352365335,-0.8496638155179728,-0.03607489109988975,0.12686511353043645,631,0
15.0,BOYACÁ,15580.0,15580.0,QUÍPAMA,BOYACÁ,NORORIENTE,0.375115207373272,1.0624999999999998,0.0,-0.4417593592706765,-0.5477917165528043,0.0,-0.9282761615577071,0.41882352941176465,-0.0,-0.48736537466150576,0.2648028806316249,0.0,-0.45824231764671197,0.0,-0.3637555872028812,-0.41620515649016276,-0.03737433022447491,0.12676997645506427,632,0
23.0,CÓRDOBA,23686.0,23686.0,SAN PELAYO,CÓRDOBA,CARIBE,0.3870967741935484,0.2232142857142857,0.0,-0.1899431628324046,-0.16878350280116855,0.0,-0.11763300095901062,0.03529411764705878,0.8291999008918115,-0.6146605056584953,-0.279826256380139,-1.0,1.6918922599612225,0.0,-0.445178164990084,-0.4790761882042378,-0.04006396122341423,0.12657305793673732,633,0
15.0,BOYACÁ,15667.0,15667.0,SAN LUIS DE GACENO,BOYACÁ,NORORIENTE,-0.0783410138248846,-0.41964285714285704,0.0,-0.6561310470756557,-0.4883853308298288,0.0,0.9877976843593262,0.06588235294117636,-0.0,0.008774101637668051,0.8757952675189092,0.0,-0.45824231764671197,0.0,-0.12848100637051657,-0.28381109945901034,-0.0403586125424647,0.12655148534882715,634,0
73.0,TOLIMA,73854.0,73854.0,VALLE DE SAN JUAN,TOLIMA,CENTRO SUR,0.1520737327188942,-0.017857142857142797,0.0,-0.29058443890371843,0.1113377317417256,0.0,-0.4823274418188279,0.3129411764705883,0.1794567355112193,-0.05802466670740801,0.322325420984891,0.0,0.05660264741218082,0.0,-0.7679911781837292,-0.24273466200252247,-0.04218975396802008,0.1264174202460269,635,0
23.0,CÓRDOBA,23660.0,23660.0,SAHAGÚN,CÓRDOBA,CARIBE,0.7216589861751154,-0.017857142857142797,0.0,-0.21736972432156787,-0.20611763408652523,0.0,0.22738991730855854,-1.9647058823529415,0.8291999008918115,-0.397453642815832,-0.3435396197453672,-1.0,1.6918922599612225,0.0,-0.4918812556391122,-0.10401444415728282,-0.042518029705672936,0.12639338588150376,636,0
73.0,TOLIMA,73270.0,73270.0,FALAN,TOLIMA,CENTRO SUR,-0.33179723502304126,-0.0669642857142857,0.0,-0.521796519203308,-0.28150608558067963,0.0,-1.0031695234029654,0.21411764705882352,0.1794567355112193,0.39831995659231334,0.5906804325337868,1.0000000000000002,0.05660264741218082,0.0,-0.5758045941753112,-0.6535067345504874,-0.044040922099146645,0.1262818889089404,637,0
68.0,SANTANDER,68245.0,68245.0,EL GUACAMAYO,SANTANDER,NORORIENTE,0.663594470046083,-0.34821428571428553,0.0,-0.47688350753533826,-0.43205608029708864,0.0,-0.6651730163360497,0.4352941176470586,-0.1950546486891935,-0.273861887363628,0.12088950104851395,0.0,-0.6393305376447123,0.0,1.3479723585036296,-0.8016509122703639,-0.04438790196504519,0.1262564851412455,638,0
41.0,HUILA,41791.0,41791.0,TARQUI,HUILA,CENTRO SUR,-0.2764976958525346,0.28125000000000017,0.0,-0.3758330167916677,-0.054541911682613534,0.0,-0.41077951616312897,-0.09411764705882357,0.46586943020641003,0.41153516538034624,-0.04668516731699846,-1.0,-0.5539651466003332,0.0,-0.20365699093132578,0.5678337877098868,-0.04509264110843377,0.12620488840251895,639,0
15.0,BOYACÁ,15514.0,15514.0,PÁEZ,BOYACÁ,NORORIENTE,-0.28571428571428553,-0.1919642857142856,0.0,-1.155888495292255,-0.11701088362286595,0.0,0.3891006769745078,0.3129411764705883,-0.0,0.18329568494475856,0.6096412179074598,0.0,-0.45824231764671197,0.0,0.22075031344553636,-0.628788992160032,-0.045260340357429374,0.12619261047753602,640,0
25.0,CUNDINAMARCA,25293.0,25293.0,GACHALÁ,CUNDINAMARCA,CENTRO SUR,-0.3041474654377881,0.47767857142857145,0.0,-0.9835535491243991,-0.569327008785342,0.0,0.4617568069341595,0.11058823529411756,-0.8423028581296914,0.4223823127452839,0.5444703507275824,0.0,-0.1617756769373358,0.0,0.6356228656829671,-1.3864266582434788,-0.04608549945318153,0.1261321973180418,641,0
15.0,BOYACÁ,15368.0,15368.0,JERICÓ,BOYACÁ,NORORIENTE,0.9861751152073732,1.0669642857142858,0.0,-0.7409034996218657,-0.4361256810489929,0.0,0.13946145300405582,0.3576470588235295,-0.0,-0.5762520137067355,-0.15436921040125803,0.0,-0.45824231764671197,0.0,-0.8813210531675856,-0.986168428034757,-0.04638231506688913,0.1261104662735637,642,0
73.0,TOLIMA,73030.0,73030.0,AMBALEMA,TOLIMA,CENTRO SUR,0.4612903225806451,-0.35267857142857134,0.0,0.08461281239372706,-0.12019686516762024,0.0,0.42030357581596867,0.12941176470588234,0.1794567355112193,-0.6706074724363125,0.10222681351621755,0.0,0.05660264741218082,0.0,0.35596725015004277,-0.9363964364694418,-0.04675444924652524,0.12608322085911775,643,0
15.0,BOYACÁ,15763.0,15763.0,SOTAQUIRÁ,BOYACÁ,NORORIENTE,-0.04101382488479265,-0.24107142857142846,0.0,-0.5201370554651258,-0.5255380303075958,0.0,0.004377373366613319,0.20235294117647074,-0.0,-0.19424000497368682,-0.5501263076355026,1.0000000000000002,-0.45824231764671197,0.0,0.2861810833564787,0.319515739101721,-0.04733349014022399,0.12604082698617278,644,0
15.0,BOYACÁ,15106.0,15106.0,BRICEÑO,BOYACÁ,NORORIENTE,0.791705069124424,0.3437500000000001,0.0,-0.9185298953831764,-0.4832407619227118,0.0,-0.41868664274841844,0.39294117647058824,-0.0,-0.9619240831197506,0.1055319859088051,1.0000000000000002,-0.45824231764671197,0.0,-0.36440307723498605,-0.4735663811873805,-0.0478915417578679,0.1259999698211045,645,0
41.0,HUILA,41319.0,41319.0,GUADALUPE,HUILA,CENTRO SUR,0.004608294930875642,0.10714285714285737,0.0,-0.38179242166297356,0.020381944773395982,0.0,-0.9552758368402091,-0.35058823529411787,0.46586943020641003,0.007560375305027261,-0.19807866527648746,0.0,-0.5539651466003332,0.0,-0.1873925705415482,0.4635010352241444,-0.04936703363887221,0.12589194322744707,646,0
73.0,TOLIMA,73200.0,73200.0,COELLO,TOLIMA,CENTRO SUR,-0.2811059907834102,-0.2232142857142857,0.0,-0.3645563692930702,-0.27186964139549497,0.0,-0.40410248249136177,0.21176470588235272,0.1794567355112193,0.43918579765787663,-0.070914983678702,1.0000000000000002,0.05660264741218082,0.0,-0.44419699535810103,-0.5217662522146352,-0.049824956974925234,0.12585841684971033,647,0
5.0,ANTIOQUIA,5364.0,5364.0,JARDÍN,ANTIOQUIA,OCCIDENTE,-0.5483870967741935,-0.5491071428571427,0.0,-0.7703788710617683,0.1026334374458768,2.2753623188405823,-0.12510040653702165,-1.4776470588235298,-0.729465887115974,0.25044468961001043,-0.5187189770827126,-1.0,0.2330297065267568,1.0,0.87204288990546,-0.48335303497040943,-0.049853591083358205,0.12585632043343298,648,0
15.0,BOYACÁ,15690.0,15690.0,SANTA MARÍA,BOYACÁ,NORORIENTE,-0.04608294930875576,-0.5267857142857141,0.0,-0.1730415594630655,-0.4049363825606733,0.0,0.990212320089833,0.2658823529411763,-0.0,0.23024897824458268,0.34103460644146566,0.0,-0.45824231764671197,0.0,0.5395818067542647,-1.164266617087721,-0.051752640999192766,0.12571728348159736,649,0
5.0,ANTIOQUIA,5002.0,5002.0,ABEJORRAL,ANTIOQUIA,OCCIDENTE,-0.02165898617511515,-0.00892857142857124,1.0,-1.1201421558269724,0.17987748496698533,0.0,-0.21634728371833675,-0.38117647058823545,-0.729465887115974,-0.5342786807410445,0.28495636904597593,0.0,0.2330297065267568,1.0,-0.2779840158667076,-0.4537717207555412,-0.05187272872363853,0.12570849138454895,650,0
68.0,SANTANDER,68397.0,68397.0,LA PAZ,SANTANDER,NORORIENTE,0.30875576036866376,-0.20982142857142835,0.0,-1.1576764371959205,-0.5296435093592793,0.0,-0.3921792960743862,0.2494117647058823,-0.1950546486891935,0.01529195013998177,0.46903589146712826,1.0000000000000002,-0.6393305376447123,0.0,0.4732343242978686,-1.1551606881604215,-0.05482067410571494,0.12549266064904052,651,0
73.0,TOLIMA,73770.0,73770.0,SUÁREZ,TOLIMA,CENTRO SUR,0.1520737327188942,-0.2901785714285714,0.0,0.2963274549180258,-0.37707306462410906,0.0,0.386308637745349,0.3670588235294119,0.1794567355112193,-0.45870978967087794,0.518260847391281,0.0,0.05660264741218082,0.0,-0.25751863193529895,-0.6392437664520123,-0.05484733842476916,0.12549070844883073,652,0
68.0,SANTANDER,68867.0,68867.0,VETAS,SANTANDER,NORORIENTE,-0.640552995391705,-0.3973214285714285,0.0,-0.6523444571564492,-0.5207098514673842,0.0,0.5273710165100433,0.32941176470588224,-0.1950546486891935,-0.06302870953178853,0.5638958833788753,0.0,-0.6393305376447123,0.0,1.2110265217133984,-0.27960244808027623,-0.055238558673258206,0.12546206566783127,653,0
23.0,CÓRDOBA,23300.0,23300.0,COTORRA,CÓRDOBA,CARIBE,-0.14746543778801827,-0.04910714285714259,0.0,0.20802558737415713,-0.11378919136336882,0.0,0.13812393990658825,0.2823529411764707,0.8291999008918115,-1.0208672357028032,-0.26491032981819046,-1.0,1.6918922599612225,0.0,0.5718057358520343,-0.7310651990715392,-0.05721137737434394,0.12531762781159794,654,0
13.0,BOLÍVAR,13673.0,13673.0,SANTA CATALINA,BOLÍVAR,CARIBE,-0.7972350230414745,0.6249999999999999,0.0,0.7570690927876487,-0.2097997266086068,0.0,-0.059449412047549326,0.21411764705882352,0.3154918253869455,-0.5717167607985126,-0.21809079025909184,-1.0,0.8204296097067337,0.0,0.10199757172404644,0.14226414599521103,-0.057802624598398966,0.1252743402649524,655,0
25.0,CUNDINAMARCA,25793.0,25793.0,TAUSA,CUNDINAMARCA,CENTRO SUR,-0.4838709677419355,-0.7366071428571427,0.0,-0.4245232208455014,-0.5701641300991368,0.0,-0.4803694383172283,-0.03764705882352959,-0.8423028581296914,0.05384508552020486,-0.49976508695656896,1.0000000000000002,-0.1617756769373358,0.0,1.2777920100238538,1.0261083322251132,-0.057983105313918204,0.12526112655827643,656,0
5.0,ANTIOQUIA,5206.0,5206.0,CONCEPCIÓN,ANTIOQUIA,OCCIDENTE,-0.4331797235023041,-0.34821428571428553,1.0,-1.0512931849896865,0.3929860175086832,0.0,0.012162193336349712,0.18352941176470594,-0.729465887115974,0.22024925823195574,-0.4826594941324295,0.0,0.2330297065267568,1.0,-0.015357454094807094,-0.49834931082488143,-0.05798824831824473,0.12526075001859788,657,0
68.0,SANTANDER,68271.0,68271.0,FLORIÁN,SANTANDER,NORORIENTE,-0.1152073732718894,0.6785714285714286,0.0,-0.10792945193674539,-0.31684443019575265,0.0,-0.7177238774724404,0.21176470588235272,-0.1950546486891935,-0.6594415483131768,-0.3464728985771268,1.0000000000000002,-0.6393305376447123,0.0,-0.15510314852386445,0.004995450340408601,-0.06277085023265706,0.12491059682542556,658,0
5.0,ANTIOQUIA,5579.0,5579.0,PUERTO BERRÍO,MAGDALENA MEDIO,NORORIENTE,-1.2036866359447005,-0.3883928571428569,1.0,0.49252909790917526,0.8808017203568389,0.2318840579710157,0.6105879928269693,-2.2282352941176478,-0.729465887115974,0.14559891918888218,0.19966815107178584,-1.0,0.2330297065267568,1.0,0.1562075352452903,-0.17558494687041357,-0.06338172074819048,0.12486587258003431,659,0
13.0,BOLÍVAR,13838.0,13838.0,TURBANÁ,BOLÍVAR,CARIBE,0.06405529953917054,0.08928571428571426,0.0,0.08046688966591692,-0.3483534698269312,0.0,0.08130177713119019,0.21882352941176472,0.3154918253869455,-0.12421596002725734,0.5476517219181462,-2.0,0.8204296097067337,0.0,-0.2551178997329292,-0.04057585756455687,-0.06413293359307434,0.12481087331789723,660,0
8.0,ATLÁNTICO,8560.0,8560.0,PONEDERA,ATLÁNTICO,CARIBE,-0.03225806451612883,0.2633928571428574,0.0,0.8548340173280216,-0.27665580956474073,0.0,-0.013403846437570683,0.11999999999999995,-0.0399766904650517,-0.6375525354527143,-0.473824530068193,-2.0,1.132936695799988,0.0,0.6399826883991414,0.3992739218196868,-0.0645369410813979,0.1247812943325178,661,0
5.0,ANTIOQUIA,5154.0,5154.0,CAUCASIA,ANTIOQUIA,OCCIDENTE,-0.20645161290322564,-0.21428571428571416,2.0,0.9958370285336352,1.8463859347226705,0.07246376811594313,-0.20009807751798886,-5.5082352941176485,-0.729465887115974,-0.007545845193534973,-0.6568531710717148,-2.0,0.2330297065267568,1.0,-0.1319842890442212,0.4281891945760238,-0.06668038206951275,0.12462436454413146,662,0
13.0,BOLÍVAR,13683.0,13683.0,SANTA ROSA,BOLÍVAR,CARIBE,-0.19815668202764966,0.6026785714285713,0.0,0.8040013837863575,1.0148903669525309,0.0,-0.17988448941087554,-0.03999999999999998,0.3154918253869455,0.3312683823154796,-1.6684182548920246,-2.0,0.8204296097067337,0.0,-0.7797058181395802,0.46029713320098786,-0.06691477874804197,0.124607203436658,663,0
54.0,NORTE DE SANTANDER,54099.0,54099.0,BOCHALEMA,NORTE DE SANTANDER,NORORIENTE,-0.08294930875576025,-0.20089285714285712,0.0,0.11960460390768576,-0.4627052811109774,0.0,-0.39141072588947873,0.10352941176470597,0.4226611781815951,-0.06227948366679931,-0.09698959478940622,-1.0,0.0,1.0,0.4629026396189224,-0.01796877124575126,-0.06714475621706316,0.12459036587698306,664,0
68.0,SANTANDER,68013.0,68013.0,AGUADA,SANTANDER,NORORIENTE,0.3364055299539173,0.04464285714285714,0.0,-0.4023294582340146,-0.61243501643202,0.0,-0.8571860031564955,0.484705882352941,-0.1950546486891935,0.2390902661472276,0.3953638608588441,1.0000000000000002,-0.6393305376447123,0.0,-0.07311524112529737,-1.3647699798930564,-0.06734928919618471,0.12457539120900314,665,0
15.0,BOYACÁ,15720.0,15720.0,SATIVANORTE,BOYACÁ,NORORIENTE,0.1889400921658987,0.48214285714285726,0.0,-0.8142054362206824,-0.6284015582072193,0.0,0.3367825220913753,0.40235294117647064,-0.0,-0.22431520098981086,0.4427837073717867,0.0,-0.45824231764671197,0.0,0.405687440948669,-1.8718657563620458,-0.0741780045853299,0.12407543395946319,666,0
41.0,HUILA,41548.0,41548.0,PITAL,HUILA,CENTRO SUR,0.4285714285714288,0.1383928571428572,0.0,0.16862078210700746,-0.012597201359541989,0.0,-1.2270318696388984,-0.11764705882352956,0.46586943020641003,-0.2748744819746207,0.07703696124236095,-1.0,-0.5539651466003332,0.0,-0.4850612815509553,0.7063946192765896,-0.0744712202963157,0.12405396647809482,667,0
54.0,NORTE DE SANTANDER,54313.0,54313.0,GRAMALOTE,NORTE DE SANTANDER,NORORIENTE,0.013824884792626927,0.0669642857142857,0.0,-0.9394635969331812,-0.31437649529393447,0.0,-1.0808261896623588,0.18117647058823513,0.4226611781815951,-0.05010453067873554,0.5307152805303765,-1.0,0.0,1.0,-0.1648978477595183,0.023787387768860604,-0.07538028545726716,0.12398741022386224,668,0
50.0,META,50226.0,50226.0,CUMARAL,META,ORINOQUÍA,-0.912442396313364,-0.808035714285714,0.0,1.5254404447128909,-0.0038310169885057655,0.0,0.7373912434983384,-1.8235294117647065,-0.0637804626737325,0.32970461146056107,-0.006394468157430557,0.0,-0.48827908621675425,1.0,-0.35756497606259685,0.8631586637983709,-0.08312108565741697,0.12342067563957178,669,0
5.0,ANTIOQUIA,5042.0,5042.0,SANTA FÉ DE ANTIOQUIA,ANTIOQUIA,OCCIDENTE,-0.02304147465437788,-0.4955357142857141,1.0,0.28527586363875546,0.5194175947494458,0.0,0.04911427138832494,-1.7200000000000006,-0.729465887115974,0.06897847371845196,-0.7052567348004721,-1.0,0.2330297065267568,1.0,0.03944726612259344,0.2125070021803287,-0.08346606628323981,0.1233954182441464,670,0
25.0,CUNDINAMARCA,25368.0,25368.0,JERUSALÉN,CUNDINAMARCA,CENTRO SUR,0.5990783410138248,-0.26339285714285704,0.0,-0.4987269499280695,-0.5800474616854967,0.0,-0.150939326422596,0.44941176470588223,-0.8423028581296914,0.38683212241730136,0.39101774479656204,0.0,-0.1617756769373358,0.0,-0.23427975703303808,-0.8101387103221611,-0.08562808705141431,0.12323712815661061,671,0
15.0,BOYACÁ,15226.0,15226.0,CUÍTIVA,BOYACÁ,NORORIENTE,-0.23963133640552975,-0.0044642857142854625,0.0,-0.6712713707430465,-0.7004197959094487,0.0,-0.5500586376664891,0.38117647058823545,-0.0,-0.2898022699509199,-0.015118610924968379,1.0000000000000002,-0.45824231764671197,0.0,0.1595006379085731,-0.13321097197334694,-0.08653897563630862,0.12317043840230266,672,0
41.0,HUILA,41797.0,41797.0,TESALIA,HUILA,CENTRO SUR,-0.391705069124424,-0.20982142857142835,0.0,0.22260614906238313,0.1043825764874017,0.5217391304347824,0.08436772445708811,-0.2800000000000003,0.46586943020641003,-0.010750617745019347,-0.17622105439959965,0.0,-0.5539651466003332,0.0,-0.7442833414873823,-0.15063562620921545,-0.08755837909915402,0.12309580384478896,673,0
15.0,BOYACÁ,15879.0,15879.0,VIRACACHÁ,BOYACÁ,NORORIENTE,0.10138248847926282,0.19196428571428586,0.0,-0.9877905227698771,-0.6044343168818614,0.0,0.9058197306087444,0.44705882352941184,-0.0,-0.42438048354497804,-0.26961636693375707,1.0000000000000002,-0.45824231764671197,0.0,0.06441395819385876,-1.4332269712317478,-0.08877762000706087,0.12300653839790673,674,0
5.0,ANTIOQUIA,5315.0,5315.0,GUADALUPE,ANTIOQUIA,OCCIDENTE,-0.2027649769585253,0.01339285714285733,1.0,-0.20841172649027848,1.1174609646572284,0.0,0.01656459365009605,0.36470588235294105,-0.729465887115974,0.13787523172515742,-0.983530281780838,-1.0,0.2330297065267568,1.0,-0.6522622577580037,-0.7405000766583315,-0.0891624606052984,0.12297836269632281,675,0
76.0,VALLE DEL CAUCA,76863.0,76863.0,VERSALLES,VALLE DEL CAUCA,SUR-OCCIDENTE,0.08156682027649785,-0.45535714285714257,0.0,-0.34032564072419214,0.27068824890251914,0.0,-0.1906915317324677,0.16941176470588235,-0.3266245789331387,-0.0829868354439375,-0.5511342076511437,0.0,-0.3001020756710667,1.0,0.19174481284068012,-0.29825134555927424,-0.08948118159730496,0.12295502787250111,676,0
20.0,CESAR,20011.0,20011.0,AGUACHICA,CESAR,CARIBE,0.1907834101382489,-0.16964285714285698,1.0,0.5930024596350614,0.4611242514038122,0.0,0.48157370581478065,-6.79294117647059,0.4526924614470711,0.24731962280834066,-0.21327792651118008,-2.0,0.41106341893158643,1.0,-0.19878923318996627,0.43520100296106984,-0.08994419190423501,0.12292112905751618,677,0
25.0,CUNDINAMARCA,25279.0,25279.0,FÓMEQUE,CUNDINAMARCA,CENTRO SUR,-0.21658986175115189,-0.5982142857142856,0.0,-0.5445723089596728,-0.03808991848991262,0.0,0.24927250112846436,-0.14117647058823554,-0.8423028581296914,0.33927280181316194,0.19504925836969908,0.0,-0.1617756769373358,0.0,0.6982680912891263,-0.6232957737318017,-0.0915521377526643,0.12280340498527445,678,0
68.0,SANTANDER,68669.0,68669.0,SAN ANDRÉS,SANTANDER,NORORIENTE,-0.12488479262672815,0.07142857142857148,0.0,-0.5826932409970749,-0.18592974887294134,0.0,0.045244014365932145,0.18352941176470594,-0.1950546486891935,0.3114554023073003,0.0017724872996118357,0.0,-0.6393305376447123,0.0,0.1954528138578687,-1.0157243289827202,-0.09275919352422397,0.12271503166039557,679,0
73.0,TOLIMA,73055.0,73055.0,ARMERO,TOLIMA,CENTRO SUR,0.4599078341013827,-0.6026785714285712,0.0,-0.5131529066927306,-0.09869859841348311,0.0,-0.004478535459126085,-0.2988235294117651,0.1794567355112193,-0.08455465364547755,0.3874028738677361,0.0,0.05660264741218082,0.0,-0.39041982185831625,-0.7701846540333818,-0.09347188067089657,0.12266285301692784,680,0
68.0,SANTANDER,68895.0,68895.0,ZAPATOCA,SANTANDER,NORORIENTE,-0.1797235023041474,-0.6205357142857142,0.0,-0.5098010112675097,-0.48703149453260325,0.0,-0.2646373862555257,-0.44705882352941184,-0.1950546486891935,0.061527791919905955,0.1976938969780781,0.0,-0.6393305376447123,0.0,1.5421581597986755,-0.5309207916504566,-0.09559264641233599,0.12250758337299246,681,0
52.0,NARIÑO,52399.0,52399.0,LA UNIÓN,NARIÑO,SUR-OCCIDENTE,0.8248847926267281,0.34821428571428586,0.0,-0.3183676439648947,0.47355982740635194,0.0,-1.2813970381403441,-1.454117647058824,0.9059388934666076,-0.8674619178910471,-0.6876373901306071,-1.0,0.9204622727109818,0.0,-0.5684232925593217,0.023392510529527746,-0.09732136851736331,0.12238101679354148,682,0
15.0,BOYACÁ,15218.0,15218.0,COVARACHÍA,BOYACÁ,NORORIENTE,0.6267281105990784,0.6607142857142858,0.0,-0.5412677520219705,-0.6628444648156152,0.0,-0.3031470900668469,0.37411764705882344,-0.0,-1.006549263048746,0.23164899237672032,1.0000000000000002,-0.45824231764671197,0.0,-0.717064700554458,-1.2215362225352944,-0.09786145753464726,0.12234147474145696,683,0
15.0,BOYACÁ,15403.0,15403.0,LA UVITA,BOYACÁ,NORORIENTE,-0.2027649769585253,0.04910714285714291,0.0,-0.3420111555442866,-0.5573886965757852,0.0,0.12944196375761727,0.30588235294117627,-0.0,0.14825774939198866,0.12526133277083645,0.0,-0.45824231764671197,0.0,0.02582426794711996,-0.7761977262646321,-0.0980495229777652,0.12232770572688882,684,0
5.0,ANTIOQUIA,5585.0,5585.0,PUERTO NARE,MAGDALENA MEDIO,NORORIENTE,-0.6036866359447004,-0.3437499999999998,0.0,-0.2881488554979631,-0.11891210145879798,0.0,0.7769965482300552,-0.06588235294117678,-0.729465887115974,-0.15175851199800694,0.17870272115269062,0.0,0.2330297065267568,1.0,-0.32731995956294807,0.011636996734572627,-0.09843959614322874,0.12229914692837242,685,0
52.0,NARIÑO,52693.0,52693.0,SAN PABLO,NARIÑO,SUR-OCCIDENTE,0.4193548387096775,0.01339285714285733,0.0,0.5016857195117698,0.050077600286600674,0.0,-0.8965709085438969,0.049411764705882384,0.9059388934666076,0.1920798135295587,-0.2619450708891425,-1.0,0.9204622727109818,0.0,-0.7950939352567409,-1.2817759162201152,-0.0995384434138223,0.122218695975629,686,0
15.0,BOYACÁ,15842.0,15842.0,ÚMBITA,BOYACÁ,NORORIENTE,0.13364055299539165,0.38392857142857145,0.0,-1.2685844439639633,-0.6194557866479384,0.0,0.9771706635135113,0.34588235294117625,-0.0,-1.0605649060523719,0.12379028593421158,0.0,-0.45824231764671197,0.0,0.27552122782792754,-0.6949544079488261,-0.09985892519690451,0.12219523223733172,687,0
5.0,ANTIOQUIA,5240.0,5240.0,EBÉJICO,ANTIOQUIA,OCCIDENTE,0.23502304147465444,-0.07589285714285696,0.0,-0.9646811208859394,0.18553392081885076,0.0,-0.7148125087592332,-0.05176470588235319,-0.729465887115974,-0.051232268570113676,-0.15619153180439974,0.0,0.2330297065267568,1.0,0.2185599025035952,-1.0039811142183683,-0.10023497881947424,0.12216769986497389,688,0
15.0,BOYACÁ,15092.0,15092.0,BETÉITIVA,BOYACÁ,NORORIENTE,-0.07281105990783403,0.11160714285714285,0.0,-0.800958549389553,-0.672211390623854,0.0,-0.37820041970564217,0.45647058823529424,-0.0,0.0786379972086173,0.5919121668284808,1.0000000000000002,-0.45824231764671197,0.0,-0.37162584925978176,-1.5172204306934105,-0.10411399279899881,0.12188370191666097,689,0
18.0,CAQUETÁ,18001.0,18001.0,FLORENCIA,CAQUETÁ,CENTRO SUR,0.059907834101382694,-0.4999999999999997,2.0,1.1146534522099776,1.372039211590581,1.2318840579710157,0.57737161462629,-15.077647058823533,0.7188379292561181,0.3785946168037918,-0.03121958690729754,-2.0,-0.5160751802858682,0.0,0.606943558427618,0.27815004095223944,-0.10535937930585998,0.12179252224711812,690,4
52.0,NARIÑO,52051.0,52051.0,ARBOLEDA,NARIÑO,SUR-OCCIDENTE,0.9493087557603688,0.6026785714285713,0.0,0.049807806791929254,-0.17355663930226517,0.0,-1.2129699323848964,0.30588235294117627,0.9059388934666076,-1.1465402570892995,-0.10049777710252082,-1.0,0.9204622727109818,0.0,-0.8378867195660498,-0.9491109746503982,-0.10829121147385007,0.12157787122371318,691,0
41.0,HUILA,41518.0,41518.0,PAICOL,HUILA,CENTRO SUR,-0.35023041474654387,-0.07589285714285696,0.0,0.14211064348317048,-0.46793682399548825,0.18840579710145097,-0.23977088220425616,0.11529411764705876,0.46586943020641003,0.18818217416819505,-0.04216526387529741,0.0,-0.5539651466003332,0.0,-0.821404585832144,0.03787184447738121,-0.11041147582765805,0.12142263828834844,692,0
15.0,BOYACÁ,15022.0,15022.0,ALMEIDA,BOYACÁ,NORORIENTE,-0.004608294930875642,-0.14732142857142844,0.0,-0.9663100432059157,-0.6034670288708666,0.0,0.911511203706197,0.37882352941176467,-0.0,-1.1299964067483839,0.8341856649730751,1.0000000000000002,-0.45824231764671197,0.0,0.20842295450097134,-1.599992722184697,-0.11129183116557768,0.1213581839937583,693,0
41.0,HUILA,41306.0,41306.0,GIGANTE,HUILA,CENTRO SUR,0.05529953917050705,-0.17410714285714277,0.0,0.10917880683253338,0.3109815792124354,0.0,-0.524198833737529,-1.1670588235294121,0.46586943020641003,-0.3547527126460288,0.18871159155150027,-1.0,-0.5539651466003332,0.0,-0.0987561665633266,0.28553194974229595,-0.11220353039146576,0.12129143488921851,694,0
68.0,SANTANDER,68020.0,68020.0,ALBANIA,SANTANDER,NORORIENTE,-0.17649769585253447,0.32589285714285726,0.0,-0.5314531802632979,-0.5214156840851394,0.0,-0.5030397551870859,0.3576470588235295,-0.1950546486891935,-0.49462167186399514,-0.16385327182724493,1.0000000000000002,-0.6393305376447123,0.0,-0.27476445737373767,-0.20908154420451303,-0.11277024456540642,0.12124994350415813,695,0
76.0,VALLE DEL CAUCA,76828.0,76828.0,TRUJILLO,VALLE DEL CAUCA,SUR-OCCIDENTE,-0.17050691244239613,-0.26339285714285704,0.0,-0.5674596153546373,0.8057978307161549,0.942028985507247,-0.9866326296160416,-0.30588235294117666,-0.3266245789331387,0.04252512903127286,-0.3592772390980007,-1.0,-0.3001020756710667,1.0,-0.33276364066619707,-0.21499206417212954,-0.11381266902006501,0.12117362348882513,696,0
25.0,CUNDINAMARCA,25258.0,25258.0,EL PEÑÓN,CUNDINAMARCA,CENTRO SUR,0.6728110599078343,0.3883928571428572,1.0,-1.2470084843453615,-0.09409935559376334,0.0,-1.874838645481289,0.31529411764705867,-0.8423028581296914,-0.2674284418154794,0.06266471190365817,1.0000000000000002,-0.1617756769373358,0.0,-0.42634859738978453,-1.8875629877958324,-0.11401539493394139,0.12115878112323566,697,0
15.0,BOYACÁ,15466.0,15466.0,MONGUÍ,BOYACÁ,NORORIENTE,0.2304147465437788,-0.5357142857142855,0.0,-0.6328472900095085,-0.5918023384909875,0.0,-0.3525412841935624,0.056470588235293974,-0.0,0.5959886479172187,-0.06984305281255648,-1.0,-0.45824231764671197,0.0,0.9450746051932826,-0.5139470804486024,-0.11424125752509912,0.12114224483003641,698,0
70.0,SUCRE,70215.0,70215.0,COROZAL,SUCRE,CARIBE,-0.4299539170506912,-0.28124999999999983,0.0,0.8933673963976081,0.1272839165278739,0.0,0.14262952809369703,-1.9317647058823537,0.880925368474336,-0.4321123485531958,-0.7287551489537122,-1.0,1.838199989484149,1.0,-0.19432220171847583,-0.4119668088883066,-0.11535099604238262,0.12106099648606654,699,0
52.0,NARIÑO,52694.0,52694.0,SAN PEDRO DE CARTAGO,NARIÑO,SUR-OCCIDENTE,0.3410138248847926,0.6160714285714287,0.0,-0.10229095110157749,-0.40846027906790217,0.0,-1.9680151845844391,0.35529411764705865,0.9059388934666076,-0.9276293682126731,-0.3015825176740801,-1.0,0.9204622727109818,0.0,-0.3648128435053036,0.044468835894255855,-0.11567060481879729,0.12103759666403865,700,0
15.0,BOYACÁ,15542.0,15542.0,PESCA,BOYACÁ,NORORIENTE,-0.11981566820276505,-0.0669642857142857,0.0,-0.9295321151007102,-0.7004197959094487,0.0,-0.42011724500432174,0.21647058823529391,-0.0,0.1534097189956228,0.06628383122697695,0.0,-0.45824231764671197,0.0,0.25839362864535076,-0.3747355052871823,-0.11772357382484118,0.12088729068712181,701,0
68.0,SANTANDER,68132.0,68132.0,CALIFORNIA,SANTANDER,NORORIENTE,-0.17511520737327177,-0.8749999999999997,0.0,-0.09972681358955279,-0.6160532628547044,0.0,0.16826995241942017,0.3223529411764707,-0.1950546486891935,-0.06988419572867091,0.6403654787295435,-1.0,-0.6393305376447123,0.0,0.5161643447598155,0.6880867510741026,-0.11780039377958948,0.12088166639454304,702,0
68.0,SANTANDER,68468.0,68468.0,MOLAGAVITA,SANTANDER,NORORIENTE,-0.6317972350230414,0.4955357142857143,0.0,-1.2293605212917607,-0.6796537870344752,0.0,-0.11421365086142261,0.37411764705882344,-0.1950546486891935,0.09526739226495126,0.20625511607470606,1.0000000000000002,-0.6393305376447123,0.0,-0.4271043790939255,-0.771777052209138,-0.1214806869070478,0.1206122175854113,703,0
73.0,TOLIMA,73861.0,73861.0,VENADILLO,TOLIMA,CENTRO SUR,-0.7921658986175115,-0.20089285714285712,1.0,-0.060301504317821504,0.1898554880204567,0.0,-0.232850639491853,-0.3458823529411767,0.1794567355112193,-0.3884855468032832,-0.034803390116764435,0.0,0.05660264741218082,0.0,-0.6958646988782913,-0.2140025179718388,-0.1247724063767018,0.12037121778991224,704,0
25.0,CUNDINAMARCA,25535.0,25535.0,PASCA,CUNDINAMARCA,CENTRO SUR,-0.5161290322580645,-0.45535714285714257,0.0,-0.3380445208617714,-0.04829442694995719,0.0,-1.0700240620074133,-0.07999999999999996,-0.8423028581296914,0.5431103573475898,-0.18664568507190493,0.0,-0.1617756769373358,0.0,0.47958699627952206,0.32824229173236186,-0.1249472589609287,0.1203584161409778,705,0
50.0,META,50150.0,50150.0,CASTILLA LA NUEVA,META,ORINOQUÍA,-1.1539170506912442,-0.7901785714285711,0.0,0.051658207733734966,-0.26642689374996675,0.0,0.42932682250000176,-0.6870588235294122,-0.0637804626737325,0.0660770542370786,-0.2066689677657524,0.0,-0.48827908621675425,1.0,0.11256109474782096,1.2219558800782286,-0.1254692057416832,0.12032020235375114,706,0
76.0,VALLE DEL CAUCA,76054.0,76054.0,ARGELIA,VALLE DEL CAUCA,SUR-OCCIDENTE,-0.04423963133640557,-0.20535714285714257,1.0,-0.2811466441654009,0.3954563751263254,1.434782608695655,-1.5634777819619277,0.2564705882352939,-0.3266245789331387,-1.0297826214939938,-0.04416043641264321,-1.0,-0.3001020756710667,1.0,-0.4442591924445182,-0.5731512192827307,-0.12591247317641902,0.12028774899248885,707,0
52.0,NARIÑO,52019.0,52019.0,ALBÁN,NARIÑO,SUR-OCCIDENTE,0.942857142857143,0.15178571428571452,0.0,-0.19008270335561084,0.33197236820147674,0.0,-2.3928873254463956,0.19529411764705873,0.9059388934666076,-1.0289777348843916,-0.3513535783913983,-1.0,0.9204622727109818,0.0,-0.8813210531675856,0.07255572025751428,-0.12751084308616453,0.12017072601257466,708,0
68.0,SANTANDER,68770.0,68770.0,SUAITA,SANTANDER,NORORIENTE,-0.5211981566820276,-0.13392857142857142,0.0,-0.4484438336713098,-0.48009767808751896,0.0,-0.4753095571661526,-0.17647058823529435,-0.1950546486891935,0.34512435505683053,0.12260620174974021,1.0000000000000002,-0.6393305376447123,0.0,-0.26156012421902275,-0.5597782046308444,-0.13026119005372877,0.11996936223815674,709,0
68.0,SANTANDER,68682.0,68682.0,SAN JOAQUÍN,SANTANDER,NORORIENTE,0.021658986175115157,0.026785714285714343,0.0,-0.6707815437868717,-0.536268924799558,0.0,0.1261319446731786,0.38823529411764707,-0.1950546486891935,-0.17227896138330423,0.5561459022284938,0.0,-0.6393305376447123,0.0,-0.023929822853186882,-1.2285691609583724,-0.13199670768202637,0.11984229813158247,710,0
52.0,NARIÑO,52838.0,52838.0,TÚQUERRES,NARIÑO,SUR-OCCIDENTE,0.8958525345622123,-0.37053571428571414,0.0,-0.09977085156121447,0.21988186557328948,0.0,-1.8356035186045343,-1.7082352941176475,0.9059388934666076,-0.40527666648875615,-0.18576112342981888,-1.0,0.9204622727109818,0.0,-0.14209312829545087,-0.44799556341717384,-0.13267311897000278,0.1197927753871389,711,0
52.0,NARIÑO,52210.0,52210.0,CONTADERO,NARIÑO,SUR-OCCIDENTE,0.8612903225806455,0.14285714285714296,0.0,-0.26806497333790114,-0.3602472801864102,0.39130434782608625,-1.6541101415801633,0.35529411764705865,0.9059388934666076,-1.0275229538302435,-0.2529657551757991,-1.0,0.9204622727109818,0.0,-0.5944970315604778,-0.541289499451288,-0.13291264432210903,0.11977523878919773,712,0
52.0,NARIÑO,52320.0,52320.0,GUAITARILLA,NARIÑO,SUR-OCCIDENTE,0.6129032258064518,-0.32142857142857123,0.0,-0.5678621050455216,-0.39419144266157,0.0,-1.879239898213794,0.12941176470588234,0.9059388934666076,-0.007935502976594795,-0.20058042246511368,-1.0,0.9204622727109818,0.0,-0.818559316316066,0.21490675881955254,-0.13846305075905163,0.1193688715915761,713,0
17.0,CALDAS,17777.0,17777.0,SUPÍA,CALDAS,OCCIDENTE,-1.0336405529953918,-0.4241071428571427,0.0,-0.0363166801389069,0.03470588373688165,6.797101449275371,-1.9836116140629418,-1.529411764705883,-0.5206856369030118,-1.085833476597755,-0.9055607280630078,-1.0,-0.8930772834598875,0.0,-0.7008367226664876,-0.4287342576855442,-0.14052490536912604,0.11921791506446082,714,0
15.0,BOYACÁ,15114.0,15114.0,BUSBANZÁ,BOYACÁ,NORORIENTE,0.6820276497695855,-0.4241071428571427,0.0,0.23517874753562082,-0.7004197959094487,0.0,0.545813712592082,0.4800000000000002,-0.0,-0.22277090089899546,0.050435661914740734,0.0,-0.45824231764671197,0.0,-0.8813210531675856,-0.8108981287679993,-0.14067754965892876,0.11920673937255703,715,0
19.0,CAUCA,19845.0,19845.0,VILLA RICA,CAUCA,SUR-OCCIDENTE,-0.18940092165898614,-0.808035714285714,0.0,1.2806044719215275,0.0355475725573575,0.0,0.5202636015554303,-0.2541176470588235,0.8309935282649857,-0.6898284629865133,-1.3020213375064735,-2.0,0.2232853082162463,1.0,0.6815440904598945,0.7734209811813648,-0.14327020902980686,0.11901692053047751,716,0
52.0,NARIÑO,52480.0,52480.0,NARIÑO,NARIÑO,SUR-OCCIDENTE,0.7281105990783413,0.0,0.0,-0.12673163304255894,0.5165874426279797,0.0,-1.021720035613506,0.34352941176470586,0.9059388934666076,-1.0467220639206154,-1.5698316284419662,-2.0,0.9204622727109818,0.0,-0.34860581770170523,0.8987992870767056,-0.14335981222812272,0.11901036032610125,717,0
15.0,BOYACÁ,15790.0,15790.0,TASCO,BOYACÁ,NORORIENTE,-0.21013824884792603,-0.41964285714285704,0.0,-0.5800710775651925,-0.5070483756905275,0.0,0.12500172074291843,0.21647058823529391,-0.0,0.7758133659449005,-0.21492756220956724,0.0,-0.45824231764671197,0.0,-0.578269359714189,-0.3856484666685458,-0.14438555299675312,0.11893526178937786,718,0
25.0,CUNDINAMARCA,25148.0,25148.0,CAPARRAPÍ,CUNDINAMARCA,CENTRO SUR,0.262672811059908,0.01785714285714311,0.0,-0.8195429907219891,-0.18465556566649635,0.0,-0.3736426392140277,-0.07058823529411756,-0.8423028581296914,-0.2626485535123328,0.27672952822314656,0.0,-0.1617756769373358,0.0,-0.16190956261134923,-0.7353407867842253,-0.14488937976938698,0.11889837463957936,719,0
15.0,BOYACÁ,15660.0,15660.0,SAN EDUARDO,BOYACÁ,NORORIENTE,-0.4700460829493087,-0.21874999999999992,0.0,-1.0026491031344795,-0.4395653922803804,0.0,0.3820479453304281,0.45647058823529424,-0.0,0.10609249939211751,0.4726608179446296,0.0,-0.45824231764671197,0.0,0.07644007795682053,-1.2377392352066028,-0.1477710773955617,0.11868739416417719,720,0
5.0,ANTIOQUIA,5101.0,5101.0,CIUDAD BOLÍVAR,ANTIOQUIA,OCCIDENTE,-0.28571428571428553,-0.017857142857142797,0.0,-0.4331431208978909,0.5187813175202123,0.6521739130434784,-1.336883622257076,-1.23764705882353,-0.729465887115974,-0.32738241660664463,0.0754014932915407,-1.0,0.2330297065267568,1.0,0.08729627099510677,-0.2473769462436656,-0.14787836373561,0.11867953930708809,721,0
52.0,NARIÑO,52354.0,52354.0,IMUÉS,NARIÑO,SUR-OCCIDENTE,0.24884792626728106,-0.026785714285714034,0.0,-0.1918525592527947,-0.21615790942856836,0.0,-1.1867438480036148,0.19058823529411753,0.9059388934666076,-0.9395426850071197,-0.42923126196962913,0.0,0.9204622727109818,0.0,-0.8556094638823026,-0.29945910672017817,-0.15060942663295293,0.11847958739568663,722,0
85.0,CASANARE,85440.0,85440.0,VILLANUEVA,CASANARE,ORINOQUÍA,-0.7511520737327189,-0.7232142857142855,1.0,0.41943343497509294,0.07580838364499222,0.0,0.24677523081687597,-4.649411764705884,-0.53413056979359,-0.02320748548911524,-0.4889443402413498,-1.0,0.7156100787598901,0.0,0.9952078110123874,0.821131062516082,-0.15142634108070036,0.11841977785946632,723,0
25.0,CUNDINAMARCA,25518.0,25518.0,PAIME,CUNDINAMARCA,CENTRO SUR,-0.3410138248847926,0.6339285714285715,0.0,-0.8772479363083039,-0.33918060142927176,0.0,-1.8491812915261925,0.2823529411764707,-0.8423028581296914,-0.38284719098652753,0.298093150546194,1.0000000000000002,-0.1617756769373358,0.0,-0.14876182362610701,-0.746345364206722,-0.1529541426298538,0.11830792146820834,724,0
63.0,QUINDÍO,63690.0,63690.0,SALENTO,QUINDIO,OCCIDENTE,-1.5069124423963134,-0.9419642857142854,1.0,-0.38298434230218514,-0.21324687595310982,0.0,0.10678697029043725,-1.7811764705882358,-0.3620819447846533,0.5199650654002599,-0.33811836648505633,0.0,-0.3588355909158289,0.0,1.3557644622233214,0.09288286553337127,-0.15361934603434474,0.11825921929722279,725,0
25.0,CUNDINAMARCA,25594.0,25594.0,QUETAME,CUNDINAMARCA,CENTRO SUR,-0.4147465437788019,-0.13839285714285687,0.0,0.04316053396636841,-0.47341652589444616,0.0,-0.17416095448040508,-0.03764705882352959,-0.8423028581296914,0.17429300853752364,0.28494381433379573,0.0,-0.1617756769373358,0.0,-0.12044717680550586,-0.4742109995233033,-0.15378653494030042,0.11824697873647133,726,0
68.0,SANTANDER,68500.0,68500.0,OIBA,SANTANDER,NORORIENTE,-0.3870967741935484,-0.401785714285714,0.0,-0.17485240340784297,-0.33614016598604346,0.0,-0.3670835354803495,-0.6305882352941178,-0.1950546486891935,0.5293009141661752,0.0,0.0,-0.6393305376447123,0.0,-0.37914397504922215,0.16707174226315286,-0.15461475442489972,0.118186341513811,727,0
52.0,NARIÑO,52240.0,52240.0,CHACHAGÜÍ,NARIÑO,SUR-OCCIDENTE,-0.3041474654377881,-0.3839285714285712,0.0,0.16672745416008974,-0.3322866315127929,0.0,-0.22131374749887137,-0.2611764705882355,0.9059388934666076,-1.0766388684825388,0.12796599183060317,-1.0,0.9204622727109818,0.0,-0.40626124556045357,0.4807782646071755,-0.1557927504495386,0.11810009576788583,728,0
15.0,BOYACÁ,15723.0,15723.0,SATIVASUR,BOYACÁ,NORORIENTE,-0.1382488479262673,-0.4955357142857141,0.0,0.18680007537721,-0.5422667281376442,0.0,0.07991467613871943,0.4705882352941178,-0.0,-0.31586077850322825,0.453611493191014,0.0,-0.45824231764671197,0.0,-0.1041298818297735,-0.8268889985232325,-0.15672319946605942,0.11803197391705042,729,0
15.0,BOYACÁ,15531.0,15531.0,PAUNA,BOYACÁ,NORORIENTE,0.5105990783410138,0.29464285714285715,0.0,-0.7815113450377474,-0.2588310420713563,0.0,-0.5249209735207788,0.11764705882352915,-0.0,-0.6256245624381522,0.26681364023182486,0.0,-0.45824231764671197,0.0,-0.1643386860651265,-1.6697002405485717,-0.15860850510665903,0.11789394323793988,730,0
52.0,NARIÑO,52203.0,52203.0,COLÓN,NARIÑO,SUR-OCCIDENTE,0.1751152073732721,0.07142857142857148,0.0,-0.4779249890753378,0.2354604764731113,0.0,-1.611041466347217,0.31764705882352945,0.9059388934666076,-0.573994534787578,-0.3486190124519249,-1.0,0.9204622727109818,0.0,-0.8640376634668675,-0.17192566832496156,-0.15877990857054008,0.11788139411274133,731,0
5.0,ANTIOQUIA,5310.0,5310.0,GÓMEZ PLATA,ANTIOQUIA,OCCIDENTE,-0.31336405529953903,-0.2991071428571426,0.0,-0.4228677157276637,-0.1451565349890021,0.0,0.044198997472021065,-0.05882352941176478,-0.729465887115974,-0.22598443178762312,0.07682787965250776,0.0,0.2330297065267568,1.0,-0.4870052583140107,-0.4057745520869367,-0.15904164557819817,0.11786223131168806,732,0
54.0,NORTE DE SANTANDER,54172.0,54172.0,CHINÁCOTA,NORTE DE SANTANDER,NORORIENTE,-0.22580645161290316,-0.4687499999999998,0.0,0.16909681623417325,0.32374204332610707,0.0,-0.27949110734709365,-1.4611764705882357,0.4226611781815951,-0.2265118687283416,-1.3500180161500475,-1.0,0.0,1.0,0.4199664041566676,0.5305563394851859,-0.1604373235030932,0.11776004821328521,733,0
25.0,CUNDINAMARCA,25649.0,25649.0,SAN BERNARDO,CUNDINAMARCA,CENTRO SUR,-0.11981566820276505,-0.2678571428571428,0.0,-0.7482593294845169,-0.3605416305547033,0.0,-0.3012899115436753,-0.03999999999999998,-0.8423028581296914,0.41890131006471215,-0.2805224909404565,0.0,-0.1617756769373358,0.0,0.4766954203028146,-0.8490274798303324,-0.16080128250797826,0.11773340133570163,734,0
15.0,BOYACÁ,15276.0,15276.0,FLORESTA,BOYACÁ,NORORIENTE,0.2534562211981567,0.1383928571428572,0.0,0.1975950502703278,-0.5993999351011429,0.0,-0.09591982490110193,0.31058823529411744,-0.0,-0.6893940351860859,0.6447888526466345,0.0,-0.45824231764671197,0.0,-0.6040394582836233,-1.3974543784737468,-0.16338248617952583,0.1175444212106578,735,0
41.0,HUILA,41132.0,41132.0,CAMPOALEGRE,HUILA,CENTRO SUR,0.013824884792626927,-0.433035714285714,0.0,0.6215142072281233,0.8960776258598125,0.43478260869565294,-0.44280391519715534,-1.2752941176470594,0.46586943020641003,-0.34024471228534187,-0.583046591387666,-1.0,-0.5539651466003332,0.0,-0.11959920593012731,-0.5506348680492985,-0.16357447645587192,0.11753036484353303,736,0
25.0,CUNDINAMARCA,25572.0,25572.0,PUERTO SALGAR,CUNDINAMARCA,CENTRO SUR,-0.7419354838709677,-0.43749999999999983,0.0,0.4769066306328088,-0.06747660540556055,0.0,0.5043020248852719,-0.4682352941176474,-0.8423028581296914,0.06353200189326988,-0.13972624950782314,0.0,-0.1617756769373358,0.0,0.11514983070951244,-0.2813325694816834,-0.16371287408487026,0.11752023220598794,737,0
5.0,ANTIOQUIA,5670.0,5670.0,SAN ROQUE,ANTIOQUIA,OCCIDENTE,-0.327188940092166,0.0,0.0,-0.405462294872776,0.38909262790210614,0.0,0.03562210570504117,-0.522352941176471,-0.729465887115974,0.129602298313447,-0.5852877612022045,-1.0,0.2330297065267568,1.0,-0.3147972989420328,-0.25066796985144396,-0.16449135122854064,0.11746323681675297,738,0
5.0,ANTIOQUIA,5093.0,5093.0,BETULIA,ANTIOQUIA,OCCIDENTE,-0.6225806451612903,0.549107142857143,0.0,-0.2768290282195122,0.24372148301049787,0.0,-0.9233043569766485,-0.08235294117647078,-0.729465887115974,-0.31397599574796037,-0.3156709604338602,-1.0,0.2330297065267568,1.0,-0.24571427468333285,0.09277831329031054,-0.1648980384154686,0.11743346164004509,739,0
23.0,CÓRDOBA,23182.0,23182.0,CHINÚ,CÓRDOBA,CARIBE,-0.26082949308755743,0.20089285714285712,0.0,-0.4741827447293467,-0.20574865128959843,0.17391304347825884,-0.13993346110313223,-0.6352941176470589,0.8291999008918115,-0.5427636574796201,-0.5729772716694962,-1.0,1.6918922599612225,0.0,-0.45038299233149015,-0.9586801825604041,-0.16693622092157465,0.11728423824124405,740,0
25.0,CUNDINAMARCA,25324.0,25324.0,GUATAQUÍ,CUNDINAMARCA,CENTRO SUR,0.3364055299539173,-0.35267857142857134,0.0,-0.3383237198955408,-0.37960582694971856,0.0,-0.3277457192410725,0.31058823529411744,-0.8423028581296914,-0.5956960101611455,-0.15716394121054578,0.0,-0.1617756769373358,0.0,1.0178596038022054,-1.2034081920340602,-0.16700409555743306,0.11727926887082465,741,0
52.0,NARIÑO,52585.0,52585.0,PUPIALES,NARIÑO,SUR-OCCIDENTE,0.1751152073732721,-0.3839285714285712,0.0,-0.5077262815909399,-0.259299300156802,0.0,-1.805050883804507,-0.29647058823529426,0.9059388934666076,0.4208195836643421,-0.5463976607666953,-1.0,0.9204622727109818,0.0,-0.6126796270453649,0.04817552408139617,-0.16754046572528045,0.11723999909040907,742,0
68.0,SANTANDER,68418.0,68418.0,LOS SANTOS,SANTANDER,NORORIENTE,-0.7649769585253456,0.16964285714285732,0.0,-0.5188345194878716,-0.43839175511198214,0.0,-0.5081293259872235,-0.5035294117647062,-0.1950546486891935,0.6188127331193249,-0.08464509200804911,0.0,-0.6393305376447123,0.0,-0.8455577896859903,0.37414335875210963,-0.17147089023929699,0.11695223717362517,743,0
41.0,HUILA,41026.0,41026.0,ALTAMIRA,HUILA,CENTRO SUR,-0.5898617511520736,-0.4642857142857142,0.0,0.07689208499183622,-0.17907070672417982,0.0,-0.06711093263752174,0.18352941176470594,0.46586943020641003,-0.4992933675377042,0.21319007711873234,0.0,-0.5539651466003332,0.0,-0.6437120887923911,0.160045545691086,-0.1739326197086039,0.1167720042272437,744,0
25.0,CUNDINAMARCA,25823.0,25823.0,TOPAIPÍ,CUNDINAMARCA,CENTRO SUR,-0.37788018433179704,0.28125000000000017,1.0,-0.9746214243554964,-0.20723938715876303,0.0,-2.323676130259819,0.33411764705882346,-0.8423028581296914,-0.332791604528247,0.5386975790582744,1.0000000000000002,-0.1617756769373358,0.0,-0.36982938458737374,-1.3429314194857707,-0.17398382665397616,0.11676825516433703,745,0
15.0,BOYACÁ,15425.0,15425.0,MACANAL,BOYACÁ,NORORIENTE,0.07834101382488493,-0.5312499999999999,0.0,-0.9783635015961472,-0.5084481407427336,0.0,0.990212320089833,0.29882352941176465,-0.0,-0.6284494279132374,-0.42975561856531264,1.0000000000000002,-0.45824231764671197,0.0,0.22685278458145056,-1.4476135724123422,-0.17517830946302762,0.11668080235574796,746,0
25.0,CUNDINAMARCA,25326.0,25326.0,GUATAVITA,CUNDINAMARCA,CENTRO SUR,-0.6866359447004607,-0.3437499999999998,0.0,-0.6191424007348583,-0.6883959921839633,0.0,0.1634967769279019,-0.38117647058823545,-0.8423028581296914,-0.4942244399597673,-0.04902550066334362,0.0,-0.1617756769373358,0.0,0.43306564730617186,0.9034353734935525,-0.17826478536399365,0.11645482925330015,747,0
73.0,TOLIMA,73671.0,73671.0,SALDAÑA,TOLIMA,CENTRO SUR,0.0456221198156683,-0.20089285714285712,0.0,0.32175492330445565,-0.2533131941667525,0.4492753623188412,0.6239424664878015,-0.37882352941176506,0.1794567355112193,-0.6497734599090282,-0.30841898602747897,-1.0,0.05660264741218082,0.0,-0.7752731692739613,-0.29370544937498444,-0.18010258563120743,0.11632027663037775,748,0
68.0,SANTANDER,68266.0,68266.0,ENCISO,SANTANDER,NORORIENTE,0.3686635944700461,-0.24553571428571427,0.0,-0.5215320755313059,-0.64093794205702,0.0,-0.6890193295654438,0.39529411764705863,-0.1950546486891935,-0.4428609573994532,-0.20333326844492333,1.0000000000000002,-0.6393305376447123,0.0,-0.38828694675256115,-0.8135380437703111,-0.18283359440096636,0.11612032868187071,749,0
68.0,SANTANDER,68167.0,68167.0,CHARALÁ,SANTANDER,NORORIENTE,-0.363594470046083,-0.6205357142857142,0.0,-0.4085519351441814,-0.4121431955180374,0.0,0.11008808468630006,-0.47529411764705903,-0.1950546486891935,0.17210190591361246,-0.33980096531939696,0.0,-0.6393305376447123,0.0,0.09090511450737841,0.11315894909441605,-0.18404813376538567,0.11603140745357376,750,0
15.0,BOYACÁ,15673.0,15673.0,SAN MATEO,BOYACÁ,NORORIENTE,0.640552995391705,0.2232142857142857,0.0,-0.2628813970961051,-0.6947520236877266,0.0,-0.16183438106513734,0.2752941176470587,-0.0,-1.0268967039041361,0.29221053887361903,0.0,-0.45824231764671197,0.0,-0.041139252873154626,-1.8875629877958324,-0.18709921654016984,0.11580802562181304,751,0
15.0,BOYACÁ,15835.0,15835.0,TURMEQUÉ,BOYACÁ,NORORIENTE,0.09677419354838718,0.19196428571428586,0.0,-1.4607164325337036,-0.6356492856531322,0.0,0.990212320089833,0.21176470588235272,-0.0,-0.7425217126733071,0.09132542502920159,-1.0,-0.45824231764671197,0.0,-0.2925772132569536,-0.3123935223988049,-0.19048439584533244,0.11556018326228246,752,0
15.0,BOYACÁ,15325.0,15325.0,GUAYATÁ,BOYACÁ,NORORIENTE,0.22119815668202786,-0.20982142857142835,0.0,-1.3241102487941354,-0.5523944078504007,0.0,0.9448713919113473,0.2941176470588235,-0.0,-0.44493837393336705,-0.027737314190932703,0.0,-0.45824231764671197,0.0,0.24020985607707201,-1.8875629877958324,-0.1915708128614205,0.1154806423776118,753,0
25.0,CUNDINAMARCA,25426.0,25426.0,MACHETÁ,CUNDINAMARCA,CENTRO SUR,-0.4663594470046082,-0.11607142857142831,0.0,-1.06583429325547,-0.48642234614249874,0.0,-0.4833087178318121,0.18823529411764714,-0.8423028581296914,0.39026092505235044,0.261450572896628,0.0,-0.1617756769373358,0.0,0.05455178853819303,-0.8726105765867391,-0.19270094345061659,0.1153979010494414,754,0
15.0,BOYACÁ,15762.0,15762.0,SORA,BOYACÁ,NORORIENTE,0.4792626728110599,0.6473214285714285,0.0,-0.05125578335600286,-0.6598253849046679,0.0,-1.458558189540659,0.4141176470588234,-0.0,-0.6044793337577796,-0.5308248883827883,0.0,-0.45824231764671197,0.0,-0.8615223421963162,-0.34590338863743136,-0.1931599365794842,0.1153642963479435,755,0
52.0,NARIÑO,52506.0,52506.0,OSPINA,NARIÑO,SUR-OCCIDENTE,0.2949308755760368,-0.5312499999999999,0.0,-0.469890721541669,-0.6178621766589856,0.0,-1.337664050265424,0.3670588235294119,0.9059388934666076,-0.19024697116118477,-0.458224250638302,-1.0,0.9204622727109818,0.0,-0.5367504503638764,0.08153508568216662,-0.19349522802975713,0.11533974833536427,756,0
5.0,ANTIOQUIA,5306.0,5306.0,GIRALDO,ANTIOQUIA,OCCIDENTE,-0.11059907834101376,-0.33035714285714274,0.0,0.19280659973744005,0.38394015864936987,0.0,-0.2750079211843587,0.15294117647058833,-0.729465887115974,0.15441020463021296,-0.8267081677452347,-1.0,0.2330297065267568,1.0,-0.46964779828670333,-0.3914843993274241,-0.19388322069332473,0.1153113418586165,757,0
5.0,ANTIOQUIA,5792.0,5792.0,TARSO,ANTIOQUIA,OCCIDENTE,-0.22119815668202752,0.08035714285714303,0.0,-0.05678315073531204,0.047708989703327896,0.0,-0.3431959937015368,0.2258823529411763,-0.729465887115974,-1.0749811397780404,0.4873677261035459,-1.0,0.2330297065267568,1.0,-0.15218134504565844,-0.6571658696512782,-0.19407602339643928,0.11529722601051623,758,0
68.0,SANTANDER,68522.0,68522.0,PALMAR,SANTANDER,NORORIENTE,-0.14746543778801827,-0.37053571428571414,0.0,-0.44061380632748753,-0.6407119204389382,0.0,-1.1560768208346544,0.4611764705882354,-0.1950546486891935,-0.5192362761574002,-0.32291670098803943,-1.0,-0.6393305376447123,0.0,1.5463099683378694,0.2339956862743297,-0.19453638734242548,0.11526352094607784,759,0
76.0,VALLE DEL CAUCA,76823.0,76823.0,TORO,VALLE DEL CAUCA,SUR-OCCIDENTE,0.03225806451612917,-0.3883928571428569,0.0,-0.30732971744192955,0.15041461638051165,0.0,-0.15969245183446612,-0.24705882352941191,-0.3266245789331387,-0.6110434875335385,-0.27267707787581874,-1.0,-0.3001020756710667,1.0,-0.1465203743483019,0.0645900580021801,-0.19508472394431586,0.11522337505571917,760,0
5.0,ANTIOQUIA,5789.0,5789.0,TÁMESIS,ANTIOQUIA,OCCIDENTE,-0.14285714285714293,-0.1874999999999998,0.0,-1.3816734773265744,-0.36560957691798257,0.20289855072463922,-0.06920164916845035,-0.6141176470588238,-0.729465887115974,-0.14564423733926674,0.4955520983012538,-1.0,0.2330297065267568,1.0,0.1969137155969719,-0.9950351295601506,-0.19513060721266048,0.11522001576025374,761,0
73.0,TOLIMA,73319.0,73319.0,GUAMO,TOLIMA,CENTRO SUR,0.556221198156682,-0.3839285714285712,0.0,-0.04608655981911276,-0.19625265788181012,0.39130434782608625,0.26808564301504173,-0.9176470588235296,0.1794567355112193,-0.36271788590869425,-0.5694675345274844,-1.0,0.05660264741218082,0.0,-0.7751071298907285,-0.4798938790059073,-0.20066595571188015,0.11481475101378122,762,0
15.0,BOYACÁ,15572.0,15572.0,PUERTO BOYACÁ,BOYACÁ,NORORIENTE,-0.5105990783410138,-0.32142857142857123,0.0,0.48401107666786225,0.024286737410138908,0.057971014492752944,0.7941626386729577,-3.861176470588236,-0.0,-0.039308343849379965,-0.08280146907600903,-1.0,-0.45824231764671197,0.0,-0.09380083381762484,0.502193316451268,-0.20080349938116476,0.11480468089800272,763,0
23.0,CÓRDOBA,23162.0,23162.0,CERETÉ,CÓRDOBA,CARIBE,-0.428110599078341,-0.28571428571428564,0.0,0.3405376202768833,-0.056226835752821294,0.0,-0.0016775149069612678,-2.2917647058823536,0.8291999008918115,-0.49630177458208347,-1.2697070953565155,-1.0,1.6918922599612225,0.0,0.05431618352651076,-0.04171450521741866,-0.20169472915053774,0.11473943044329608,764,0
19.0,CAUCA,19573.0,19573.0,PUERTO TEJADA,CAUCA,SUR-OCCIDENTE,-0.24331797235023045,-1.0803571428571426,0.0,1.2861766490512707,0.3871693083489418,0.0,0.8571379352938063,-1.2941176470588238,0.8309935282649857,-0.6030585160752606,-1.5041219012129423,-2.0,0.2232853082162463,1.0,0.40740739520061664,0.5887974851846253,-0.2031033308472722,0.11463630114446542,765,0
52.0,NARIÑO,52683.0,52683.0,SANDONÁ,NARIÑO,SUR-OCCIDENTE,0.31336405529953937,-0.5312499999999999,0.0,-0.34567219169142427,-0.09496567438173441,0.0,-1.3397523713898418,-0.6611764705882358,0.9059388934666076,-0.9982922671661294,-0.16902716538180423,-1.0,0.9204622727109818,0.0,-0.23077638019266208,0.05649660638803174,-0.2031368563506184,0.11463384660982938,766,0
5.0,ANTIOQUIA,5209.0,5209.0,CONCORDIA,ANTIOQUIA,OCCIDENTE,0.013824884792626927,0.3437500000000001,0.0,-0.6820816936571309,0.24663144796918315,0.0,-0.6933991358816979,-0.03764705882352959,-0.729465887115974,-0.6700146035378524,-0.4268095260774153,-1.0,0.2330297065267568,1.0,-0.6780742604961821,-0.021825424324321975,-0.20340053694381943,0.11461454151119496,767,0
5.0,ANTIOQUIA,5321.0,5321.0,GUATAPÉ,ANTIOQUIA,OCCIDENTE,-0.967741935483871,-1.3124999999999998,0.0,-0.2677269666799203,0.012122303546544583,0.0,0.26833362622586854,-1.39764705882353,-0.729465887115974,-0.4306857269113174,-0.65343927985223,-1.0,0.2330297065267568,1.0,1.2550680855637926,1.7072083900999349,-0.20367337062702998,0.11459456627865611,768,0
68.0,SANTANDER,68209.0,68209.0,CONFINES,SANTANDER,NORORIENTE,-0.4055299539170506,-0.3660714285714283,0.0,-0.520373731801845,-0.4500059529243999,0.0,-1.7139167722521724,0.32705882352941185,-0.1950546486891935,-0.14631457399824263,-0.19691735085191053,1.0000000000000002,-0.6393305376447123,0.0,-0.6194157221710297,0.5701175134400237,-0.20421588147570224,0.11455484691472144,769,0
73.0,TOLIMA,73148.0,73148.0,CARMEN DE APICALÁ,TOLIMA,CENTRO SUR,-0.45161290322580633,-0.8973214285714283,0.0,-0.35187807790946346,-0.1951570592066869,0.0,0.502201770464111,-0.46352941176470625,0.1794567355112193,0.45367200824228404,-0.5315492426647824,-1.0,0.05660264741218082,0.0,-0.10668245778967185,0.06983087919816186,-0.20423491260961987,0.1145534535701717,770,0
73.0,TOLIMA,73547.0,73547.0,PIEDRAS,TOLIMA,CENTRO SUR,-1.4447004608294929,-0.607142857142857,0.0,-0.1860012218073418,-0.4695813220487266,0.0,0.4083922952157134,0.11999999999999995,0.1794567355112193,0.3295410467710055,0.3555628738023394,0.0,0.05660264741218082,0.0,-0.4816816868000503,-0.349335751259379,-0.20524950457712682,0.11447917128125301,771,0
15.0,BOYACÁ,15494.0,15494.0,NUEVO COLÓN,BOYACÁ,NORORIENTE,0.4889400921658986,0.2410714285714288,0.0,-1.2822367253926683,-0.5027768707592971,0.0,0.9761823493634849,0.31764705882352945,-0.0,-0.8142886368567168,-0.05805683034529063,-1.0,-0.45824231764671197,0.0,-0.6858388675478438,-0.7320629246332193,-0.20545649035686378,0.1144640170340434,772,0
8.0,ATLÁNTICO,8372.0,8372.0,JUAN DE ACOSTA,ATLÁNTICO,CARIBE,-0.7004608294930875,-0.183035714285714,0.0,1.050818533188733,-0.3088357892997653,0.0,-0.24495616244107765,-0.2847058823529415,-0.0399766904650517,-0.24955575013504103,-0.5182640971465592,-1.0,1.132936695799988,0.0,-0.6299306081090593,0.16909796334059196,-0.20590907999848526,0.11443088115716163,773,0
66.0,RISARALDA,66075.0,66075.0,BALBOA,RISARALDA,OCCIDENTE,-0.20599078341013818,-0.4107142857142855,1.0,0.18313078623001297,-0.04536117735117592,0.3623188405797098,-0.9877414005503273,0.17411764705882354,-0.6272748873014136,-1.1284147241136746,-0.0636049921207593,0.0,-0.31495058158256434,1.0,-0.6595122439508154,-0.5145929455410463,-0.21102119101962663,0.11405660329964022,774,0
25.0,CUNDINAMARCA,25845.0,25845.0,UNE,CUNDINAMARCA,CENTRO SUR,-0.46682027649769586,-0.4999999999999997,0.0,-0.9017421724965158,-0.5214549214943196,0.0,-0.5177412768166857,-0.09176470588235318,-0.8423028581296914,0.21811331761472955,-0.11095674714964573,0.0,-0.1617756769373358,0.0,0.5424455093962566,-0.36186694718678786,-0.21194354966128184,0.11398907377713233,775,0
76.0,VALLE DEL CAUCA,76606.0,76606.0,RESTREPO,VALLE DEL CAUCA,SUR-OCCIDENTE,0.11059907834101376,-0.8973214285714283,0.0,-0.2708958923734565,0.2933798158108439,0.39130434782608625,-0.42071959820623905,-0.40235294117647064,-0.3266245789331387,-0.5817912392569412,-0.2530892500569341,-1.0,-0.3001020756710667,1.0,-0.19750762479308642,0.10526801111493647,-0.212728648515957,0.11393159358625715,776,0
15.0,BOYACÁ,15810.0,15810.0,TIPACOQUE,BOYACÁ,NORORIENTE,0.6682027649769586,0.0357142857142859,0.0,-0.6950101408471172,-0.7004197959094487,0.0,-0.6452009362174451,0.3482352941176471,-0.0,-0.9804508992027405,0.20666122534631942,0.0,-0.45824231764671197,0.0,-0.5948940382468294,-0.8532314370371381,-0.21285699110598855,0.1139221971178653,777,0
15.0,BOYACÁ,15740.0,15740.0,SIACHOQUE,BOYACÁ,NORORIENTE,0.03225806451612917,0.19196428571428586,0.0,-0.9200066483449315,-0.5322770787751467,0.0,-1.2003600116785145,0.30117647058823505,-0.0,-0.6252532556836364,-0.8041705490510971,0.0,-0.45824231764671197,0.0,0.2772191470787827,-0.1717844518503867,-0.21313808057373063,0.11390161744670338,778,0
5.0,ANTIOQUIA,5761.0,5761.0,SOPETRÁN,ANTIOQUIA,OCCIDENTE,-0.6589861751152072,-0.5401785714285713,0.0,-0.09122931479304948,0.2673726107962808,0.20289855072463922,-0.3946602835047477,-0.6635294117647061,-0.729465887115974,-0.43685181554103697,-0.47972648417337754,-1.0,0.2330297065267568,1.0,0.5256839360651616,0.10458088558589149,-0.21343353386659147,0.11387998614312012,779,0
25.0,CUNDINAMARCA,25653.0,25653.0,SAN CAYETANO,CUNDINAMARCA,CENTRO SUR,-0.4470046082949307,-0.17410714285714277,0.0,-0.9679857117546578,-0.5317378571230221,0.0,-0.077366206286836,0.41176470588235303,-0.8423028581296914,-0.4257591612828519,0.02554429377990382,1.0000000000000002,-0.1617756769373358,0.0,-0.35025255736668925,-0.7472825915209005,-0.21497957217374286,0.1137667945667139,780,0
15.0,BOYACÁ,15051.0,15051.0,ARCABUCO,BOYACÁ,NORORIENTE,-0.24884792626728106,-0.7142857142857141,0.0,-0.3555073624066443,-0.44262193051371856,0.0,0.20092464835535961,-0.10588235294117677,-0.0,-0.6445588630265313,0.08417611847662176,0.0,-0.45824231764671197,0.0,0.1581699686759276,-0.4214542822010294,-0.21638700094306695,0.11366375114253587,781,0
15.0,BOYACÁ,15248.0,15248.0,EL ESPINO,BOYACÁ,NORORIENTE,0.1382488479262673,-0.4241071428571427,0.0,-0.5238248490966828,-0.5719017386517865,0.0,-0.9602235275075746,0.29647058823529426,-0.0,-0.6864747437505815,0.26266635410966405,0.0,-0.45824231764671197,0.0,0.18767879013907338,-0.737908965964847,-0.21641824362273193,0.11366146374244619,782,0
5.0,ANTIOQUIA,5059.0,5059.0,ARMENIA,ANTIOQUIA,OCCIDENTE,-0.2718894009216589,-0.13839285714285687,0.0,-0.8129036920665258,0.06373324667269611,0.0,0.02337258356493381,0.3035294117647059,-0.729465887115974,-0.6260381540278179,0.27336842206220796,0.0,0.2330297065267568,1.0,-0.19464170923431817,-1.8875629877958324,-0.21825672940506818,0.11352686093025165,783,0
54.0,NORTE DE SANTANDER,54599.0,54599.0,RAGONVALIA,NORTE DE SANTANDER,NORORIENTE,-0.03225806451612883,0.026785714285714343,0.0,0.04859778444530812,-0.025680581841853938,0.0,-0.5147483102391626,0.29882352941176465,0.4226611781815951,-0.8323647381431931,-0.5122473886468439,-1.0,0.0,1.0,-0.27907870342098573,-0.9424810386530482,-0.21896436697862035,0.11347505198599449,784,0
76.0,VALLE DEL CAUCA,76113.0,76113.0,BUGALAGRANDE,VALLE DEL CAUCA,SUR-OCCIDENTE,-1.3700460829493086,-0.669642857142857,0.0,-0.41716917435950235,0.7021611708638814,1.2898550724637705,0.20707478509790853,-0.40235294117647064,-0.3266245789331387,-0.2549243605434985,-0.5407830327371358,-1.0,-0.3001020756710667,1.0,-0.5174167144052454,0.16042920312018644,-0.2189885683768988,0.11347328010595134,785,0
15.0,BOYACÁ,15761.0,15761.0,SOMONDOCO,BOYACÁ,NORORIENTE,0.5115207373271891,0.008928571428571551,0.0,-1.4824030158658223,-0.7004197959094487,0.0,0.8033869298631435,0.3670588235294119,-0.0,-1.193812458633404,0.0875455161062239,0.0,-0.45824231764671197,0.0,0.16003399793501888,-1.8875629877958324,-0.2221005847607223,0.11324543708378457,786,0
25.0,CUNDINAMARCA,25436.0,25436.0,MANTA,CUNDINAMARCA,CENTRO SUR,0.5608294930875577,-0.2366071428571427,0.0,-1.6602385262862212,-0.6015239970048692,0.0,-0.6544679059346566,0.2494117647058823,-0.8423028581296914,0.769943825354049,0.2031025128187779,0.0,-0.1617756769373358,0.0,-0.5231516530229362,-1.8875629877958324,-0.2223882460415623,0.11322437626420545,787,0
73.0,TOLIMA,73585.0,73585.0,PURIFICACIÓN,TOLIMA,CENTRO SUR,-0.17050691244239613,-0.3660714285714283,0.0,-0.08203691150360068,0.05299952322373594,0.0,0.5253592887894168,-0.6117647058823533,0.1794567355112193,0.2709296483567436,-0.566247568606427,-1.0,0.05660264741218082,0.0,-0.5724684808848955,-1.0003427974337709,-0.22293031994220952,0.11318468889096307,788,0
52.0,NARIÑO,52036.0,52036.0,ANCUYA,NARIÑO,SUR-OCCIDENTE,0.9691244239631337,-0.8303571428571426,0.0,-0.5954472113184781,0.5829124599526986,0.0,-2.3928873254463956,0.33411764705882346,0.9059388934666076,-1.1356506379257745,0.05733406630589877,-1.0,0.9204622727109818,0.0,-0.7997640960091363,-0.5015383285009877,-0.22371231042867418,0.11312743627601286,789,0
5.0,ANTIOQUIA,5856.0,5856.0,VALPARAÍSO,ANTIOQUIA,OCCIDENTE,-0.52073732718894,-0.6651785714285713,0.0,-1.1182181583544462,-0.20411365792222683,1.7681159420289883,-0.11024794449495771,0.18352941176470594,-0.729465887115974,-0.8449885812303626,0.483324445385606,-1.0,0.2330297065267568,1.0,-0.6447244511342541,-0.6876844975081654,-0.22489963700625248,0.11304050740342063,790,0
17.0,CALDAS,17867.0,17867.0,VICTORIA,CALDAS,OCCIDENTE,-0.37327188940092176,-0.26339285714285704,0.0,-0.40776296528294,-0.24323624140470806,0.0,0.24070591475714756,-0.14117647058823554,-0.5206856369030118,-0.23550427510456234,0.44776722410487785,0.0,-0.8930772834598875,0.0,-0.39606167672139153,-0.8544637321524153,-0.22496166155836744,0.11303596634075917,791,0
76.0,VALLE DEL CAUCA,76890.0,76890.0,YOTOCO,VALLE DEL CAUCA,SUR-OCCIDENTE,-0.5760368663594471,-0.8928571428571425,1.0,-0.298952260785764,-0.06752627582237612,0.0,0.13771552251591884,-0.2800000000000003,-0.3266245789331387,-0.6268829601813855,-0.714955469684666,-1.0,-0.3001020756710667,1.0,0.008048519565739268,0.633367852819889,-0.22679788644609788,0.11290152905759669,792,0
52.0,NARIÑO,52323.0,52323.0,GUALMATÁN,NARIÑO,SUR-OCCIDENTE,0.2580645161290323,-0.4419642857142856,0.0,-0.5256568410993778,-0.6380451607883647,0.0,-1.6168497624409874,0.2305882352941175,0.9059388934666076,-0.3264450031684442,-1.099437962930929,-1.0,0.9204622727109818,0.0,-0.11596691491669305,0.18531438394903685,-0.2285266345999409,0.11277496057100893,793,0
15.0,BOYACÁ,15600.0,15600.0,RÁQUIRA,BOYACÁ,NORORIENTE,-0.9921658986175115,-0.4241071428571427,0.0,-0.07816090209471493,-0.5238239675073605,0.0,-0.007756046837497575,-0.3482352941176471,-0.0,0.4584805752654525,-0.8123133496405058,0.0,-0.45824231764671197,0.0,-0.542089347503597,0.5597228840225609,-0.23312449926228268,0.11243833272238087,794,0
5.0,ANTIOQUIA,5150.0,5150.0,CAROLINA,ANTIOQUIA,OCCIDENTE,-1.1705069124423964,-0.9107142857142855,0.0,-0.4427960639483124,-0.2132350997742272,0.0,0.414225560587273,0.2823529411764707,-0.729465887115974,-0.29664203741843587,0.19177644786284126,0.0,0.2330297065267568,1.0,-0.40986862948931957,0.17876742535254453,-0.2334611040113526,0.11241368855800486,795,0
68.0,SANTANDER,68686.0,68686.0,SAN MIGUEL,SANTANDER,NORORIENTE,-0.050691244239631394,-0.32142857142857123,0.0,-0.508944894475384,-0.6290000431410612,0.0,-0.779980916888949,0.43764705882352944,-0.1950546486891935,-0.6706406713581802,0.71926892834144,0.0,-0.6393305376447123,0.0,0.012456367284295047,-1.0680682229194813,-0.23346154613566877,0.11241365618833582,796,0
15.0,BOYACÁ,15087.0,15087.0,BELÉN,BOYACÁ,NORORIENTE,-0.700921658986175,-0.6964285714285712,0.0,-0.14624186029648256,-0.5693122321282001,0.0,-0.4508010926566487,-0.3200000000000003,-0.0,-0.33734290703669534,0.08361070159751505,0.0,-0.45824231764671197,0.0,0.42775408204280657,-0.16534222955083222,-0.23399013764880924,0.11237495591398262,797,0
41.0,HUILA,41807.0,41807.0,TIMANÁ,HUILA,CENTRO SUR,-0.12442396313364036,0.0,0.0,-0.43977569365275243,-0.20748466585731198,0.0,-1.1490136150443477,-0.43529411764705905,0.46586943020641003,-0.6925269519654308,-0.19077976973863697,-1.0,-0.5539651466003332,0.0,-0.09894308740592825,0.21406825486874895,-0.23426899314669844,0.11235453980058516,798,0
15.0,BOYACÁ,15599.0,15599.0,RAMIRIQUÍ,BOYACÁ,NORORIENTE,-0.3949308755760369,-0.41964285714285704,0.0,-0.7137281702824393,-0.556136518055005,0.0,0.9771328270052402,-0.4800000000000002,-0.0,-0.7585761808864628,0.13124070680346356,-1.0,-0.45824231764671197,0.0,0.3529712433348243,-0.20218439879576733,-0.23490726954878466,0.11230780906189593,799,0
73.0,TOLIMA,73349.0,73349.0,HONDA,TOLIMA,CENTRO SUR,-0.5230414746543778,-0.669642857142857,0.0,-0.012784203460673273,0.04343578798200614,0.0,0.31655908684701045,-1.5811764705882358,0.1794567355112193,0.34175660634003585,0.36912098069674754,-2.0,0.05660264741218082,0.0,0.01520471575390048,-0.5191655662505165,-0.2367784883715807,0.11217080973440607,800,0
15.0,BOYACÁ,15804.0,15804.0,TIBANÁ,BOYACÁ,NORORIENTE,0.21658986175115222,0.27678571428571436,0.0,-1.051764702477855,-0.5866315793342779,0.0,0.990212320089833,0.09176470588235276,-0.0,-0.4083659103310567,-1.2599870665360517,0.0,-0.45824231764671197,0.0,-0.3228867339264673,-1.3823137074003826,-0.23812167301919523,0.11207246987635414,801,0
15.0,BOYACÁ,15676.0,15676.0,SAN MIGUEL DE SEMA,BOYACÁ,NORORIENTE,-0.7511520737327189,-0.23214285714285693,0.0,-0.5024824799729808,-0.7004197959094487,0.0,-0.4136723362478619,0.3482352941176471,-0.0,-0.9999054032151786,-0.07885343467496873,1.0000000000000002,-0.45824231764671197,0.0,0.11454367984612412,-0.5595251290102324,-0.2418617401004821,0.11179864477975875,802,0
76.0,VALLE DEL CAUCA,76616.0,76616.0,RIOFRÍO,VALLE DEL CAUCA,SUR-OCCIDENTE,-0.6036866359447004,-0.7857142857142854,1.0,0.24314883333292964,0.43599227423461817,0.014492753623188236,-0.5216670411632587,-0.15529411764705914,-0.3266245789331387,-0.4936723316503525,-0.47804788095743533,-1.0,-0.3001020756710667,1.0,-0.025140712079893653,-0.5396773310986593,-0.2419182707129348,0.11179450595013911,803,0
25.0,CUNDINAMARCA,25807.0,25807.0,TIBIRITA,CUNDINAMARCA,CENTRO SUR,0.04700460829493102,0.5133928571428571,0.0,-1.4262361764774751,-0.589066713114648,0.0,-1.0189456459129147,0.33411764705882346,-0.8423028581296914,-0.349738089568839,-0.3858567524876148,0.0,-0.1617756769373358,0.0,-0.40484789799037496,-0.5790918038710919,-0.2440358164974344,0.11163947205198074,804,0
25.0,CUNDINAMARCA,25154.0,25154.0,CARMEN DE CARUPA,CUNDINAMARCA,CENTRO SUR,-0.1889400921658987,-0.4285714285714284,0.0,-0.6473806261405659,-0.6550280005879051,0.0,-0.7193665868015532,0.27999999999999986,-0.8423028581296914,-0.3618447678202085,-0.09923474931840531,0.0,-0.1617756769373358,0.0,0.4665208056316566,-0.537638817540724,-0.2452533997148441,0.11155032797117312,805,0
76.0,VALLE DEL CAUCA,76306.0,76306.0,GINEBRA,VALLE DEL CAUCA,SUR-OCCIDENTE,-0.9447004608294931,-1.1651785714285712,0.0,-0.20974707336660076,-0.12483740694863608,0.3623188405797098,-0.20299984641415145,-0.8988235294117648,-0.3266245789331387,0.05385200956790582,-0.2441823619417153,-1.0,-0.3001020756710667,1.0,0.5960349145533976,0.33358621489389884,-0.24565272505609942,0.11152109178429045,806,0
50.0,META,50313.0,50313.0,GRANADA,META,ORINOQUÍA,-0.5032258064516129,-0.4999999999999997,1.0,0.704783073203746,0.5813183540408815,0.0,0.22122674071453802,-6.604705882352943,-0.0637804626737325,-0.3011948110852186,-1.1540449497075551,-1.0,-0.48827908621675425,1.0,0.3450659512761867,0.7026894728744352,-0.2459553994471019,0.11149893179556514,807,0
15.0,BOYACÁ,15109.0,15109.0,BUENAVISTA,BOYACÁ,NORORIENTE,-0.01843317972350224,0.18303571428571433,0.0,-0.9643044873816375,-0.42237492317603714,0.0,-0.3228667746892438,0.2305882352941175,-0.0,-0.9900810913236249,-0.22758102817061754,1.0000000000000002,-0.45824231764671197,0.0,-0.4176295640407993,-1.74607843961249,-0.2495518164845758,0.11123562388656777,808,0
25.0,CUNDINAMARCA,25394.0,25394.0,LA PALMA,CUNDINAMARCA,CENTRO SUR,0.5852534562211983,-0.06249999999999994,1.0,-0.9770961113837522,0.047236653222849326,0.0,-1.349275126709196,0.03999999999999998,-0.8423028581296914,-0.6946274247160121,0.19791573953328756,-1.0,-0.1617756769373358,0.0,-0.4034817750059715,-1.3114983519708538,-0.2495749563258226,0.11123392972731157,809,0
52.0,NARIÑO,52022.0,52022.0,ALDANA,NARIÑO,SUR-OCCIDENTE,0.35944700460829515,-0.5223214285714283,0.0,-1.0326895604733075,-0.17584324202619164,0.0,-1.723876986701983,0.31058823529411744,0.9059388934666076,-0.003731257014045979,-0.11962795074071593,-1.0,0.9204622727109818,0.0,-0.8492294305972092,-1.147155889489885,-0.25111192017929845,0.11112140252753287,810,0
19.0,CAUCA,19807.0,19807.0,TIMBÍO,CAUCA,SUR-OCCIDENTE,-0.15668202764976955,-0.22767857142857117,0.0,-0.12487419939360866,0.9061454379017577,0.43478260869565294,-1.336000125971522,-0.9317647058823533,0.8309935282649857,-0.7344683822691022,-0.5672331707721284,-1.0,0.2232853082162463,1.0,-0.8813210531675856,-1.1331229592057317,-0.2520546275076555,0.11105238319722725,811,0
76.0,VALLE DEL CAUCA,76041.0,76041.0,ANSERMANUEVO,VALLE DEL CAUCA,SUR-OCCIDENTE,-0.1520737327188939,-0.4241071428571427,1.0,0.089032554305391,0.0020349097373840207,0.3043478260869588,-0.9731890060387168,-0.44705882352941184,-0.3266245789331387,-0.7161843710107859,-0.49103119994072436,-1.0,-0.3001020756710667,1.0,-0.32263210724717534,-0.6016028234098157,-0.25279001168806997,0.11099854281419128,812,0
68.0,SANTANDER,68368.0,68368.0,JESÚS MARÍA,SANTANDER,NORORIENTE,-0.5603686635944701,0.0,0.0,-0.6587468919393373,-0.40517870684288215,0.0,-1.1476642139341187,0.32470588235294107,-0.1950546486891935,-1.0933573727870352,-0.00562888567115497,1.0000000000000002,-0.6393305376447123,0.0,-0.25145924205152065,-0.4019756900304348,-0.2561415942273521,0.11075316020670858,813,0
5.0,ANTIOQUIA,5148.0,5148.0,EL CARMEN DE VIBORAL,ANTIOQUIA,OCCIDENTE,-1.0599078341013826,-0.995535714285714,0.0,-0.3624529169584662,0.17177324884468362,0.0,0.08316231673210313,-3.7811764705882362,-0.729465887115974,0.6825762606954872,-1.40779878972361,-1.0,0.2330297065267568,1.0,0.8125964119579054,1.4511340176584606,-0.25799076971016566,0.11061777475928258,814,0
5.0,ANTIOQUIA,5036.0,5036.0,ANGELÓPOLIS,ANTIOQUIA,OCCIDENTE,-0.4331797235023041,-0.45089285714285704,0.0,-0.6125944395831253,-0.283296983006962,0.0,-0.00794609480605685,0.2258823529411763,-0.729465887115974,-0.675104912302455,-0.024773292528429147,-1.0,0.2330297065267568,1.0,0.5386271450402625,-0.8572808431698056,-0.2586628457822632,0.11056856941313191,815,0
76.0,VALLE DEL CAUCA,76377.0,76377.0,LA CUMBRE,VALLE DEL CAUCA,SUR-OCCIDENTE,-0.815668202764977,-0.6919642857142855,0.0,-0.38070382602859637,-0.2856704358065082,0.0,-0.4631265022348866,-0.40000000000000024,-0.3266245789331387,-0.34185347146134226,-0.25821836745743443,0.0,-0.3001020756710667,1.0,-0.03156250239830742,0.06234926678161819,-0.2604642391916671,0.11043668228019668,816,0
15.0,BOYACÁ,15131.0,15131.0,CALDAS,BOYACÁ,NORORIENTE,-0.08755760368663587,0.12946428571428595,0.0,-0.7620230987838438,-0.3818276062893914,0.0,-1.251286308815901,0.39764705882352946,-0.0,-1.1841605077951343,0.4325960759702131,1.0000000000000002,-0.45824231764671197,0.0,-0.7704716224733845,-1.375567158147679,-0.26052111153457114,0.11043251843113974,817,0
68.0,SANTANDER,68684.0,68684.0,SAN JOSÉ DE MIRANDA,SANTANDER,NORORIENTE,0.15668202764976955,0.3035714285714287,0.0,-0.37980517657489404,-0.4999584391749176,0.0,-1.012497476322741,0.40941176470588225,-0.1950546486891935,-0.957999011406546,0.3756872346552133,0.0,-0.6393305376447123,0.0,-0.8472440322695999,-1.0444107826201279,-0.26055121001953974,0.11043031480206711,818,0
25.0,CUNDINAMARCA,25299.0,25299.0,GAMA,CUNDINAMARCA,CENTRO SUR,-0.4147465437788019,0.09375000000000006,0.0,-0.9470375649593287,-0.6114197156800826,0.0,0.012603246544179242,0.26823529411764707,-0.8423028581296914,0.016390864308351804,-0.2771795858222321,0.0,-0.1617756769373358,0.0,0.06599416910554422,-1.5439839052686126,-0.26105103859570633,0.11039372037603803,819,0
15.0,BOYACÁ,15187.0,15187.0,CHIVATÁ,BOYACÁ,NORORIENTE,-0.34608294930875566,0.0669642857142857,0.0,-0.11795085751380116,-0.5863102968930164,0.0,0.25602528909571526,0.3317647058823531,-0.0,-0.8565954352467994,-0.8101672600094569,0.0,-0.45824231764671197,0.0,-0.8697721077095336,0.09948520285573606,-0.26145209038895223,0.11036435778877998,820,0
68.0,SANTANDER,68179.0,68179.0,CHIPATÁ,SANTANDER,NORORIENTE,0.09677419354838718,0.08928571428571426,0.0,-1.2440279670496888,-0.6511597058318876,0.0,-1.396422335477357,0.21647058823529391,-0.1950546486891935,-0.020940576731451062,0.12996386578439323,0.0,-0.6393305376447123,0.0,-0.8521275805846591,-0.6678757896772342,-0.26233391374947124,0.11029979601445182,821,0
41.0,HUILA,41885.0,41885.0,YAGUARÁ,HUILA,CENTRO SUR,-0.847926267281106,-0.7589285714285711,0.0,-0.7414807405916202,-0.2730395367101462,0.0,0.3370746955014224,-0.451764705882353,0.46586943020641003,-0.036113474355856344,-0.273207218239133,0.0,-0.5539651466003332,0.0,-0.5104079832243958,-0.1328166084475191,-0.2630039296845194,0.11025074149907882,822,0
15.0,BOYACÁ,15522.0,15522.0,PANQUEBA,BOYACÁ,NORORIENTE,-0.763594470046083,0.08482142857142881,0.0,-0.20302582742244527,-0.601803106710628,0.0,-1.1722253077191978,0.3764705882352943,-0.0,-0.6066719465000855,0.1666696791353943,0.0,-0.45824231764671197,0.0,-0.10383871848200295,-0.6375152457696711,-0.2645309651658562,0.11013894119467418,823,0
15.0,BOYACÁ,15097.0,15097.0,BOAVITA,BOYACÁ,NORORIENTE,0.3364055299539173,0.32589285714285726,0.0,-0.5395687009791196,-0.7004197959094487,0.0,0.23413925092080712,0.08705882352941156,-0.0,-0.4594639990712219,-0.4860957564001022,0.0,-0.45824231764671197,0.0,-0.7755282079324403,-1.8875629877958324,-0.2645706965371833,0.11013603230390966,824,0
68.0,SANTANDER,68229.0,68229.0,CURITÍ,SANTANDER,NORORIENTE,-0.2811059907834102,-0.22767857142857117,0.0,-0.2387819712627784,-0.5038258751143596,0.0,-0.4296554851231083,-0.3129411764705883,-0.1950546486891935,0.7358798977891593,-0.5759187837006864,-1.0,-0.6393305376447123,0.0,-0.5720824916990903,-0.22964973641655853,-0.2656036844597159,0.11006040317439895,825,0
5.0,ANTIOQUIA,5347.0,5347.0,HELICONIA,ANTIOQUIA,OCCIDENTE,-0.3041474654377881,-0.14732142857142844,0.0,-0.9629624929300102,-0.043755147029888405,0.0,-0.9261532430843474,0.2447058823529411,-0.729465887115974,-0.5692794662597512,0.018640779646406848,-1.0,0.2330297065267568,1.0,0.2177629699640808,-0.9220145511378091,-0.26570019851422433,0.11005333699892021,826,0
68.0,SANTANDER,68320.0,68320.0,GUADALUPE,SANTANDER,NORORIENTE,-0.1889400921658987,-0.07589285714285696,0.0,-0.8113876084936305,-0.4240724463179872,0.0,-0.8131381450368234,0.15294117647058833,-0.1950546486891935,-0.3660712300423707,0.10068240262922934,0.0,-0.6393305376447123,0.0,-0.5585057293592427,-0.7546419247892897,-0.26633827481604394,0.11000662091036258,827,0
15.0,BOYACÁ,15537.0,15537.0,PAZ DE RÍO,BOYACÁ,NORORIENTE,-0.5718894009216591,-0.8571428571428568,0.0,-0.16574651527409806,-0.47325273735441653,0.0,-0.3095897489448051,-0.004705882352941199,-0.0,0.059146942266370774,-0.2980570835952834,0.0,-0.45824231764671197,0.0,-0.14817695443044074,-0.3730641007682929,-0.26789817955230144,0.10989241411786345,828,0
73.0,TOLIMA,73352.0,73352.0,ICONONZO,TOLIMA,CENTRO SUR,-0.4239631336405528,-0.3169642857142854,0.0,0.2938275109681377,0.7820598155347978,0.0,-0.8852842039692198,-0.15294117647058833,0.1794567355112193,-0.7107683243733474,0.20106431022071722,-1.0,0.05660264741218082,0.0,-0.5840074529153695,-1.2083459455848502,-0.26882083334463713,0.10982486298620742,829,0
15.0,BOYACÁ,15401.0,15401.0,LA VICTORIA,BOYACÁ,NORORIENTE,-0.21658986175115189,-0.10714285714285708,0.0,-0.7684501253792596,-0.29543399129010467,0.0,-1.1870443494087972,0.491764705882353,-0.0,-0.22864361212006512,-0.08126503274569298,0.0,-0.45824231764671197,0.0,-0.3360124849939524,-1.2722897403469393,-0.26913400373702195,0.10980193454372715,830,0
15.0,BOYACÁ,15362.0,15362.0,IZA,BOYACÁ,NORORIENTE,-0.4331797235023041,-0.7142857142857141,0.0,-0.14901199214591085,-0.5576605178996327,0.0,0.1204524486082805,0.31058823529411744,-0.0,-0.37894338190145543,0.1821016681091991,-1.0,-0.45824231764671197,0.0,-0.6861614354805043,0.4138612161188451,-0.2722257862440937,0.10957557292366778,831,0
17.0,CALDAS,17013.0,17013.0,AGUADAS,CALDAS,OCCIDENTE,-0.3741935483870967,-0.48214285714285693,0.0,-0.2607512640919755,0.1162571355361965,0.0,-0.40990452552525347,-1.1694117647058828,-0.5206856369030118,0.04663878288313844,-0.4400477679568836,0.0,-0.8930772834598875,0.0,-0.38907554554166257,-0.16582631314033977,-0.2723979947677099,0.1095629648568634,832,0
15.0,BOYACÁ,15317.0,15317.0,GUACAMAYAS,BOYACÁ,NORORIENTE,-0.327188940092166,-0.4642857142857142,0.0,-0.5788497156778181,-0.7004197959094487,0.0,-0.7129134232010047,0.39999999999999986,-0.0,-0.607886284364695,0.31534261914009637,0.0,-0.45824231764671197,0.0,0.017950992556736534,-0.9223600177217901,-0.2744061691330765,0.1094159384726768,833,0
73.0,TOLIMA,73408.0,73408.0,LÉRIDA,TOLIMA,CENTRO SUR,-0.46267281105990776,-0.5669642857142855,1.0,-0.2917103651804019,0.12876984247565001,0.0,-0.44340347743504804,-0.715294117647059,0.1794567355112193,-0.3318009770044453,-0.5603219978663024,-1.0,0.05660264741218082,0.0,-0.5451929161991488,-0.5895514021437914,-0.27470964462732017,0.10939371983201622,834,0
15.0,BOYACÁ,15162.0,15162.0,CERINZA,BOYACÁ,NORORIENTE,0.04516129032258083,-0.5089285714285713,0.0,-0.9081575634223391,-0.6123220036181173,0.0,-0.6133757356125902,0.2823529411764707,-0.0,-0.0974497194985486,-0.06364688712508419,-1.0,-0.45824231764671197,0.0,0.3029620550218686,-0.9296418055620903,-0.2754694473677298,0.10933809166966933,835,0
50.0,META,50606.0,50606.0,RESTREPO,META,ORINOQUÍA,-1.248847926267281,-1.1383928571428568,0.0,0.6378523506501265,-0.08521858570944399,0.0,0.26411231345797437,-1.5435294117647065,-0.0637804626737325,0.6770319227066542,-0.5073650792377385,-2.0,-0.48827908621675425,1.0,0.2595072437005675,0.9986572069152877,-0.27603770492250257,0.10929648728759679,836,0
5.0,ANTIOQUIA,5390.0,5390.0,LA PINTADA,ANTIOQUIA,OCCIDENTE,0.35483870967741954,-0.4285714285714284,0.0,0.4099420436141341,-0.14487507650756906,0.0,0.32212164573803026,-0.23058823529411793,-0.729465887115974,-1.0244166457547783,-0.34916091245735903,-1.0,0.2330297065267568,1.0,-0.4580124231264494,-0.9946088828476244,-0.2780303244664887,0.10915059973337624,837,0
76.0,VALLE DEL CAUCA,76670.0,76670.0,SAN PEDRO,VALLE DEL CAUCA,SUR-OCCIDENTE,-0.9354838709677419,-1.0178571428571426,0.0,-0.2503613907434691,0.7070103807946021,0.0,-0.13448049951055502,-0.10352941176470597,-0.3266245789331387,0.14439236723480992,-0.6564993283432852,-1.0,-0.3001020756710667,1.0,-0.248740273583372,-0.0,-0.27807317131556114,0.10914746274616956,838,0
76.0,VALLE DEL CAUCA,76497.0,76497.0,OBANDO,VALLE DEL CAUCA,SUR-OCCIDENTE,-0.2788018433179722,-0.4285714285714284,0.0,-0.3308371091501511,0.17306994863490294,0.0,-0.14469367105535366,0.023529411764705577,-0.3266245789331387,-0.45837372653276465,-0.7817988468135311,-1.0,-0.3001020756710667,1.0,-0.19798104773322697,-0.4271578350985251,-0.27941760554288986,0.10904903140144678,839,0
15.0,BOYACÁ,15090.0,15090.0,BERBEO,BOYACÁ,NORORIENTE,-1.3055299539170506,-0.013392857142857019,0.0,-0.7964889526306626,-0.7004197959094487,0.0,-0.29087299343237943,0.444705882352941,-0.0,-0.06753967719846701,0.24085780382736544,0.0,-0.45824231764671197,0.0,-0.19554994677935156,-0.9114058673398504,-0.27992722602802944,0.10901172007105153,840,0
76.0,VALLE DEL CAUCA,76403.0,76403.0,LA VICTORIA,VALLE DEL CAUCA,SUR-OCCIDENTE,-0.672811059907834,-0.7991071428571426,0.0,-0.05962626474138023,-0.16474323932406723,0.0,0.1739719917792327,-0.07294117647058837,-0.3266245789331387,-0.24855484620771448,-0.29201254089843875,0.0,-0.3001020756710667,1.0,-0.11862750004861336,-1.12934394354984,-0.28010978564896366,0.10899835415949159,841,0
15.0,BOYACÁ,15632.0,15632.0,SABOYÁ,BOYACÁ,NORORIENTE,-0.1520737327188939,0.04464285714285714,0.0,-0.8433937605193186,-0.6162511328197987,0.0,-1.3418541538550977,0.07529411764705876,-0.0,-0.6804261958964438,-0.5040871327361486,0.0,-0.45824231764671197,0.0,-0.3922748111169593,0.015172479686647002,-0.2819720389202598,0.10886201123547048,842,0
5.0,ANTIOQUIA,5467.0,5467.0,MONTEBELLO,ANTIOQUIA,OCCIDENTE,-0.08709677419354842,-0.05803571428571417,1.0,-1.3312333456848888,0.20545052379762116,0.0,-1.0336144233534326,0.2305882352941175,-0.729465887115974,-0.8868067821616117,0.12378631530434675,-1.0,0.2330297065267568,1.0,-0.46910313825969735,-1.606046650272401,-0.2827178964972502,0.1088074040536668,843,0
5.0,ANTIOQUIA,5686.0,5686.0,SANTA ROSA DE OSOS,ANTIOQUIA,OCCIDENTE,-0.6820276497695851,-0.4419642857142856,0.0,-0.26732118533119825,0.16960733522392318,0.0,-0.6927339811511883,-1.9176470588235301,-0.729465887115974,-0.12483688727079942,-0.8573308000902157,0.0,0.2330297065267568,1.0,-0.8020041798702072,0.6283173947712077,-0.2829188560070918,0.10879269101349982,844,0
25.0,CUNDINAMARCA,25297.0,25297.0,GACHETÁ,CUNDINAMARCA,CENTRO SUR,-0.30875576036866337,0.10714285714285737,0.0,-1.0930727358877095,-0.5823879536535418,0.0,-0.17393902233137085,-0.2705882352941179,-0.8423028581296914,0.47378455987364704,-0.36867585135596226,0.0,-0.1617756769373358,0.0,-0.19156194116494635,-1.8875629877958324,-0.2853911627674627,0.10861168366182444,845,0
15.0,BOYACÁ,15455.0,15455.0,MIRAFLORES,BOYACÁ,NORORIENTE,-0.033640552995391565,-0.8794642857142853,0.0,-0.8399305792135953,-0.45789288607996953,0.0,-0.06267883532090475,-0.3105882352941179,-0.0,-0.35640443266872174,-0.13649730017772996,0.0,-0.45824231764671197,0.0,-0.05455546103837493,-0.9502481626444257,-0.2881260841858365,0.10841144925284446,846,0
15.0,BOYACÁ,15757.0,15757.0,SOCHA,BOYACÁ,NORORIENTE,-0.14285714285714293,-0.8928571428571425,0.0,0.013382730589125483,-0.44954070974354765,0.0,0.018848382887325373,-0.491764705882353,-0.0,0.4092008167231448,-0.2723675305495566,-1.0,-0.45824231764671197,0.0,-0.6764890116675802,-0.26722957543008585,-0.289417530489485,0.10831689736349101,847,0
5.0,ANTIOQUIA,5264.0,5264.0,ENTRERRÍOS,ANTIOQUIA,OCCIDENTE,-1.0,-0.7901785714285711,0.0,-0.8785369748948841,-0.305059928555111,0.0,0.48488864769375994,-0.39294117647058824,-0.729465887115974,-0.23863390429416637,-0.5287680986717396,-1.0,0.2330297065267568,1.0,-0.3554577613747806,1.099327168185953,-0.28944725519965586,0.10831472109994897,848,0
68.0,SANTANDER,68121.0,68121.0,CABRERA,SANTANDER,NORORIENTE,0.15668202764976955,-0.3035714285714284,0.0,-0.19221890385807508,-0.5999290224537634,0.0,-0.021034599851946223,0.4729411764705882,-0.1950546486891935,-1.1031163651971063,0.1789749777031492,1.0000000000000002,-0.6393305376447123,0.0,-0.8255939609877838,-1.8626367171630103,-0.2901975977073254,0.10825978555864003,849,0
25.0,CUNDINAMARCA,25878.0,25878.0,VIOTÁ,CUNDINAMARCA,CENTRO SUR,-0.34562211981566826,-0.20089285714285712,1.0,-0.7345853042024154,0.06398941395931365,0.0,-1.1754351899869109,-0.3011764705882355,-0.8423028581296914,-0.5241608398843393,-0.31543647325816193,-1.0,-0.1617756769373358,0.0,-0.19847292734094926,-0.3821552524222182,-0.2917138301253,0.1081487761892118,850,0
15.0,BOYACÁ,15189.0,15189.0,CIÉNEGA,BOYACÁ,NORORIENTE,-0.064516129032258,-0.013392857142857019,0.0,-1.485912237644447,-0.590364621512884,0.0,0.9729621764464309,0.3129411764705883,-0.0,-1.1754865195610482,-0.14466115749891423,-1.0,-0.45824231764671197,0.0,-0.06999116763706205,-0.8317523826939553,-0.2924034957084721,0.10809828304541887,851,0
25.0,CUNDINAMARCA,25841.0,25841.0,UBAQUE,CUNDINAMARCA,CENTRO SUR,-0.21198156682027658,-0.2991071428571426,0.0,-0.23392177750430967,-0.3972993803949145,0.0,-1.2233156389194386,0.07529411764705876,-0.8423028581296914,0.20843607217410146,-0.4984686087157265,0.0,-0.1617756769373358,0.0,-0.356473490175144,-0.8094060577190978,-0.2932685234816496,0.10803495094243784,852,0
15.0,BOYACÁ,15832.0,15832.0,TUNUNGUÁ,BOYACÁ,NORORIENTE,-1.3377880184331798,0.05803571428571447,0.0,-0.33957983190163293,-0.5514165402694944,0.0,-1.969655471027018,0.39764705882352946,-0.0,-0.27108076452562724,0.15192725965462373,0.0,-0.45824231764671197,0.0,-0.23108369312456647,0.07034327142087705,-0.2934877996341843,0.10801889686844829,853,0
68.0,SANTANDER,68498.0,68498.0,OCAMONTE,SANTANDER,NORORIENTE,0.14285714285714293,-0.09821428571428552,0.0,-0.7015100215042427,-0.5215482479601445,0.0,-1.556311197486268,0.3599999999999999,-0.1950546486891935,-0.47244390007758547,-0.2385596949954397,0.0,-0.6393305376447123,0.0,-0.5821001069874636,-0.5936769929899175,-0.29602084072000534,0.10783344291670624,854,0
25.0,CUNDINAMARCA,25281.0,25281.0,FOSCA,CUNDINAMARCA,CENTRO SUR,-0.2811059907834102,0.19642857142857165,0.0,-1.0084500191243226,-0.5901146660150376,0.0,-1.1499061530315502,0.2352941176470587,-0.8423028581296914,-0.23759161979193988,-0.3423290967832293,-1.0,-0.1617756769373358,0.0,-0.2747463302895057,0.15569333568309798,-0.2989632555390939,0.10761801709557807,855,0
15.0,BOYACÁ,15814.0,15814.0,TOCA,BOYACÁ,NORORIENTE,0.09723502304147463,-0.4732142857142856,0.0,-0.27057532201871576,-0.5698133876377364,0.0,-0.5596100643258842,-0.13411764705882354,-0.0,-0.7262612218783645,-0.7300705866123437,-1.0,-0.45824231764671197,0.0,0.06311897812964933,0.2286468395789712,-0.2996878779477215,0.10756496462439905,856,0
25.0,CUNDINAMARCA,25095.0,25095.0,BITUIMA,CUNDINAMARCA,CENTRO SUR,-0.2949308755760368,-0.5133928571428569,0.0,-0.8402400606106095,-0.45176865453536674,0.0,-0.9837295339379237,0.37176470588235305,-0.8423028581296914,-0.09533022440855336,-0.4213170139353371,1.0000000000000002,-0.1617756769373358,0.0,-0.8813210531675856,-0.5415187104098215,-0.3006227427529912,0.10749651947621242,857,0
54.0,NORTE DE SANTANDER,54498.0,54498.0,OCAÑA,NORTE DE SANTANDER,NORORIENTE,0.01751152073732731,-0.41964285714285704,0.0,0.4681635779379942,0.8867735094683308,0.0,-0.12912446886103573,-9.557647058823532,0.4226611781815951,0.38945585840248015,-0.41131881717312313,-2.0,0.0,1.0,0.014020946528538775,0.12388740711121134,-0.3012124282692556,0.10745334626836812,858,0
15.0,BOYACÁ,15215.0,15215.0,CORRALES,BOYACÁ,NORORIENTE,-0.02304147465437788,-0.6339285714285712,0.0,-0.35699651171140906,-0.5753276344425498,0.0,-0.6341392775493365,0.3129411764705883,-0.0,-0.6153188335845099,-0.5557593662621533,0.0,-0.45824231764671197,0.0,-0.8813210531675856,0.2713993242302599,-0.30125038590359116,0.10745056723990083,859,0
8.0,ATLÁNTICO,8558.0,8558.0,POLONUEVO,ATLÁNTICO,CARIBE,-0.3124423963133641,-0.4598214285714284,0.0,1.527958882871472,-0.3654178913688666,0.0,-0.7043539197088526,0.049411764705882384,-0.0399766904650517,-0.3057528451344766,-0.5387465531320116,-2.0,1.132936695799988,0.0,-0.8607800616386779,-0.0649005514283557,-0.3043789769661773,0.1072215107199773,860,0
25.0,CUNDINAMARCA,25862.0,25862.0,VERGARA,CUNDINAMARCA,CENTRO SUR,0.33179723502304165,0.41071428571428586,0.0,-0.9691418362077312,-0.08680953233815822,0.0,-1.64320829279222,0.12470588235294115,-0.8423028581296914,-0.7105008679301291,-0.03664313931956563,0.0,-0.1617756769373358,0.0,-0.6101462610864189,-1.6949169523018188,-0.3046660491235164,0.10720049303245867,861,0
15.0,BOYACÁ,15776.0,15776.0,SUTAMARCHÁN,BOYACÁ,NORORIENTE,-0.2580645161290323,-0.433035714285714,0.0,-0.5086570158050082,-0.5525743999572849,0.0,-0.5849588524566576,0.12705882352941153,-0.0,0.38591675988369717,-0.7344900346670247,-1.0,-0.45824231764671197,0.0,-0.7706917606092998,0.09448322971325705,-0.30585420889536685,0.1071135031584199,862,0
25.0,CUNDINAMARCA,25322.0,25322.0,GUASCA,CUNDINAMARCA,CENTRO SUR,-1.0889400921658987,-1.1294642857142854,0.0,0.18780827478673195,-0.3810046336904056,0.0,0.2069403806925169,-1.1105882352941179,-0.8423028581296914,0.05544254576506856,-0.4337858964014053,-1.0,-0.1617756769373358,0.0,0.6287052878399704,0.795589386783062,-0.30861495272859446,0.10691137818836494,863,0
5.0,ANTIOQUIA,5237.0,5237.0,DONMATÍAS,ANTIOQUIA,OCCIDENTE,-0.6451612903225806,-0.9419642857142854,0.0,0.6536072973573875,-0.038613253697645976,0.0,-0.7163901864204235,-1.4917647058823533,-0.729465887115974,-0.22199735195157572,-0.8004872062678786,-1.0,0.2330297065267568,1.0,-0.6404500846723168,1.5132830392625911,-0.3089137892930629,0.10688949918209223,864,0
25.0,CUNDINAMARCA,25662.0,25662.0,SAN JUAN DE RIOSECO,CUNDINAMARCA,CENTRO SUR,-0.307373271889401,-0.23214285714285693,0.0,-0.28718625452301333,-0.21950286913050257,0.0,-0.6022526583190184,-0.28705882352941187,-0.8423028581296914,-0.2453987614738404,-0.4029047612188087,0.0,-0.1617756769373358,0.0,-0.07201509190408181,-1.351689227483552,-0.30972030954036295,0.10683045064637799,865,0
8.0,ATLÁNTICO,8638.0,8638.0,SABANALARGA,ATLÁNTICO,CARIBE,-0.5216589861751152,-0.1919642857142856,0.0,0.6089960237718047,-0.1975504559685352,0.0,0.11248787097098752,-2.1788235294117655,-0.0399766904650517,-0.2799068876229984,-1.130702871253601,-2.0,1.132936695799988,0.0,-0.6357054027703929,0.6874684817877033,-0.3098978637638602,0.1068174511997522,866,0
15.0,BOYACÁ,15511.0,15511.0,PACHAVITA,BOYACÁ,NORORIENTE,-0.5552995391705068,-0.14732142857142844,0.0,-1.5053344386142813,-0.5866506073029406,0.0,0.9880415811746219,0.451764705882353,-0.0,-0.9022721517153997,-0.41643845613845537,1.0000000000000002,-0.45824231764671197,0.0,-0.4371564829256757,-1.8875629877958324,-0.31056109849530567,0.10676889316310303,867,0
68.0,SANTANDER,68861.0,68861.0,VÉLEZ,SANTANDER,NORORIENTE,-0.5944700460829493,-0.3794642857142857,0.0,-0.10177272517055377,-0.29930293343226644,0.0,-0.2393928062423487,-1.7200000000000006,-0.1950546486891935,-0.15974009116053514,-0.34527241318294766,-1.0,-0.6393305376447123,0.0,0.5364762841002824,-0.49393753451455696,-0.31396376345310123,0.10651977060981731,868,0
25.0,CUNDINAMARCA,25398.0,25398.0,LA PEÑA,CUNDINAMARCA,CENTRO SUR,0.08156682027649785,0.42410714285714285,0.0,-1.5280789852945265,-0.34752468253946117,0.0,-1.2651836821457607,0.15999999999999992,-0.8423028581296914,0.4817584194612459,-0.8012683327145824,0.0,-0.1617756769373358,0.0,-0.6446422200885101,-1.8875629877958324,-0.315153714333738,0.1064326496016235,869,0
5.0,ANTIOQUIA,5576.0,5576.0,PUEBLORRICO,ANTIOQUIA,OCCIDENTE,0.0,0.21875000000000022,0.0,-0.8557795218812487,-0.4185910622431776,0.3623188405797098,-1.0837454699128886,0.14823529411764713,-0.729465887115974,-0.9093697071554949,-0.6262112969393696,-1.0,0.2330297065267568,1.0,-0.12118026434185478,-1.0151081843925378,-0.315427330940945,0.10641261704812376,870,0
76.0,VALLE DEL CAUCA,76248.0,76248.0,EL CERRITO,VALLE DEL CAUCA,SUR-OCCIDENTE,-1.1990783410138248,-1.1428571428571426,0.0,0.4545945194262061,0.03006520028626439,0.17391304347825884,0.4258611004441855,-2.8094117647058834,-0.3266245789331387,-0.08312657504693041,-0.7140807527400362,-1.0,-0.3001020756710667,1.0,0.16772816831652168,0.8995432999223995,-0.31618469322570925,0.10635716756118248,871,0
68.0,SANTANDER,68673.0,68673.0,SAN BENITO,SANTANDER,NORORIENTE,-0.22580645161290316,0.40178571428571425,0.0,-1.2295538102916168,-0.4614082897064743,0.0,-2.1415658356213463,0.41647058823529426,-0.1950546486891935,-0.9170041480448886,0.44334839422002975,0.0,-0.6393305376447123,0.0,-0.7335972016866945,-0.6649939348690759,-0.31734937719901146,0.1062718964431621,872,0
66.0,RISARALDA,66687.0,66687.0,SANTUARIO,RISARALDA,OCCIDENTE,-0.05990783410138235,-0.04017857142857136,0.0,-0.974833745953186,0.39857576278268847,0.0,-1.3855745693098669,-0.34117647058823547,-0.6272748873014136,-0.7214289653995765,-0.5420252100523145,-1.0,-0.31495058158256434,1.0,-0.09625368727257884,-0.6641914350245155,-0.317733094117856,0.10624380301058876,873,0
41.0,HUILA,41244.0,41244.0,ELÍAS,HUILA,CENTRO SUR,-0.5894009216589862,-0.3794642857142857,0.0,0.013005427374424127,-0.3443934047804068,0.0,-0.4059806665892884,0.3482352941176471,0.46586943020641003,-0.8529328644069631,0.13529239322649306,-1.0,-0.5539651466003332,0.0,-0.749915638433317,-0.14863679218109674,-0.31831382596767244,0.10620128533606159,874,0
68.0,SANTANDER,68147.0,68147.0,CAPITANEJO,SANTANDER,NORORIENTE,0.1889400921658987,-0.22767857142857117,0.0,0.06694472766309495,-0.4115122574781066,0.0,-0.4333948729870107,0.004705882352941199,-0.1950546486891935,-0.8408952990404196,0.07824934779620266,-1.0,-0.6393305376447123,0.0,-0.7422495650323743,-0.6143852281207115,-0.3185825978261476,0.10618160748576917,875,0
68.0,SANTANDER,68322.0,68322.0,GUAPOTÁ,SANTANDER,NORORIENTE,-0.041474654377880116,-0.41964285714285704,0.0,-0.8740397919173792,-0.5395906910379881,0.0,-0.41173669722750594,0.40235294117647064,-0.1950546486891935,-0.8937436499306003,-0.041338762936889956,0.0,-0.6393305376447123,0.0,-0.5959627593414869,-0.5917152023042256,-0.31918869965838065,0.10613723237453435,876,0
68.0,SANTANDER,68872.0,68872.0,VILLANUEVA,SANTANDER,NORORIENTE,-0.2304147465437788,-0.5937499999999998,0.0,-0.5133160164482438,-0.5125877121642812,0.0,-1.12953540086733,0.011764705882352788,-0.1950546486891935,0.7148046798596548,-0.4912948390132963,-1.0,-0.6393305376447123,0.0,-0.8670889578889941,0.19577815701441367,-0.3196184429307927,0.10610576917066075,877,0
25.0,CUNDINAMARCA,25317.0,25317.0,GUACHETÁ,CUNDINAMARCA,CENTRO SUR,-0.3594470046082948,-0.6741071428571427,0.0,-0.03682941118695428,-0.5266351215189863,0.0,-0.6389543585277411,-0.6588235294117649,-0.8423028581296914,-0.09109243184539542,-0.6258981753121894,-1.0,-0.1617756769373358,0.0,0.14398375963919474,0.4568403480331656,-0.3226335232715134,0.10588502321942593,878,0
25.0,CUNDINAMARCA,25181.0,25181.0,CHOACHÍ,CUNDINAMARCA,CENTRO SUR,-0.8064516129032259,-0.8169642857142855,0.0,-0.5555497523467302,-0.39884402084632653,0.0,-0.5182164102845738,-0.40705882352941186,-0.8423028581296914,0.24135626828586546,-0.3326346840981371,-1.0,-0.1617756769373358,0.0,0.0445181413740245,0.5438216657264701,-0.3232356760954718,0.10584093723069847,879,0
15.0,BOYACÁ,15778.0,15778.0,SUTATENZA,BOYACÁ,NORORIENTE,0.21658986175115222,0.29464285714285715,0.0,-1.2856146356790394,-0.5861609234475813,0.0,0.990212320089833,0.32470588235294107,-0.0,-1.193812458633404,-0.3133096693596894,-1.0,-0.45824231764671197,0.0,-0.839159905931262,-1.2235672331500205,-0.3243910458457294,0.10575634804376902,880,0
8.0,ATLÁNTICO,8849.0,8849.0,USIACURÍ,ATLÁNTICO,CARIBE,-0.03778801843317974,-0.3616071428571425,0.0,-0.07407738346117725,-0.3489544359443074,0.0,-0.33380208795250493,0.2823529411764707,-0.0399766904650517,0.04557027035751581,-1.4053575834870964,-2.0,1.132936695799988,0.0,-0.675994989768085,-0.31189687622529816,-0.3258381570381734,0.1056503993125182,881,0
15.0,BOYACÁ,15638.0,15638.0,SÁCHICA,BOYACÁ,NORORIENTE,-0.4654377880184331,-0.7589285714285711,0.0,0.02768747210537657,-0.6826306458227756,0.0,0.01940722708495872,0.021176470588235186,-0.0,-0.2971729654659674,-0.542718521881037,-1.0,-0.45824231764671197,0.0,-0.8813210531675856,0.9106646454397798,-0.3259577937843794,0.10564164023336957,882,0
5.0,ANTIOQUIA,5400.0,5400.0,LA UNIÓN,ANTIOQUIA,OCCIDENTE,-0.8248847926267281,-0.7946428571428569,0.0,-0.751724850944825,0.000628913005986252,0.0,-0.13030144521237777,-0.35058823529411787,-0.729465887115974,-0.18277832661807913,-0.6774140723837131,-1.0,0.2330297065267568,1.0,-0.31388388223007585,0.31710472375896775,-0.3288021929239986,0.10543339052761988,883,0
76.0,VALLE DEL CAUCA,76318.0,76318.0,GUACARÍ,VALLE DEL CAUCA,SUR-OCCIDENTE,-0.705069124423963,-1.1071428571428568,0.0,0.1624949386784212,0.40428382767457244,0.0,-0.030157802216778797,-1.1388235294117652,-0.3266245789331387,-0.7368172143318305,-0.833932640443854,-1.0,-0.3001020756710667,1.0,-0.3764303269980037,1.0410117802753542,-0.3292796379004298,0.10539843489341631,884,0
5.0,ANTIOQUIA,5145.0,5145.0,CARAMANTA,ANTIOQUIA,OCCIDENTE,-0.4147465437788019,-0.4598214285714284,0.0,-1.316341466286756,-0.49246289295617446,0.04347826086956471,-0.8157647715574677,0.2588235294117647,-0.729465887115974,-0.5032139399730107,0.539997055009487,-1.0,0.2330297065267568,1.0,-0.5028544507665331,-0.5833267892459454,-0.3294025446090376,0.10538943640739314,885,0
68.0,SANTANDER,68324.0,68324.0,GUAVATÁ,SANTANDER,NORORIENTE,0.35483870967741954,-0.017857142857142797,0.0,-0.9810682148761342,-0.3405558775599249,0.0,-1.5333870294530692,0.28705882352941187,-0.1950546486891935,-0.8724747757332416,-0.23885896530859496,0.0,-0.6393305376447123,0.0,-0.5250190722821958,-1.1780765748239772,-0.33053949724899395,0.10530619560991704,886,0
76.0,VALLE DEL CAUCA,76736.0,76736.0,SEVILLA,VALLE DEL CAUCA,SUR-OCCIDENTE,-0.09447004608294918,-0.5982142857142856,0.0,-0.43955689833928674,0.2918791867817886,0.04347826086956471,-0.6522020034830944,-2.0564705882352947,-0.3266245789331387,-0.44753192004081244,-0.5541437299545753,-1.0,-0.3001020756710667,1.0,0.09565789474303729,-0.7201796240423116,-0.33137481186967577,0.10524503892429496,887,0
8.0,ATLÁNTICO,8832.0,8832.0,TUBARÁ,ATLÁNTICO,CARIBE,-0.2995391705069124,-0.35714285714285715,0.0,-0.18038169297628318,-0.2504198526124546,0.0,-0.3051225704760246,0.10117647058823516,-0.0399766904650517,-0.7396635280335402,-1.368560389176451,-2.0,1.132936695799988,0.0,-0.20366494801505355,0.3845570300287228,-0.331561133125071,0.1052313976086053,888,0
25.0,CUNDINAMARCA,25224.0,25224.0,CUCUNUBÁ,CUNDINAMARCA,CENTRO SUR,-0.6036866359447004,-0.7053571428571427,0.0,-0.35112085711991725,-0.44010792936387955,0.0,0.2966701171551137,0.11764705882352915,-0.8423028581296914,-0.47232429880120114,-1.0481016807383567,0.0,-0.1617756769373358,0.0,-0.26261860468817244,0.1642664985718453,-0.3331781499165292,0.10511300941676434,889,0
5.0,ANTIOQUIA,5664.0,5664.0,SAN PEDRO DE LOS MILAGROS,ANTIOQUIA,OCCIDENTE,-0.9723502304147464,-0.9508928571428569,0.0,-0.032363930444792695,-0.031223559893749586,0.0,0.2283931119297374,-1.6588235294117653,-0.729465887115974,-0.23142782180651164,-0.4874788411153204,-1.0,0.2330297065267568,1.0,-0.44621644670823213,0.7245805803207207,-0.333858374615314,0.10506320747743997,890,0
15.0,BOYACÁ,15480.0,15480.0,MUZO,BOYACÁ,NORORIENTE,-0.11981566820276505,-0.0044642857142854625,0.0,-0.8884455229539514,-0.06604958131118893,0.0,-0.9357044170049396,-0.15294117647058833,-0.0,-0.8473762663765071,-0.6481051337168054,-1.0,-0.45824231764671197,0.0,-0.20616314272225578,-0.38998922375041123,-0.33388899464870475,0.10506096566374554,891,0
73.0,TOLIMA,73520.0,73520.0,PALOCABILDO,TOLIMA,CENTRO SUR,-0.3640552995391705,0.2098214285714287,0.0,-0.19156668382736727,0.11535038410079991,0.0,-2.3928873254463956,-0.08941176470588237,0.1794567355112193,-0.6614614574181126,-0.12410526821336862,-1.0,0.05660264741218082,0.0,-0.6520821875407418,-0.7337774714983816,-0.33478173698414504,0.1049956044680975,892,0
15.0,BOYACÁ,15696.0,15696.0,SANTA SOFÍA,BOYACÁ,NORORIENTE,0.06912442396313365,-0.41964285714285704,0.0,-0.37382056347472836,-0.6425248413401551,0.0,-0.7734336253076873,0.2494117647058823,-0.0,-0.756083184387134,-0.35964683011249343,0.0,-0.45824231764671197,0.0,-0.8285859716048878,-0.6699741853135743,-0.3388616888996123,0.10469689505912803,893,0
68.0,SANTANDER,68855.0,68855.0,VALLE DE SAN JOSÉ,SANTANDER,NORORIENTE,-0.21198156682027658,-0.1874999999999998,0.0,-0.047901772195129436,-0.4598093583204079,0.0,-1.900233516062443,0.11764705882352915,-0.1950546486891935,0.49225198584091734,-1.101688811146175,-1.0,-0.6393305376447123,0.0,-0.6059297835856851,0.14442299248612217,-0.3401798404947735,0.10460038796980915,894,0
13.0,BOLÍVAR,13836.0,13836.0,TURBACO,BOLÍVAR,CARIBE,-0.21105990783410128,-0.4642857142857142,0.0,0.6407383045918837,-0.2208997611959085,0.0,0.5177452180712504,-3.588235294117648,0.3154918253869455,0.11250370444262156,-1.446514888399879,-2.0,0.8204296097067337,0.0,-0.6797384209953634,0.3256537298267711,-0.34223632341488686,0.10444982472535178,895,0
8.0,ATLÁNTICO,8520.0,8520.0,PALMAR DE VARELA,ATLÁNTICO,CARIBE,-0.3640552995391705,-0.21428571428571416,0.0,0.2560317638085325,-0.3721853683571628,0.0,-0.5207198465714611,-0.028235294117647195,-0.0399766904650517,-0.8228208994973075,-1.4452421475281538,-2.0,1.132936695799988,0.0,0.17887900886941754,-0.0004955891985756352,-0.3426882186676164,0.10441673968742592,896,0
41.0,HUILA,41298.0,41298.0,GARZÓN,HUILA,CENTRO SUR,-0.2115207373271888,-0.3928571428571427,0.0,0.6237867205468192,0.21500194022530877,0.0,-0.8004715601359976,-5.280000000000001,0.46586943020641003,-0.013888655870275447,-0.8810266475332372,-1.0,-0.5539651466003332,0.0,-0.0011985533927614366,-0.02584616301333492,-0.3428328691206902,0.10440614925591102,897,0
17.0,CALDAS,17433.0,17433.0,MANZANARES,CALDAS,OCCIDENTE,0.1714285714285714,-0.14732142857142844,0.0,-0.36075759923154765,0.17817450667491055,0.0,-0.8669112812137177,-0.698823529411765,-0.5206856369030118,-0.7965101038205703,-0.40207383084948967,-1.0,-0.8930772834598875,0.0,-0.22302693397508538,-0.6451786018405214,-0.3450861226220568,0.10424117965930867,898,0
25.0,CUNDINAMARCA,25777.0,25777.0,SUPATÁ,CUNDINAMARCA,CENTRO SUR,-0.6175115207373271,-0.5624999999999998,0.0,-0.7647312914490734,-0.6032823550269136,0.0,-0.8221574609164414,0.12705882352941153,-0.8423028581296914,-0.5695027919981542,-0.11832584631246447,0.0,-0.1617756769373358,0.0,-0.10430446683842964,-0.1876380466089406,-0.3453278541559975,0.10422348153807372,899,0
15.0,BOYACÁ,15808.0,15808.0,TINJACÁ,BOYACÁ,NORORIENTE,-1.407373271889401,-0.24999999999999975,0.0,-0.3968699083963712,-0.6025567498513122,0.0,-0.3542712348548105,0.23764705882352952,-0.0,-0.7974189890505526,0.06903311628686301,1.0000000000000002,-0.45824231764671197,0.0,-0.8240547125781295,-0.7100044314429571,-0.3460314603779301,0.10417196774500573,900,0
68.0,SANTANDER,68051.0,68051.0,ARATOCA,SANTANDER,NORORIENTE,-0.7437788018433179,-0.00892857142857124,0.0,0.25212754097398743,-0.4197784156064344,0.0,-0.3710347126555053,-0.12235294117647076,-0.1950546486891935,-0.08698540694976535,-0.34215589006293773,-1.0,-0.6393305376447123,0.0,-0.6828749244842149,-0.6810384211875504,-0.3470133713007463,0.10410007816456653,901,0
25.0,CUNDINAMARCA,25183.0,25183.0,CHOCONTÁ,CUNDINAMARCA,CENTRO SUR,-0.5912442396313363,-0.5937499999999998,0.0,-0.21000289652663098,-0.4772952414080638,0.0,-0.4929701574733777,-0.8847058823529417,-0.8423028581296914,0.17119853737572804,-0.5159919831755827,-1.0,-0.1617756769373358,0.0,-0.3666778144311083,0.36486125523854457,-0.3503728679893562,0.10385411613092461,902,0
25.0,CUNDINAMARCA,25288.0,25288.0,FÚQUENE,CUNDINAMARCA,CENTRO SUR,-0.6359447004608294,-0.7678571428571426,0.0,-0.36661891140797387,-0.6329902006945071,0.0,-0.5498628370841036,0.018823529411764794,-0.8423028581296914,-0.8333830526859364,-0.47745621360999363,0.0,-0.1617756769373358,0.0,0.5428102169143397,-0.19762880430837368,-0.3507982418922608,0.10382297282586604,903,0
25.0,CUNDINAMARCA,25489.0,25489.0,NIMAIMA,CUNDINAMARCA,CENTRO SUR,-0.32857142857142835,-0.4732142857142856,0.0,-1.3079041093030064,-0.39110471506978584,0.0,-0.5729509931220896,0.06352941176470597,-0.8423028581296914,0.40284151953032005,-0.5809019066803404,0.0,-0.1617756769373358,0.0,-0.32355997854318236,-1.4717257459702113,-0.3517841237835802,0.10375079251512433,904,0
88.0,"ARCHIPIÉLAGO DE SAN ANDRÉS, PROVIDENCIA Y SANTA CATALINA",88564.0,88564.0,PROVIDENCIA,SAN ANDRÉS,CARIBE,-0.23502304147465444,-1.2098214285714282,0.0,0.3393767289641797,-0.5634815853118611,0.0,-0.6797402775400965,-0.7388235294117649,-0.8423028581296914,-1.193812458633404,0.3039736007328038,-1.0,0.5210883372989273,0.0,-0.7999008848700855,1.4853006045766228,-0.3567237243668188,0.10338914482874578,905,0
70.0,SUCRE,70001.0,70001.0,SINCELEJO,SUCRE,CARIBE,-0.5668202764976957,-0.4642857142857142,0.0,1.2356215891679645,0.23524944868644918,3.942028985507253,-0.07958005383400743,-15.960000000000004,0.880925368474336,-0.7805396454424398,-1.3194813092522515,-2.0,1.838199989484149,1.0,-0.3308835089063073,0.018552775649147552,-0.3569398834877405,0.10337331896496316,906,4
25.0,CUNDINAMARCA,25736.0,25736.0,SESQUILÉ,CUNDINAMARCA,CENTRO SUR,-1.2718894009216588,-1.0312499999999998,0.0,0.771474426496191,-0.2219173843023138,2.130434782608698,-0.46083008650765805,-0.5905882352941177,-0.8423028581296914,-0.6413632431294375,-0.9089005294443144,-2.0,-0.1617756769373358,0.0,-0.11847024170748281,0.8250342201777249,-0.3577285928823857,0.10331557443218324,907,0
15.0,BOYACÁ,15664.0,15664.0,SAN JOSÉ DE PARE,BOYACÁ,NORORIENTE,-0.09677419354838715,0.4464285714285714,0.0,-0.7584883324133764,-0.6279887171139786,0.0,-2.3696338112728985,0.30823529411764705,-0.0,-1.0097278978142918,0.12373613459056147,0.0,-0.45824231764671197,0.0,-0.6575247151022672,-1.2498989871269957,-0.35813175722664714,0.1032860571767138,908,0
66.0,RISARALDA,66045.0,66045.0,APÍA,RISARALDA,OCCIDENTE,-0.7096774193548386,-0.32142857142857123,0.0,-0.21715981106461077,-0.04233605130725528,0.0,-1.6957170297626682,-0.2752941176470591,-0.6272748873014136,-0.6156005121750265,-0.29924291883617615,-1.0,-0.31495058158256434,1.0,0.3293868238320967,-0.4499379127189117,-0.35846615569472795,0.10326157454289107,909,0
5.0,ANTIOQUIA,5656.0,5656.0,SAN JERÓNIMO,ANTIOQUIA,OCCIDENTE,-0.7004608294930875,-0.4598214285714284,0.0,0.12752231706272196,0.1143603208490305,0.0,-0.29611794247517237,-0.498823529411765,-0.729465887115974,-0.7063689244890153,-1.505496751196735,-1.0,0.2330297065267568,1.0,-0.040410779503701165,0.13572167241583827,-0.3585965781574366,0.1032520257987982,910,0
17.0,CALDAS,17442.0,17442.0,MARMATO,CALDAS,OCCIDENTE,-0.10599078341013812,-0.14285714285714265,0.0,-0.04891864733705302,-0.2677677102292226,0.0,-1.069938526371916,0.004705882352941199,-0.5206856369030118,-1.1544908113232955,-0.7915336227111655,-1.0,-0.8930772834598875,0.0,-0.6667992611871302,1.1645976317579319,-0.3587982055896635,0.10323726385739292,911,0
15.0,BOYACÁ,15686.0,15686.0,SANTANA,BOYACÁ,NORORIENTE,-0.11981566820276505,-0.013392857142857019,0.0,0.01324545228488303,-0.47277474660324476,0.0,-2.3928873254463956,-0.025882352941176388,-0.0,-0.22533629657521878,-0.6834409453813218,-1.0,-0.45824231764671197,0.0,-0.6840355051667605,0.07028998720482642,-0.36015780892580834,0.10313772192224581,912,0
68.0,SANTANDER,68549.0,68549.0,PINCHOTE,SANTANDER,NORORIENTE,-1.055299539170507,-0.7589285714285711,0.0,-0.7344396795738611,0.24612351096404755,0.0,-1.5796397367670332,0.08705882352941156,-0.1950546486891935,0.044346713190764366,-0.8220135398016492,0.0,-0.6393305376447123,0.0,-0.4218990338358271,0.1964992296612765,-0.36403915726655733,0.10285355306611924,913,0
68.0,SANTANDER,68406.0,68406.0,LEBRIJA,SANTANDER,NORORIENTE,-1.2046082949308756,-0.6160714285714284,0.0,0.30100071766317027,-0.1976622341122086,0.0,-0.42762668688961025,-2.7717647058823536,-0.1950546486891935,0.46953514285688636,-0.9774031713928453,-1.0,-0.6393305376447123,0.0,0.12916842307126747,0.5859901155304222,-0.36833058711207545,0.1025393605218569,914,0
8.0,ATLÁNTICO,8433.0,8433.0,MALAMBO,ATLÁNTICO,CARIBE,-0.343778801843318,-0.48214285714285693,0.0,1.5031247467702626,-0.2637248327848939,0.0,-0.4183023261119948,-2.362352941176471,-0.0399766904650517,-1.0185149734036936,-1.19548651832745,-2.0,1.132936695799988,0.0,-0.42409952061160133,0.8962406022542058,-0.36986268373350867,0.10242718967137765,915,0
25.0,CUNDINAMARCA,25871.0,25871.0,VILLAGÓMEZ,CUNDINAMARCA,CENTRO SUR,-0.5714285714285714,-0.11607142857142831,0.0,-0.37287101782993903,-0.5881904341059336,0.0,-0.674311813033364,0.404705882352941,-0.8423028581296914,-1.124080989170425,-0.08869289678301914,0.0,-0.1617756769373358,0.0,-0.4837529769027519,-0.6348728221721117,-0.37014583846024357,0.10240645879444028,916,0
25.0,CUNDINAMARCA,25596.0,25596.0,QUIPILE,CUNDINAMARCA,CENTRO SUR,0.06912442396313365,0.14732142857142874,0.0,-1.2730192748398224,-0.3168140368054077,0.0,-1.7871986405262617,0.05411764705882358,-0.8423028581296914,-0.6693401661562177,0.11978718142646269,0.0,-0.1617756769373358,0.0,-0.7590835878462279,-1.484695042497992,-0.3723094815205127,0.10224804993248686,917,0
15.0,BOYACÁ,15693.0,15693.0,SANTA ROSA DE VITERBO,BOYACÁ,NORORIENTE,-0.7373271889400922,-0.9732142857142853,0.0,-0.22472299627664652,-0.585402728050741,0.0,-0.438658354015447,-0.4894117647058826,-0.0,-0.7463213657309007,0.237435575885525,-1.0,-0.45824231764671197,0.0,0.40389121169293946,-0.33855451334863573,-0.3735640563177149,0.10215619755188415,918,0
15.0,BOYACÁ,15104.0,15104.0,BOYACÁ,BOYACÁ,NORORIENTE,-0.2304147465437788,-0.04910714285714259,0.0,-1.3621722924277213,-0.6293014226614875,0.0,0.9385066382018836,0.35294117647058826,-0.0,-0.15828022721427265,-1.1298562302433488,-1.0,-0.45824231764671197,0.0,-0.8813210531675856,-1.0750648285413065,-0.3754120673635081,0.1020208973574958,919,0
76.0,VALLE DEL CAUCA,76622.0,76622.0,ROLDANILLO,VALLE DEL CAUCA,SUR-OCCIDENTE,-0.7953917050691244,-1.0848214285714282,1.0,-0.13298573395258526,0.2315354837892739,0.0,-0.2873288615819564,-2.4588235294117653,-0.3266245789331387,-0.23276622453219376,-1.429953911873407,-1.0,-0.3001020756710667,1.0,0.2641776280988074,-0.23112443760949233,-0.3772775573969699,0.10188431745732068,920,0
5.0,ANTIOQUIA,5861.0,5861.0,VENECIA,ANTIOQUIA,OCCIDENTE,-0.5990783410138248,-0.669642857142857,0.0,-0.6415036294049964,0.18111989818853222,0.0,-0.12218341680446435,-0.13647058823529434,-0.729465887115974,-0.7461768934878495,-0.4889551605931323,-1.0,0.2330297065267568,1.0,-0.28454225369188674,-0.8445412399296949,-0.37851613162393827,0.10179363654171969,921,0
25.0,CUNDINAMARCA,25407.0,25407.0,LENGUAZAQUE,CUNDINAMARCA,CENTRO SUR,-0.7004608294930875,-0.5223214285714283,0.0,-0.6334443237800909,-0.4920823445474391,0.0,-0.9230794856262825,-0.2823529411764707,-0.8423028581296914,0.3006559502055556,-0.47356372095039856,-1.0,-0.1617756769373358,0.0,-0.39332170908553477,0.0018057270037601895,-0.38082247519882556,0.10162478001095437,922,0
76.0,VALLE DEL CAUCA,76036.0,76036.0,ANDALUCÍA,VALLE DEL CAUCA,SUR-OCCIDENTE,-0.8470046082949308,-1.1383928571428568,0.0,0.19057609722818658,0.48022689542997665,0.04347826086956471,0.25046605606156225,-0.5576470588235298,-0.3266245789331387,-0.7483394470128888,-1.1293712684582455,-1.0,-0.3001020756710667,1.0,-0.5350526488213605,0.3952475495820902,-0.38329240955402777,0.10144394635244021,923,0
25.0,CUNDINAMARCA,25524.0,25524.0,PANDI,CUNDINAMARCA,CENTRO SUR,-0.4608294930875576,-0.183035714285714,0.0,-0.5292332220385464,-0.26916559705558524,0.0,-1.0619173743340569,0.2847058823529411,-0.8423028581296914,-0.5242068292562228,-0.2827382682959714,-1.0,-0.1617756769373358,0.0,-0.5316637315699935,-0.3840111347099616,-0.3852040036468378,0.10130399099181743,924,0
15.0,BOYACÁ,15380.0,15380.0,LA CAPILLA,BOYACÁ,NORORIENTE,-0.7437788018433179,-0.4107142857142855,0.0,-1.1761949775565008,-0.6878113241339232,0.0,0.990212320089833,0.3364705882352943,-0.0,-0.5132528189442364,-0.13227810305173981,-1.0,-0.45824231764671197,0.0,-0.09138357536443562,-1.5776172049884285,-0.3867532235449652,0.10119056647855809,925,0
25.0,CUNDINAMARCA,25483.0,25483.0,NARIÑO,CUNDINAMARCA,CENTRO SUR,-0.09677419354838715,-0.5803571428571426,0.0,-0.3423047130149739,-0.37362718512077553,0.0,-0.26953770871706895,0.34117647058823547,-0.8423028581296914,-1.164806798351549,0.11656181845239845,-1.0,-0.1617756769373358,0.0,-0.3118981425482829,-0.7533953725969341,-0.38772385350294986,0.10111950282215114,926,0
73.0,TOLIMA,73283.0,73283.0,FRESNO,TOLIMA,CENTRO SUR,-0.4055299539170506,-0.32142857142857123,0.0,-0.31661273913429017,-0.06702564741040176,0.0,-1.9471006027652864,-1.0000000000000004,0.1794567355112193,-1.001629472372006,-0.2584110986735131,-1.0,0.05660264741218082,0.0,-0.5031649182819272,0.0873190008108141,-0.38841524969060154,0.10106888297396269,927,0
25.0,CUNDINAMARCA,25320.0,25320.0,GUADUAS,CUNDINAMARCA,CENTRO SUR,-0.7004608294930875,-0.607142857142857,0.0,-0.3815194597296463,-0.2349651121924629,0.0,0.0784098158939362,-1.981176470588236,-0.8423028581296914,-0.010156096961144617,-0.3952616195632188,-1.0,-0.1617756769373358,0.0,-0.5298938689822376,0.07222245761895565,-0.3898956152191857,0.10096049956129899,928,0
73.0,TOLIMA,73411.0,73411.0,LÍBANO,TOLIMA,CENTRO SUR,-0.3041474654377881,-0.33035714285714274,0.0,-0.5094721679822878,0.37646064721160444,0.0,-1.629698327407849,-2.536470588235295,0.1794567355112193,-0.3411660245195023,-0.7674117584407979,-1.0,0.05660264741218082,0.0,-0.5070219380565045,-0.3671622748891862,-0.39283688907921877,0.10074515727429384,929,0
25.0,CUNDINAMARCA,25328.0,25328.0,GUAYABAL DE SÍQUIMA,CUNDINAMARCA,CENTRO SUR,-0.03225806451612883,-0.5089285714285713,1.0,-0.8748736719097094,-0.39738345256573393,0.0,-1.0748898842677015,0.2305882352941175,-0.8423028581296914,-0.41879807974745076,-0.7003766033115072,-1.0,-0.1617756769373358,0.0,-0.8426624882403483,-0.5912302969837272,-0.3937219568988846,0.10068035796028525,930,0
66.0,RISARALDA,66383.0,66383.0,LA CELIA,RISARALDA,OCCIDENTE,-0.2930875576036866,-0.14732142857142844,0.0,-0.3794800096832306,-0.11979785532131762,0.0,-2.3928873254463956,0.13882352941176473,-0.6272748873014136,-0.9835026734136719,-0.26777743656631753,-1.0,-0.31495058158256434,1.0,-0.3488272035460156,-0.17656928404528097,-0.3940273018759211,0.1006580024473988,931,0
17.0,CALDAS,17513.0,17513.0,PÁCORA,CALDAS,OCCIDENTE,0.0009216589861752614,-0.3348214285714285,0.0,-1.2641803317561002,-0.36494881506704924,0.0,-1.174598483278526,-0.4494117647058826,-0.5206856369030118,-0.36271491678439577,-0.060782179820328214,-1.0,-0.8930772834598875,0.0,-0.27092462301667924,-0.6428622979898244,-0.39458151249204476,0.1006174264972364,932,0
17.0,CALDAS,17088.0,17088.0,BELALCÁZAR,CALDAS,OCCIDENTE,-0.15668202764976955,0.01785714285714311,1.0,-0.5986011606443079,-0.2656196366086228,0.6811594202898569,-2.3928873254463956,-0.014117647058823598,-0.5206856369030118,-0.9461784119058447,-0.30180814855040605,-1.0,-0.8930772834598875,0.0,-0.7407112700602672,-0.9145437478776429,-0.39533087051721866,0.10056256303378291,933,0
76.0,VALLE DEL CAUCA,76869.0,76869.0,VIJES,VALLE DEL CAUCA,SUR-OCCIDENTE,-0.8064516129032259,-0.9732142857142853,0.0,-0.14488945148003018,-0.2101781971623991,0.623188405797102,-0.5437551488491769,-0.05411764705882358,-0.3266245789331387,-0.7289597227952928,-0.2547046587819983,-2.0,-0.3001020756710667,1.0,-0.44369664074995846,0.3698485339308367,-0.39630328387523905,0.10049136880760906,934,0
15.0,BOYACÁ,15299.0,15299.0,GARAGOA,BOYACÁ,NORORIENTE,-0.8940092165898618,-0.9151785714285711,0.0,-0.5021580859959728,-0.5178461691864585,0.0,0.9740796669855323,-1.1435294117647063,-0.0,-0.3752343573104812,-0.8786203442592577,-1.0,-0.45824231764671197,0.0,0.23000633223781394,-0.25119871373838487,-0.3965936468502507,0.10047011018631904,935,0
15.0,BOYACÁ,15367.0,15367.0,JENESANO,BOYACÁ,NORORIENTE,-0.2027649769585253,-0.08928571428571429,0.0,-0.8404881104186562,-0.5799989439936025,0.0,0.990212320089833,0.03999999999999998,-0.0,-0.849837561118627,-0.9904699265353916,-1.0,-0.45824231764671197,0.0,-0.8256866327632122,-0.9106420140750857,-0.3976266955620312,0.1003944766061872,936,0
63.0,QUINDÍO,63111.0,63111.0,BUENAVISTA,QUINDIO,OCCIDENTE,-0.5576036866359446,-0.5267857142857141,0.0,-0.5493923283766463,-0.08328925114829934,0.7246376811594215,-2.3928873254463956,0.32941176470588224,-0.3620819447846533,-1.0140808865705266,0.2273856212452379,-1.0,-0.3588355909158289,0.0,-0.717286839732139,-0.01763326471408836,-0.39815102597197427,0.10035608830404445,937,0
68.0,SANTANDER,68533.0,68533.0,PÁRAMO,SANTANDER,NORORIENTE,-0.5668202764976957,-0.41517857142857123,0.0,0.038508090508847015,-0.48135625626468403,0.0,-1.6715568350661945,0.2211764705882351,-0.1950546486891935,-0.40664139242368946,-0.6866859193811923,-1.0,-0.6393305376447123,0.0,-0.759254971188059,0.737384191667187,-0.3990494304435562,0.10029031256102543,938,0
5.0,ANTIOQUIA,5541.0,5541.0,PEÑOL,ANTIOQUIA,OCCIDENTE,-0.8248847926267281,-0.9285714285714283,0.0,-0.37322442080179613,-0.0053267029653298196,0.0,-1.3653444378418722,-1.2235294117647064,-0.729465887115974,-0.21824972710587304,-0.723570879582002,-1.0,0.2330297065267568,1.0,0.014013601528174399,0.2593409367698791,-0.39962682363186,0.10024803932310627,939,0
88.0,"ARCHIPIÉLAGO DE SAN ANDRÉS, PROVIDENCIA Y SANTA CATALINA",88001.0,88001.0,SAN ANDRÉS,SAN ANDRÉS,CARIBE,-0.815668202764977,-1.0714285714285712,0.0,0.06661176051915363,-0.037818725199380315,0.0,-0.1490831654343601,-9.50823529411765,-0.8423028581296914,-1.193812458633404,3.016599768726542,-1.0,0.5210883372989273,0.0,-0.8067338775005547,1.222127077233545,-0.40068614317099843,0.1001704823518473,940,0
15.0,BOYACÁ,15500.0,15500.0,OICATÁ,BOYACÁ,NORORIENTE,-0.728110599078341,-0.8035714285714283,0.0,-0.10106411530020881,-0.5370641124609933,0.0,-0.005887711037950275,0.30823529411764705,-0.0,-1.1434505743218104,0.032146952830190166,0.0,-0.45824231764671197,0.0,-0.8813210531675856,-0.5975894411405662,-0.4017001414009952,0.10009624353279895,941,0
25.0,CUNDINAMARCA,25658.0,25658.0,SAN FRANCISCO,CUNDINAMARCA,CENTRO SUR,-0.815668202764977,-0.9196428571428568,0.0,-0.15933546292534836,-0.35431183810762795,0.0,-0.45917366929158504,-0.6564705882352946,-0.8423028581296914,-0.13938904991631534,-0.6823191492982128,-1.0,-0.1617756769373358,0.0,0.03998024948235404,0.24538118453176735,-0.4017479125049837,0.10009274602142286,942,0
76.0,VALLE DEL CAUCA,76895.0,76895.0,ZARZAL,VALLE DEL CAUCA,SUR-OCCIDENTE,-0.912442396313364,-1.0535714285714282,0.0,0.3696861655353144,-0.05517955648303407,0.0,0.7024331440523672,-2.049411764705883,-0.3266245789331387,-0.3052991438161655,-1.4836967663182623,-1.0,-0.3001020756710667,1.0,-0.08697111347898456,0.25720047302541194,-0.40421339888919666,0.09991223801644894,943,0
17.0,CALDAS,17042.0,17042.0,ANSERMA,CALDAS,OCCIDENTE,-0.5004608294930876,-0.37053571428571414,1.0,0.12504816602554522,0.012751987816464895,1.130434782608696,-1.685318165639433,-1.809411764705883,-0.5206856369030118,-1.0737321795652133,-0.7503686944598121,-1.0,-0.8930772834598875,0.0,-0.7609765380442534,-0.1318808360194455,-0.40446024240633044,0.09989416562671527,944,0
54.0,NORTE DE SANTANDER,54518.0,54518.0,PAMPLONA,NORTE DE SANTANDER,NORORIENTE,-0.4410138248847926,-0.9062499999999996,0.0,0.513218883552983,-0.25750943592527137,0.0,-0.3651690928467394,-3.8588235294117657,0.4226611781815951,0.142978421323081,-0.8049378859081849,-2.0,0.0,1.0,0.20266268504869145,-0.5082815540611811,-0.40606502557747265,0.09977667310658071,945,0
76.0,VALLE DEL CAUCA,76400.0,76400.0,LA UNIÓN,VALLE DEL CAUCA,SUR-OCCIDENTE,-0.6221198156682027,-0.8169642857142855,0.0,-0.13810802593412833,0.37637274376249386,0.0,-0.2404981681056137,-2.388235294117648,-0.3266245789331387,-0.5089681117587483,-2.0468854923693596,-1.0,-0.3001020756710667,1.0,0.5741236484669644,0.10450235819964758,-0.40805456714562166,0.0996310109031393,946,0
68.0,SANTANDER,68524.0,68524.0,PALMAS DEL SOCORRO,SANTANDER,NORORIENTE,-0.4055299539170506,-0.6026785714285712,0.0,-1.0000152336158477,-0.7004197959094487,0.0,-0.986632132653372,0.4305882352941178,-0.1950546486891935,-0.884057237933136,-0.30791105936849866,0.0,-0.6393305376447123,0.0,-0.5822130834513989,-0.28066588985285057,-0.41054364762665285,0.099448775481063,947,0
25.0,CUNDINAMARCA,25402.0,25402.0,LA VEGA,CUNDINAMARCA,CENTRO SUR,-0.28571428571428553,-0.8348214285714282,0.0,-0.25680066342784486,-0.38536553056075257,0.0,-0.7487184293593302,-1.6964705882352948,-0.8423028581296914,0.10084832291905708,-1.3293619404248433,-1.0,-0.1617756769373358,0.0,-0.30448567176408126,0.7702688762986064,-0.4107450750769919,0.0994340281811223,948,0
25.0,CUNDINAMARCA,25851.0,25851.0,ÚTICA,CUNDINAMARCA,CENTRO SUR,0.09216589861751152,-0.2366071428571427,0.0,-0.9989706849965003,-0.385847582397547,0.0,0.5226803035359585,-0.06352941176470597,-0.8423028581296914,-0.9909330754599007,-0.004936557240356706,-1.0,-0.1617756769373358,0.0,-0.6823638348755401,-1.717642612568946,-0.41337864494954984,0.09924121411948367,949,0
15.0,BOYACÁ,15798.0,15798.0,TENZA,BOYACÁ,NORORIENTE,-0.20737327188940094,0.01339285714285733,0.0,-1.1382374229434802,-0.6674332153556956,0.0,0.990212320089833,0.2847058823529411,-0.0,-0.9913236600596244,-0.3567873646384549,-1.0,-0.45824231764671197,0.0,-0.6932026306212972,-1.8875629877958324,-0.4139018096287927,0.09920291116509396,950,0
76.0,VALLE DEL CAUCA,76122.0,76122.0,CAICEDONIA,VALLE DEL CAUCA,SUR-OCCIDENTE,-0.37557603686635943,-0.7232142857142855,1.0,-0.3718195550510598,0.1627738473241623,0.37681159420289806,-2.0370562432078456,-1.5529411764705887,-0.3266245789331387,-0.6566430477593651,-0.546388506808986,-1.0,-0.3001020756710667,1.0,-0.6746061490742216,-0.7684647027588855,-0.4154745633155068,0.09908776365013627,951,0
5.0,ANTIOQUIA,5674.0,5674.0,SAN VICENTE FERRER,ANTIOQUIA,OCCIDENTE,-0.6221198156682027,-0.5803571428571426,0.0,-0.7408015150637953,-0.23978586354877332,0.0,-1.9079759211972613,-0.48470588235294143,-0.729465887115974,-0.20548005660174692,-0.4783178181246673,-1.0,0.2330297065267568,1.0,-0.7512658001669292,0.22945846886728827,-0.4169559481340448,0.0989793056112255,952,0
15.0,BOYACÁ,15820.0,15820.0,TÓPAGA,BOYACÁ,NORORIENTE,-0.39631336405529966,-0.5401785714285713,0.0,0.4032859447993784,-0.5428225085967281,0.0,-0.04197411766322622,0.2352941176470587,-0.0,-1.1576126518699856,-0.6264982261605652,-1.0,-0.45824231764671197,0.0,-0.5884763677202867,-0.46411755457327264,-0.4187051248531581,0.09885124146861424,953,0
50.0,META,50006.0,50006.0,ACACÍAS,META,ORINOQUÍA,-0.7235023041474655,-0.9642857142857141,0.0,0.6574627697597979,0.0052327971298332535,0.0,0.5853427437332889,-10.522352941176473,-0.0637804626737325,0.44346740758691694,-0.9513877410056719,-1.0,-0.48827908621675425,1.0,0.3563568176693589,0.967045334228216,-0.41937094354721594,0.09880249424984706,954,0
5.0,ANTIOQUIA,5679.0,5679.0,SANTA BÁRBARA,ANTIOQUIA,OCCIDENTE,-0.26175115207373273,-0.5669642857142855,0.0,-0.767842987337476,-0.03083591971851215,0.0,-0.48872986878200386,-0.6494117647058826,-0.729465887115974,-0.535618472280912,-0.718362079334893,-1.0,0.2330297065267568,1.0,-0.40211649952160977,-1.240617475711384,-0.4210794779889318,0.09867740568903484,955,0
5.0,ANTIOQUIA,5368.0,5368.0,JERICÓ,ANTIOQUIA,OCCIDENTE,-0.6589861751152072,-0.669642857142857,0.0,-0.8191733381339813,-0.3265738961156633,0.0,-0.018851457553559273,-0.7835294117647061,-0.729465887115974,-0.6684817992508336,-0.674045963274438,-1.0,0.2330297065267568,1.0,-0.04702758899845131,-0.7164448735956946,-0.4211349574331963,0.09867334381959383,956,0
66.0,RISARALDA,66594.0,66594.0,QUINCHÍA,RISARALDA,OCCIDENTE,0.21751152073732713,0.026785714285714343,1.0,0.07538188847668856,0.04632530416833422,0.37681159420289806,-2.0896194579692184,-0.7764705882352945,-0.6272748873014136,-1.193812458633404,-1.5642321516857574,-1.0,-0.31495058158256434,1.0,-0.6802806562305826,-1.135332835544043,-0.42298756304811924,0.0985377072386358,957,0
15.0,BOYACÁ,15476.0,15476.0,MOTAVITA,BOYACÁ,NORORIENTE,-0.4147465437788019,0.40178571428571425,0.0,-0.16147461826136053,-0.5368698509780232,0.0,-1.4670072252756121,0.30588235294117627,-0.0,-1.1003384525539672,-0.8677652995838385,-1.0,-0.45824231764671197,0.0,-0.6282360553167045,-0.5347968359776825,-0.4243559320655125,0.0984375235333112,958,0
17.0,CALDAS,17486.0,17486.0,NEIRA,CALDAS,OCCIDENTE,-0.4470046082949307,-0.4241071428571427,0.0,-0.4158077514906864,-0.21925333083465506,0.0,-0.7161182444999771,-0.5576470588235298,-0.5206856369030118,-0.2999036471938166,-0.626012757073674,-1.0,-0.8930772834598875,0.0,-0.4073662443652429,-0.4275015961876871,-0.4253554000257838,0.09836434853275183,959,0
25.0,CUNDINAMARCA,25599.0,25599.0,APULO,CUNDINAMARCA,CENTRO SUR,-0.5797235023041474,-0.5535714285714285,0.0,-0.4024053403866687,-0.45182244339488614,0.0,-0.2956751835707045,0.06823529411764676,-0.8423028581296914,-0.9793297193394566,-0.13514725158301608,-1.0,-0.1617756769373358,0.0,-0.2531609279692293,-0.4535270847553446,-0.42536855905900167,0.09836338510790846,960,0
5.0,ANTIOQUIA,5190.0,5190.0,CISNEROS,ANTIOQUIA,OCCIDENTE,-0.7004608294930875,-0.5357142857142855,0.0,0.010594816072704774,-0.13483445645832995,0.0,-0.4701989068661276,-0.3576470588235295,-0.729465887115974,-0.5579967277985173,-0.9771051519358606,-1.0,0.2330297065267568,1.0,-0.7048423139067647,-0.4488078102398804,-0.4277698526917283,0.09818757690804349,961,0
25.0,CUNDINAMARCA,25815.0,25815.0,TOCAIMA,CUNDINAMARCA,CENTRO SUR,-0.19354838709677402,-0.732142857142857,0.0,-0.46632291568960227,-0.48665593354191916,0.0,-0.24571858948619824,-0.5835294117647062,-0.8423028581296914,-0.17163246290832215,-0.6502688544390661,-1.0,-0.1617756769373358,0.0,-0.5577896859904052,-0.565741505322982,-0.4286342523889334,0.09812429078898736,962,0
8.0,ATLÁNTICO,8634.0,8634.0,SABANAGRANDE,ATLÁNTICO,CARIBE,-0.5520737327188939,-0.3973214285714285,0.0,0.85359308909307,-0.3387911159346798,0.0,-0.8343720679456511,-0.595294117647059,-0.0399766904650517,-0.6656381996292569,-2.359191510870551,-2.0,1.132936695799988,0.0,0.01693747667314988,0.4227712035416307,-0.42910296021836836,0.09808997483585591,963,0
25.0,CUNDINAMARCA,25873.0,25873.0,VILLAPINZÓN,CUNDINAMARCA,CENTRO SUR,-0.4239631336405528,-0.41964285714285704,0.0,-0.6509012986182852,-0.4918473280452768,0.0,-1.478812144253371,-0.8682352941176472,-0.8423028581296914,-0.7043531744998545,-0.704763656620219,-1.0,-0.1617756769373358,0.0,-0.15998451334923222,0.6021884137348248,-0.43191196718878866,0.09788431633072883,964,0
25.0,CUNDINAMARCA,25772.0,25772.0,SUESCA,CUNDINAMARCA,CENTRO SUR,-0.3640552995391705,-1.196428571428571,0.0,0.21381539558271423,-0.5501244847093879,0.0,-0.254330897197171,-0.698823529411765,-0.8423028581296914,-0.6904447457956635,-0.556434467519502,-1.0,-0.1617756769373358,0.0,-0.42860647875173796,0.6043840451395661,-0.4319933291303041,0.09787835950134302,965,0
68.0,SANTANDER,68327.0,68327.0,GÜEPSA,SANTANDER,NORORIENTE,-0.16589861751152082,-0.4999999999999997,0.0,0.06894767470349625,-0.4225027382336623,0.0,-2.3928873254463956,0.06588235294117636,-0.1950546486891935,-0.5140696668992973,-0.7124925535292792,-1.0,-0.6393305376447123,0.0,-0.7263454616396291,0.4192148479027578,-0.43211817031265576,0.0978692193848495,966,0
73.0,TOLIMA,73275.0,73275.0,FLANDES,TOLIMA,CENTRO SUR,-0.6866359447004607,-1.044642857142857,0.0,0.8329668175047716,-0.3321295645472145,0.0,0.19234898699673297,-0.3576470588235295,0.1794567355112193,-1.1617582071382373,-0.9287405475059378,-1.0,0.05660264741218082,0.0,-0.7610073893999497,0.21918147721184014,-0.4324680236093194,0.09784360524192878,967,0
25.0,CUNDINAMARCA,25779.0,25779.0,SUSA,CUNDINAMARCA,CENTRO SUR,-0.6175115207373271,-0.6116071428571426,0.0,-0.9071096574713635,-0.5368019931611732,0.0,-1.047821522087177,0.014117647058823598,-0.8423028581296914,-0.5218829533566688,-0.3419753011914311,-1.0,-0.1617756769373358,0.0,-0.04451861220738137,-0.20994809216119717,-0.43737521696072645,0.09748433021710787,968,0
76.0,VALLE DEL CAUCA,76020.0,76020.0,ALCALÁ,VALLE DEL CAUCA,SUR-OCCIDENTE,-0.4147465437788019,-0.3973214285714285,0.0,0.0,0.25229577039644974,0.0,-2.201756924587362,-0.37176470588235305,-0.3266245789331387,-1.1395478342149041,-0.4444839292076143,-1.0,-0.3001020756710667,1.0,-0.8788498984200575,-0.048610739318562274,-0.4376559989409779,0.09746377305832073,969,0
15.0,BOYACÁ,15837.0,15837.0,TUTA,BOYACÁ,NORORIENTE,-0.5023041474654377,-0.35714285714285715,0.0,-0.5671917271520227,-0.5747533296360997,0.0,-0.4530124162991736,-0.021176470588235605,-0.0,-0.6812405468939141,-0.7227447259289365,-1.0,-0.45824231764671197,0.0,-0.5992209026280365,-0.5480614043244756,-0.43902164429664026,0.09736378876303887,970,0
25.0,CUNDINAMARCA,25592.0,25592.0,QUEBRADANEGRA,CUNDINAMARCA,CENTRO SUR,-0.9870967741935484,-0.3883928571428569,0.0,-0.8513956369532378,-0.5114772807686899,0.0,-0.6137183828580997,0.14588235294117632,-0.8423028581296914,-0.15421399978390418,-0.3398773375090722,0.0,-0.1617756769373358,0.0,-0.7979068467503811,-1.1309937032273405,-0.44157490843676006,0.09717685420154398,971,0
5.0,ANTIOQUIA,5079.0,5079.0,BARBOSA,ANTIOQUIA,OCCIDENTE,0.3216589861751154,-0.8303571428571426,0.0,0.08958121947503579,0.008960136298389824,0.0,-0.9212850501882737,-2.863529411764707,-0.729465887115974,-0.4007616686625487,-0.9369347190917451,-2.0,0.2330297065267568,1.0,-0.5670825710345109,0.1068331371660419,-0.44330310755530955,0.09705032591200057,972,0
8.0,ATLÁNTICO,8078.0,8078.0,BARANOA,ATLÁNTICO,CARIBE,-0.3036866359447003,-0.325892857142857,0.0,0.42617669489641113,-0.30339179482195705,0.0,-0.6959234585342262,-1.99764705882353,-0.0399766904650517,-0.6868585480107832,-1.6106688812206122,-2.0,1.132936695799988,0.0,-0.7477433192631061,0.42105335970897634,-0.44370072419297135,0.09702121482606299,973,0
66.0,RISARALDA,66318.0,66318.0,GUÁTICA,RISARALDA,OCCIDENTE,-0.7410138248847925,-0.1919642857142856,0.0,-0.5507458281773254,0.18251937163015783,0.31884057971014707,-1.876840585669221,-0.07058823529411756,-0.6272748873014136,-0.9983973433644705,-0.6222403877177674,-1.0,-0.31495058158256434,1.0,-0.25494821139118223,-0.8383914971019629,-0.44416017124379564,0.09698757689114414,974,0
25.0,CUNDINAMARCA,25260.0,25260.0,EL ROSAL,CUNDINAMARCA,CENTRO SUR,-1.5650691244239632,-1.2499999999999996,0.0,1.31703979006914,-0.42721072704163365,0.0,0.3195601971874024,-1.6141176470588239,-0.8423028581296914,0.49180171213688306,-1.8940220412807378,-1.0,-0.1617756769373358,0.0,-0.6873977497084718,1.8455889928527962,-0.44704189951649725,0.09677659417198857,975,0
5.0,ANTIOQUIA,5282.0,5282.0,FREDONIA,ANTIOQUIA,OCCIDENTE,-1.3055299539170506,-0.4107142857142855,0.0,-0.7041473160807664,-0.0836433308166522,0.0,-0.3624808774018976,-0.6376470588235298,-0.729465887115974,-0.47785471945578767,0.02692745310440762,-1.0,0.2330297065267568,1.0,-0.5004460910637853,-1.2862484673200683,-0.448002948892249,0.09670623194788172,976,0
15.0,BOYACÁ,15469.0,15469.0,MONIQUIRÁ,BOYACÁ,NORORIENTE,-0.5714285714285714,-0.6116071428571426,0.0,-0.20059261314163257,-0.39198934159536236,0.0,-1.04075364430592,-1.7647058823529418,-0.0,-0.8605903647289751,-0.6028940936967618,-1.0,-0.45824231764671197,0.0,-0.32589074490874936,0.38417950966358067,-0.4486582383192951,0.09665825561837774,977,0
73.0,TOLIMA,73449.0,73449.0,MELGAR,TOLIMA,CENTRO SUR,-0.9032258064516129,-0.9419642857142854,0.0,0.797344192452124,-0.20798476727193255,0.0,0.20213754032266185,-4.143529411764707,0.1794567355112193,-0.4181329454896386,-1.2891254001474413,-1.0,0.05660264741218082,0.0,-0.2744882194433743,0.47622446881328784,-0.45059622070541855,0.09651636826648087,978,0
66.0,RISARALDA,66440.0,66440.0,MARSELLA,RISARALDA,OCCIDENTE,-1.0622119815668203,-0.3348214285714285,0.0,-0.4016651784058603,-0.2283597494204246,1.811594202898553,-2.3928873254463956,-0.6800000000000002,-0.6272748873014136,-1.14690153251128,-0.38494979371758375,-1.0,-0.31495058158256434,1.0,-0.7162153407206773,-0.499642418602075,-0.45200042680205443,0.09641356078691052,979,0
17.0,CALDAS,17444.0,17444.0,MARQUETALIA,CALDAS,OCCIDENTE,-0.09216589861751151,-0.0044642857142854625,0.0,-0.7974691273584895,-0.2318334934804999,0.0,-2.3045341848666365,-0.31764705882352945,-0.5206856369030118,-0.866373260613926,-0.42937135084110695,-1.0,-0.8930772834598875,0.0,-0.5266020611106855,-0.16206622671082113,-0.45243114839433723,0.0963820259563716,980,0
5.0,ANTIOQUIA,5353.0,5353.0,HISPANIA,ANTIOQUIA,OCCIDENTE,-0.5576036866359446,-0.17410714285714277,0.0,-0.8589150808320007,-0.19119115016718352,0.0,-0.9361575223315837,0.19999999999999993,-0.729465887115974,-0.7971525336275899,-0.3550682680291902,-1.0,0.2330297065267568,1.0,-0.6545150541197047,-1.5506381311791506,-0.45366139427254615,0.09629195479210771,981,0
5.0,ANTIOQUIA,5030.0,5030.0,AMAGÁ,ANTIOQUIA,OCCIDENTE,-0.672811059907834,-0.7991071428571426,0.0,-0.44434197932536734,-0.01606788565427144,0.0,-0.7012178921316541,-1.374117647058824,-0.729465887115974,-0.7155773908957299,-1.2774428046010182,-1.0,0.2330297065267568,1.0,-0.2597873424644558,0.17176309336096843,-0.45699669839511636,0.0960477639918658,982,0
15.0,BOYACÁ,15764.0,15764.0,SORACÁ,BOYACÁ,NORORIENTE,-0.21658986175115189,-0.10267857142857129,0.0,-0.051521912847795615,-0.4963913880277571,0.0,-1.955072093757095,0.10352941176470597,-0.0,-1.193812458633404,-0.8221764537337514,-1.0,-0.45824231764671197,0.0,-0.8813210531675856,0.09906733157403876,-0.46162837434823356,0.0957086606849742,983,0
8.0,ATLÁNTICO,8296.0,8296.0,GALAPA,ATLÁNTICO,CARIBE,-0.336405529953917,-0.7589285714285711,0.0,1.1528050438835529,-0.28809105649877276,0.27536231884057843,-0.5356976287425849,-1.5082352941176476,-0.0399766904650517,-0.9127401622542801,-2.275032184911176,-2.0,1.132936695799988,0.0,-0.8298519659905765,1.0433905949671831,-0.46188940321719296,0.09568954972955454,984,0
73.0,TOLIMA,73443.0,73443.0,SAN SEBASTIÁN DE MARIQUITA,TOLIMA,CENTRO SUR,-1.1470046082949308,-0.6116071428571426,0.0,0.24521217964648478,0.004897697138547528,0.0,-1.0267468002405404,-2.7294117647058833,0.1794567355112193,-0.12546069734035054,-0.7938610871350663,-1.0,0.05660264741218082,0.0,-0.559473786282242,-0.26863130361854753,-0.4650126534467929,0.0954608842331278,985,0
25.0,CUNDINAMARCA,25178.0,25178.0,CHIPAQUE,CUNDINAMARCA,CENTRO SUR,-0.7497695852534563,-0.433035714285714,0.0,-0.5485317061097081,-0.42421047996617905,0.0,-0.7993663201911443,-0.2611764705882355,-0.8423028581296914,-0.2744067674888185,-1.3220840524770792,-1.0,-0.1617756769373358,0.0,0.012147312268970728,-0.3538843431283002,-0.46638675411929226,0.095360280890674,986,0
54.0,NORTE DE SANTANDER,54405.0,54405.0,LOS PATIOS,NORTE DE SANTANDER,NORORIENTE,-0.11751152073732705,-0.8660714285714283,0.0,0.8299339096358137,-0.12222030040740206,0.0,0.12255948169314028,-7.534117647058826,0.4226611781815951,-0.13765819639303165,-2.226368621337319,-2.0,0.0,1.0,0.3036612425565366,0.8404647771549032,-0.466488698308622,0.0953528171535581,987,0
17.0,CALDAS,17616.0,17616.0,RISARALDA,CALDAS,OCCIDENTE,-0.828110599078341,-0.06249999999999994,1.0,-0.8781987683791267,-0.3113537763986096,1.0869565217391313,-2.094785162366566,-0.21647058823529433,-0.5206856369030118,-0.9572674297104131,-1.0023096385037846,-1.0,-0.8930772834598875,0.0,-0.7602078084228038,-0.5123699023894616,-0.46679031396282866,0.0953307346791391,988,0
15.0,BOYACÁ,15224.0,15224.0,CUCAITA,BOYACÁ,NORORIENTE,-0.4700460829493087,-0.6651785714285713,0.0,-0.5171391552000164,-0.6216319658558044,0.0,-1.3093588734029373,0.2658823529411763,-0.0,-1.193812458633404,-0.11768990216037917,-1.0,-0.45824231764671197,0.0,-0.5371081424649454,-0.12404887643801982,-0.46697496133192545,0.09531721591528272,989,0
66.0,RISARALDA,66682.0,66682.0,SANTA ROSA DE CABAL,RISARALDA,OCCIDENTE,-0.8654377880184331,-0.8749999999999997,0.0,-0.036573488642634086,-0.2685106958796792,0.0,0.02310736612222513,-5.7976470588235305,-0.6272748873014136,0.18215312199731545,-1.0819099182977074,-2.0,-0.31495058158256434,1.0,0.9066915166234544,0.47390295009533484,-0.4685003606989007,0.09520553539727852,990,0
76.0,VALLE DEL CAUCA,76845.0,76845.0,ULLOA,VALLE DEL CAUCA,SUR-OCCIDENTE,-0.705069124423963,-0.7410714285714284,0.0,-0.4607424519098067,-0.2643964827504754,0.0,-1.4176603498132692,0.2847058823529411,-0.3266245789331387,-0.8704165846349448,-0.21026217080090415,-1.0,-0.3001020756710667,1.0,-0.8762276685504552,-0.284256420767085,-0.4713868615936595,0.09499420325559459,991,0
17.0,CALDAS,17653.0,17653.0,SALAMINA,CALDAS,OCCIDENTE,-0.5437788018433178,-0.5401785714285713,0.0,-0.9844406117603236,-0.12693333191233963,0.0,-0.21388030761631593,-0.5623529411764709,-0.5206856369030118,-0.42031132363437756,-0.029239886954766894,-1.0,-0.8930772834598875,0.0,-0.45558579508946234,-1.511613703523948,-0.4716407841554307,0.09497561258101747,992,0
19.0,CAUCA,19001.0,19001.0,POPAYÁN,CAUCA,SUR-OCCIDENTE,0.15898617511520752,-0.9999999999999997,0.0,0.0478722438100994,0.6769760094477302,6.98550724637682,-0.9394809477968147,-27.960000000000004,0.8309935282649857,-0.0,-1.2516299463651162,-2.0,0.2232853082162463,1.0,-0.8000245374803834,0.9694368378589217,-0.4728597268970897,0.09488636896406497,993,4
17.0,CALDAS,17380.0,17380.0,LA DORADA,CALDAS,OCCIDENTE,-0.17603686635944701,-0.6249999999999998,0.0,0.30449100353149006,-0.036256342730583084,0.0,0.6226504161468439,-6.129411764705884,-0.5206856369030118,-0.46062272540539767,-0.8540684632623856,-1.0,-0.8930772834598875,0.0,-0.19837099191922827,-0.10465499370514812,-0.47383458308317716,0.0948149958887911,994,0
25.0,CUNDINAMARCA,25491.0,25491.0,NOCAIMA,CUNDINAMARCA,CENTRO SUR,-0.5023041474654377,-0.6517857142857142,0.0,-0.6737173856070029,-0.3735078101477226,0.0,-1.09671298312686,-0.07294117647058837,-0.8423028581296914,-0.3803855301811946,-0.5275860563372179,-1.0,-0.1617756769373358,0.0,-0.7085075161718309,-0.3092625558571658,-0.47448184436124274,0.0947676073318116,995,0
17.0,CALDAS,17050.0,17050.0,ARANZAZU,CALDAS,OCCIDENTE,-0.37788018433179704,-0.3883928571428569,0.0,-0.779163681132991,-0.3906079999971534,0.0,-1.2244010677029302,-0.12235294117647076,-0.5206856369030118,-0.6064126179418836,-0.14798804103430363,-1.0,-0.8930772834598875,0.0,-0.5451309309877419,-0.8079902895109775,-0.47454296370608634,0.09476313254295303,996,0
17.0,CALDAS,17388.0,17388.0,LA MERCED,CALDAS,OCCIDENTE,-0.3410138248847926,-0.28124999999999983,0.0,0.05301101551635389,-0.28139813454220186,0.0,-0.5365728307057077,0.21411764705882352,-0.5206856369030118,-1.1254518575886783,-0.33882880099698953,-1.0,-0.8930772834598875,0.0,-0.6169748985083386,-1.1799053560736097,-0.4746378290422412,0.09475618707666282,997,0
66.0,RISARALDA,66400.0,66400.0,LA VIRGINIA,RISARALDA,OCCIDENTE,-0.36912442396313355,-0.9732142857142853,0.0,0.339368712310509,-0.049102864827927306,0.0,0.07376370764167195,-2.1035294117647063,-0.6272748873014136,-1.193812458633404,-2.2187975660324417,-1.0,-0.31495058158256434,1.0,0.3421144852965099,0.4750673304678663,-0.4767018106787079,0.0946050748215366,998,0
25.0,CUNDINAMARCA,25805.0,25805.0,TIBACUY,CUNDINAMARCA,CENTRO SUR,-0.8064516129032259,-0.5982142857142856,0.0,-0.9082587007323851,-0.19881527633017726,0.0,-0.6102934949553159,0.31764705882352945,-0.8423028581296914,-0.8995824592141236,-0.6940635302331111,0.0,-0.1617756769373358,0.0,-0.3477867559944267,-1.175492678361633,-0.4776008017386818,0.09453925613206243,999,0
25.0,CUNDINAMARCA,25718.0,25718.0,SASAIMA,CUNDINAMARCA,CENTRO SUR,-0.9216589861751152,-0.7991071428571426,0.0,-0.4030953203726597,-0.4805449209507793,0.0,-1.097925821295244,-0.3388235294117651,-0.8423028581296914,0.525760079089083,-0.8392773370818761,-1.0,-0.1617756769373358,0.0,-0.665538816749633,-0.2732138161604802,-0.47822587242642556,0.09449349223592626,1000,0
25.0,CUNDINAMARCA,25488.0,25488.0,NILO,CUNDINAMARCA,CENTRO SUR,-1.0599078341013826,-0.8348214285714282,0.0,-0.023288620456552375,-0.4963435830031812,0.0,0.29053851936497477,-0.05411764705882358,-0.8423028581296914,-0.5599871938784502,-0.7131400654116665,-1.0,-0.1617756769373358,0.0,-0.6178896100120267,-0.08836465134488766,-0.478719992279823,0.09445731576805935,1001,0
15.0,BOYACÁ,15407.0,15407.0,VILLA DE LEYVA,BOYACÁ,NORORIENTE,-1.0737327188940091,-1.1428571428571426,0.0,0.08310249871784818,-0.5302187164024638,0.0,0.1758510107279987,-3.230588235294119,-0.0,-0.35717220909544045,-1.0309451935684575,-1.0,-0.45824231764671197,0.0,-0.2775181262602739,1.033168835225656,-0.4801388317575922,0.09435343692080621,1002,0
15.0,BOYACÁ,15272.0,15272.0,FIRAVITOBA,BOYACÁ,NORORIENTE,-0.877880184331797,-0.8526785714285711,0.0,-0.6204835883103162,-0.6923217395907636,0.0,0.11770866120314821,0.14588235294117632,-0.0,-1.1840824584079879,0.03730084136252017,-1.0,-0.45824231764671197,0.0,-0.5934744992181106,-0.4302173255690402,-0.4809348583479953,0.09429515666719787,1003,0
17.0,CALDAS,17877.0,17877.0,VITERBO,CALDAS,OCCIDENTE,-0.6451612903225806,-0.6607142857142855,0.0,-0.5759075842612814,-0.2386360569607864,0.8260869565217411,-0.5461748600857436,-0.5576470588235298,-0.5206856369030118,-1.010925724467955,-0.6546206183534821,-1.0,-0.8930772834598875,0.0,-0.7713639929342979,-0.2559442874566622,-0.4818399975991337,0.09422888784434297,1004,0
41.0,HUILA,41551.0,41551.0,PITALITO,HUILA,CENTRO SUR,0.02811059907834099,-0.3169642857142854,0.0,0.4314477874303896,0.25857675256527496,0.8985507246376804,-1.4907406594725507,-12.98588235294118,0.46586943020641003,-0.06701910611564965,-0.9889874767748592,-1.0,-0.5539651466003332,0.0,-0.29448455918485944,0.6773340954322191,-0.48305284310001373,0.09414009063049207,1005,0
25.0,CUNDINAMARCA,25513.0,25513.0,PACHO,CUNDINAMARCA,CENTRO SUR,-0.6958525345622119,-0.5848214285714284,0.0,-0.5444955743116172,-0.4003544623766476,0.0,-0.48689297206396775,-1.9176470588235301,-0.8423028581296914,-0.17777149466222644,-0.7840905373806358,-1.0,-0.1617756769373358,0.0,-0.24484808255705076,-0.44425595784081073,-0.48351138118942893,0.09410651924423137,1006,0
17.0,CALDAS,17873.0,17873.0,VILLAMARÍA,CALDAS,OCCIDENTE,-0.9059907834101384,-1.0624999999999996,0.0,0.017015943875450305,-0.29350391461251174,0.0,0.1051830999098709,-2.9670588235294124,-0.5206856369030118,-0.18532507362086864,-1.1751377132882026,-2.0,-0.8930772834598875,0.0,0.562053929535174,1.0113909461002635,-0.4861297392503863,0.09391481889945674,1007,0
25.0,CUNDINAMARCA,25799.0,25799.0,TENJO,CUNDINAMARCA,CENTRO SUR,-1.4193548387096775,-1.3571428571428568,0.0,0.8943356379002233,-0.36885304698777066,0.08695652173913138,0.6208621936323985,-2.3788235294117657,-0.8423028581296914,-0.21314434022642656,-1.5720789729845062,-1.0,-0.1617756769373358,0.0,-0.4791667775086861,1.630159089418474,-0.48616936756989654,0.0939119175535231,1008,0
25.0,CUNDINAMARCA,25099.0,25099.0,BOJACÁ,CUNDINAMARCA,CENTRO SUR,-0.847926267281106,-1.0714285714285712,0.0,0.7719522244812821,-0.5521343619582948,0.0,-0.27835244743681853,-0.43764705882352944,-0.8423028581296914,-0.6799197039084631,-1.3948458947489641,-2.0,-0.1617756769373358,0.0,-0.2502714236592914,1.6387833088920356,-0.4883548782228271,0.09375190767866197,1009,0
25.0,CUNDINAMARCA,25486.0,25486.0,NEMOCÓN,CUNDINAMARCA,CENTRO SUR,-0.9447004608294931,-1.1874999999999996,0.0,0.4109968309651039,-0.3775872389781111,0.0,0.6874088070453972,-0.6588235294117649,-0.8423028581296914,-0.8939883370514331,-0.8236451108392904,-2.0,-0.1617756769373358,0.0,-0.7331324656219848,1.4937641407880176,-0.48836204419754276,0.09375138302932386,1010,0
17.0,CALDAS,17665.0,17665.0,SAN JOSÉ,CALDAS,OCCIDENTE,-0.5460829493087557,-0.04017857142857136,0.0,-0.5579866784496941,-0.3412380168716701,1.4637681159420295,-1.8544787305092332,0.20470588235294113,-0.5206856369030118,-1.193812458633404,-0.6360483171088589,-1.0,-0.8930772834598875,0.0,-0.8307920907246912,-1.2067310549688413,-0.4886152040828131,0.09373284819330846,1011,0
25.0,CUNDINAMARCA,25053.0,25053.0,ARBELÁEZ,CUNDINAMARCA,CENTRO SUR,-0.7142857142857144,-0.9285714285714283,0.0,-0.3666557689953202,-0.43233170554137085,0.0,-0.9628789956669938,-0.23294117647058832,-0.8423028581296914,-0.6750488165146863,-0.09682357361078889,-1.0,-0.1617756769373358,0.0,-0.22361651150431872,-0.5510175165867095,-0.4887755601419569,0.09372110789228436,1012,0
25.0,CUNDINAMARCA,25295.0,25295.0,GACHANCIPÁ,CUNDINAMARCA,CENTRO SUR,-1.0276497695852533,-1.3258928571428568,0.0,1.2314331727100067,-0.3646946865267413,0.0,0.9347120346116788,-1.1576470588235297,-0.8423028581296914,-0.5055706026467351,-1.568424465826959,-2.0,-0.1617756769373358,0.0,-0.3766325499246973,1.3818773744136224,-0.4924454033733648,0.09345242416135394,1013,0
25.0,CUNDINAMARCA,25745.0,25745.0,SIMIJACA,CUNDINAMARCA,CENTRO SUR,-0.7972350230414745,-0.8214285714285712,0.0,0.11379325337435342,-0.60934717688537,0.0,-0.41879991424204727,-0.5435294117647061,-0.8423028581296914,-1.1344848602990347,-0.6430174691349578,-1.0,-0.1617756769373358,0.0,-0.40155036949353906,0.4931657336969839,-0.49299529469350467,0.09341216444392594,1014,0
5.0,ANTIOQUIA,5809.0,5809.0,TITIRIBÍ,ANTIOQUIA,OCCIDENTE,-0.7188940092165899,-0.4687499999999998,0.0,-0.705200277488777,-0.4060790689047462,0.0,-0.29003720904645613,0.011764705882352788,-0.729465887115974,-1.1138383210205216,-0.7025755329523125,-1.0,0.2330297065267568,1.0,-0.32051119130868,-1.3209465292643177,-0.4980724683485216,0.09304044448909611,1015,0
15.0,BOYACÁ,15204.0,15204.0,CÓMBITA,BOYACÁ,NORORIENTE,-0.5940092165898616,-0.20982142857142835,0.0,-0.4049914263045012,-0.5170114370456669,0.0,-1.0695815291358106,-0.10352941176470597,-0.0,-0.9715270759118202,-1.2819687273176001,-1.0,-0.45824231764671197,0.0,-0.4697235082904572,-0.39198871322422096,-0.5004639230121322,0.09286535663905644,1016,0
5.0,ANTIOQUIA,5607.0,5607.0,RETIRO,ANTIOQUIA,OCCIDENTE,-1.5650691244239632,-1.2991071428571426,0.0,-0.4038900450247359,-0.510286763538982,0.0,0.004648138290582256,-2.4235294117647066,-0.729465887115974,-0.14724031911531194,-1.689963796611675,-1.0,0.2330297065267568,1.0,0.6281955636480302,0.7396615190858871,-0.5031065416213266,0.09267188008363635,1017,0
8.0,ATLÁNTICO,8685.0,8685.0,SANTO TOMÁS,ATLÁNTICO,CARIBE,-0.3594470046082948,-0.669642857142857,0.0,0.35549861035055574,-0.36114694795559105,0.0,-1.227415848387152,-0.4423529411764706,-0.0399766904650517,-1.0866760004799196,-1.565602007502742,-2.0,1.132936695799988,0.0,-0.5745438201544645,0.1398961878418309,-0.5068936413628433,0.09239461154005174,1018,0
5.0,ANTIOQUIA,5697.0,5697.0,EL SANTUARIO,ANTIOQUIA,OCCIDENTE,-0.8940092165898618,-0.8392857142857139,0.0,-0.33666420714309375,-0.16999019178201305,0.0,-0.9675916682757865,-2.035294117647059,-0.729465887115974,-0.6661250664972345,-2.282159321669121,-1.0,0.2330297065267568,1.0,-0.23285529779574193,1.164339883427083,-0.5246527780862358,0.09109439493349282,1019,0
25.0,CUNDINAMARCA,25743.0,25743.0,SILVANIA,CUNDINAMARCA,CENTRO SUR,-0.8543778801843318,-0.7723214285714282,1.0,-0.39126770536947836,-0.3361974852654052,0.0,-1.7060917749406568,-1.3694117647058828,-0.8423028581296914,-0.8807433545790846,-0.8626348757930343,-1.0,-0.1617756769373358,0.0,-0.693206467913154,0.4437448583067719,-0.5247342050866697,0.0910884333408864,1020,0
17.0,CALDAS,17524.0,17524.0,PALESTINA,CALDAS,OCCIDENTE,-0.8341013824884792,-0.47767857142857123,1.0,0.24836826957807992,-0.13437886971494373,0.0,-2.1674493075909504,-0.458823529411765,-0.5206856369030118,-1.080033658283216,-0.6752863080262602,-1.0,-0.8930772834598875,0.0,-0.7859546007410823,-0.22498474449234473,-0.5251272688020929,0.09105965559238494,1021,0
25.0,CUNDINAMARCA,25867.0,25867.0,VIANÍ,CUNDINAMARCA,CENTRO SUR,-0.6129032258064515,-0.4107142857142855,0.0,-0.7560177805647385,-0.39674810866533916,0.0,-1.2710313114414489,0.07764705882352915,-0.8423028581296914,0.20179833877028058,-0.9464610725663285,-1.0,-0.1617756769373358,0.0,-0.8735668568299817,-1.285009705028984,-0.5260457856257491,0.09099240734456056,1022,0
15.0,BOYACÁ,15322.0,15322.0,GUATEQUE,BOYACÁ,NORORIENTE,-0.705069124423963,-0.9553571428571426,0.0,-0.31922692583389717,-0.4207883405754053,0.0,0.9421583205147833,-0.9505882352941181,-0.0,-1.193812458633404,-1.0813385939313842,-1.0,-0.45824231764671197,0.0,-0.7450796737143671,-0.3274926610969457,-0.5274435083875962,0.0908900745355606,1023,0
54.0,NORTE DE SANTANDER,54874.0,54874.0,VILLA DEL ROSARIO,NORTE DE SANTANDER,NORORIENTE,0.24884792626728106,-0.7232142857142855,0.0,0.2762875559263086,0.5936905362237526,0.0,-0.31222497322926157,-8.665882352941178,0.4226611781815951,-0.9826255581186936,-2.221413374829265,-2.0,0.0,1.0,-0.3900914626753684,1.2389282797089483,-0.52754135688554,0.09088291066020253,1024,0
68.0,SANTANDER,68079.0,68079.0,BARICHARA,SANTANDER,NORORIENTE,-1.1156682027649767,-0.5491071428571427,0.0,-0.20172956018917007,-0.604776480913558,0.0,-1.2435290176365175,-0.6729411764705886,-0.1950546486891935,-0.02422541234791353,-0.947103042477326,-1.0,-0.6393305376447123,0.0,-0.770568967269878,-0.14422149498470538,-0.5297469035084182,0.09072143387277351,1025,0
25.0,CUNDINAMARCA,25245.0,25245.0,EL COLEGIO,CUNDINAMARCA,CENTRO SUR,-0.5714285714285714,-1.0044642857142854,0.0,-0.14612900925889627,-0.4048027383305015,0.0,-0.9024371205278063,-1.7882352941176478,-0.8423028581296914,-0.4895577278678688,-1.1782768415778566,-1.0,-0.1617756769373358,0.0,-0.4761955836113644,0.49939247304731843,-0.5307948189908677,0.0906447118375883,1026,0
15.0,BOYACÁ,15516.0,15516.0,PAIPA,BOYACÁ,NORORIENTE,-1.0350230414746544,-1.0982142857142854,0.0,0.22602853859374494,-0.4705912690432212,0.0,0.21596005497356152,-3.543529411764707,-0.0,-0.5759991943745961,-1.4457196550829665,-1.0,-0.45824231764671197,0.0,-0.0020015125992416728,0.5299482195439787,-0.5316236684893451,0.09058402848912134,1027,0
25.0,CUNDINAMARCA,25781.0,25781.0,SUTATAUSA,CUNDINAMARCA,CENTRO SUR,-0.9447004608294931,-0.870535714285714,0.0,0.19850268328906367,-0.4525761008388136,0.0,-0.3737916397690943,-0.004705882352941199,-0.8423028581296914,-0.8108007814774464,-1.139466087593202,-2.0,-0.1617756769373358,0.0,-0.5102336807157535,0.9402815717339603,-0.5343204053637144,0.09038658972156254,1028,0
25.0,CUNDINAMARCA,25769.0,25769.0,SUBACHOQUE,CUNDINAMARCA,CENTRO SUR,-1.4838709677419357,-1.258928571428571,0.0,-0.075936350136411,-0.5274419194233635,0.0,-1.1763114412224605,-0.9247058823529416,-0.8423028581296914,0.07682376146689669,-1.3520309883782629,-1.0,-0.1617756769373358,0.0,0.024946634570270805,0.9784486912934277,-0.5345255453127186,0.09037157061491798,1029,0
66.0,RISARALDA,66088.0,66088.0,BELÉN DE UMBRÍA,RISARALDA,OCCIDENTE,-0.7912442396313364,-0.23214285714285693,0.0,-0.2123152812070881,-0.3287726501587124,0.1449275362318843,-2.3819788199131655,-1.1670588235294121,-0.6272748873014136,-1.1006311167421956,-0.43593063702484264,-1.0,-0.31495058158256434,1.0,-0.47863553623234545,-0.47250713320891197,-0.5356754884351453,0.09028737873286505,1030,0
17.0,CALDAS,17272.0,17272.0,FILADELFIA,CALDAS,OCCIDENTE,-0.5534562211981566,-0.20535714285714257,0.0,-1.3819703912173626,-0.26083447786552194,0.0,-1.0157887176494995,0.14352941176470593,-0.5206856369030118,-0.9216525131187464,-0.33511320141153766,-1.0,-0.8930772834598875,0.0,-0.7648354293814232,-1.0756649886496767,-0.5360004625612725,0.09026358609237392,1031,0
15.0,BOYACÁ,15806.0,15806.0,TIBASOSA,BOYACÁ,NORORIENTE,-0.7447004608294931,-1.183035714285714,0.0,-0.13622384036487306,-0.5719172553253031,0.0,-0.45379301073582984,-0.8164705882352945,-0.0,-1.1528305780409907,-1.1974113113072802,-1.0,-0.45824231764671197,0.0,-0.20774970988425656,0.3952751649426978,-0.5398503023431086,0.08998172410240786,1032,0
68.0,SANTANDER,68432.0,68432.0,MÁLAGA,SANTANDER,NORORIENTE,-0.4525345622119816,-0.9598214285714282,0.0,0.09974721529640346,-0.5157307228222813,0.0,-0.6787771267310073,-1.5058823529411771,-0.1950546486891935,-0.633659699730602,-0.7734565823421512,-2.0,-0.6393305376447123,0.0,-0.5077632180932597,0.3851092855402585,-0.5411613837797107,0.0898857346473475,1033,0
76.0,VALLE DEL CAUCA,76130.0,76130.0,CANDELARIA,VALLE DEL CAUCA,SUR-OCCIDENTE,-1.3331797235023042,-1.1294642857142854,0.0,0.4928214871892093,0.05749175944833698,0.942028985507247,0.7764656956095842,-4.3388235294117665,-0.3266245789331387,-0.6799829181778784,-2.009939187580314,-2.0,-0.3001020756710667,1.0,-0.6624340709706894,1.2748613017571768,-0.5412081216529455,0.08988231278287954,1034,0
25.0,CUNDINAMARCA,25612.0,25612.0,RICAURTE,CUNDINAMARCA,CENTRO SUR,-1.0921658986175116,-1.040178571428571,0.0,-0.001027291418852924,-0.3361522250127535,0.0,0.12441499748139982,-0.36235294117647066,-0.8423028581296914,-0.8739825354861623,-1.051925034445818,-1.0,-0.1617756769373358,0.0,-0.6412488299202546,0.18594603102748963,-0.5416038317865449,0.08985334127964135,1035,0
25.0,CUNDINAMARCA,25001.0,25001.0,AGUA DE DIOS,CUNDINAMARCA,CENTRO SUR,-0.5603686635944701,-1.0223214285714284,0.0,-0.4799376083266855,-0.4776860018925885,0.0,0.3530726948133171,-0.16235294117647073,-0.8423028581296914,-0.3541920377310356,-1.1871535243281217,-1.0,-0.1617756769373358,0.0,-0.42236125094207877,-1.286593489433095,-0.544119583713439,0.0896691531355734,1036,0
68.0,SANTANDER,68572.0,68572.0,PUENTE NACIONAL,SANTANDER,NORORIENTE,-1.0774193548387097,-0.6428571428571427,0.0,-0.5600769545263993,-0.5274121853480331,0.0,-1.202074606038466,-0.5694117647058826,-0.1950546486891935,-0.391301579431779,-0.6231562206827785,-1.0,-0.6393305376447123,0.0,-0.6323884523975941,-0.3636056545825858,-0.5457597273375456,0.08954907173688717,1037,0
25.0,CUNDINAMARCA,25645.0,25645.0,SAN ANTONIO DEL TEQUENDAMA,CUNDINAMARCA,CENTRO SUR,-1.0737327188940091,-0.8482142857142854,0.0,-0.8288347186489481,-0.32223123017779604,0.0,-1.0100748456240138,-0.18588235294117675,-0.8423028581296914,-0.24369011000633553,-1.0727623823756804,-1.0,-0.1617756769373358,0.0,-0.07504462205429585,-0.576645319433889,-0.5464346241769344,0.08949965987121175,1038,0
15.0,BOYACÁ,15753.0,15753.0,SOATÁ,BOYACÁ,NORORIENTE,-0.5714285714285714,-1.0491071428571426,0.0,-0.40641985281049653,-0.6301755790524455,0.0,-0.46030961293705264,-0.5364705882352941,-0.0,-0.559230476966196,-0.9259668366140583,-1.0,-0.45824231764671197,0.0,-0.26137513379318367,-1.1458797651948214,-0.5487987806158101,0.08932657063212276,1039,0
76.0,VALLE DEL CAUCA,76364.0,76364.0,JAMUNDÍ,VALLE DEL CAUCA,SUR-OCCIDENTE,-1.1046082949308755,-1.1562499999999998,0.0,0.9024952113126091,1.15192584083757,0.2898550724637667,-0.2404255624014963,-9.94823529411765,-0.3266245789331387,0.07927572798008288,-1.2586475934976187,-2.0,-0.3001020756710667,1.0,-0.01975550847954378,0.7314122505758563,-0.5502226765300035,0.08922232158316945,1040,0
25.0,CUNDINAMARCA,25898.0,25898.0,ZIPACÓN,CUNDINAMARCA,CENTRO SUR,-0.8433179723502303,-0.9062499999999996,0.0,-0.40347682901963305,-0.5750028545105995,0.0,-1.229156247649817,0.15764705882352953,-0.8423028581296914,-0.6038566460061565,-1.3023767279720333,-1.0,-0.1617756769373358,0.0,-0.2034545796712896,0.05705429540054654,-0.55398054490081,0.08894719318379465,1041,0
25.0,CUNDINAMARCA,25019.0,25019.0,ALBÁN,CUNDINAMARCA,CENTRO SUR,-1.1751152073732718,-0.669642857142857,0.0,-0.2881684883665239,-0.5059742286393637,0.0,-0.5437777389762434,-0.025882352941176388,-0.8423028581296914,-0.9544147762131013,-1.0200393985518947,-1.0,-0.1617756769373358,0.0,-0.4535105970699004,0.029022695739457968,-0.5542937793000394,0.08892426005512025,1042,0
73.0,TOLIMA,73268.0,73268.0,ESPINAL,TOLIMA,CENTRO SUR,-0.7990783410138249,-0.9642857142857141,0.0,0.14010398231780158,-0.10859847953327265,0.0,0.23973607120781165,-6.0611764705882365,0.1794567355112193,-0.7554362144333207,-1.1428559242896268,-1.0,0.05660264741218082,0.0,-0.7960992939524232,0.553353627624363,-0.5565610170801579,0.08875826661418655,1043,0
63.0,QUINDÍO,63401.0,63401.0,LA TEBAIDA,QUINDIO,OCCIDENTE,-0.6152073732718893,-0.5982142857142856,0.0,0.2031246580973587,-0.09940583744663929,0.0,-1.4066315011314805,-1.8000000000000005,-0.3620819447846533,-0.25454588785857096,-0.9382867282279274,-2.0,-0.3588355909158289,0.0,-0.8188894999782711,-0.10904289982861629,-0.5595347578238757,0.08854054729827579,1044,0
25.0,CUNDINAMARCA,25035.0,25035.0,ANAPOIMA,CUNDINAMARCA,CENTRO SUR,-1.2691244239631336,-0.8124999999999996,0.0,-0.30403001527718454,-0.5029869513783689,0.0,-0.5923058707632562,-0.9129411764705885,-0.8423028581296914,-0.5886392474938442,-1.3839654373680768,-1.0,-0.1617756769373358,0.0,-0.3663023719124926,0.4416857054466452,-0.5679247599698642,0.08792628207304612,1045,0
25.0,CUNDINAMARCA,25797.0,25797.0,TENA,CUNDINAMARCA,CENTRO SUR,-0.705069124423963,-0.995535714285714,0.0,-0.557521934596317,-0.4951512017364393,0.0,-1.4954553652160019,-0.4682352941176474,-0.8423028581296914,-0.1371423987204842,-1.14362050836723,-1.0,-0.1617756769373358,0.0,-0.5232722334455816,-0.3389955656680897,-0.5770595392928167,0.08725748876636982,1046,0
68.0,SANTANDER,68081.0,68081.0,BARRANCABERMEJA,MAGDALENA MEDIO,NORORIENTE,-0.8092165898617512,-0.6428571428571427,0.0,1.5851709714728845,0.44207427567070007,0.942028985507247,0.7610028093280342,-16.141176470588242,-0.1950546486891935,0.07843130676422976,-1.1843447146979698,-2.0,-0.6393305376447123,0.0,0.9332806062751634,0.16259267242947562,-0.5785669797331962,0.08714712309237858,1047,4
63.0,QUINDÍO,63470.0,63470.0,MONTENEGRO,QUINDIO,OCCIDENTE,-0.5654377880184331,-0.669642857142857,0.0,-0.08007972711364561,-0.12427841745751186,0.0,-1.5699795190188837,-2.5882352941176476,-0.3620819447846533,-0.9094373758455334,-1.1976360143662586,-1.0,-0.3588355909158289,0.0,-0.8410494837853701,0.27339826856772553,-0.5871927909105551,0.0865155933557405,1048,0
25.0,CUNDINAMARCA,25151.0,25151.0,CÁQUEZA,CUNDINAMARCA,CENTRO SUR,-0.5852534562211982,-0.8526785714285711,0.0,-0.2693581240772407,-0.456587654959026,0.0,-0.9050755065630766,-1.1152941176470592,-0.8423028581296914,-1.0407835714724605,-0.8709185037662819,-1.0,-0.1617756769373358,0.0,-0.8326801736828919,-0.017369561763812883,-0.5883718367985536,0.08642927074516837,1049,0
25.0,CUNDINAMARCA,25312.0,25312.0,GRANADA,CUNDINAMARCA,CENTRO SUR,-1.1474654377880185,-0.933035714285714,0.0,-0.21840038754866967,-0.38340611525434387,0.0,-1.047506544902561,-0.21882352941176472,-0.8423028581296914,-0.793667985227658,-1.5068146681953998,-1.0,-0.1617756769373358,0.0,-0.5479878300877299,0.5941119552726877,-0.5892578178918692,0.08636440456678544,1050,0
25.0,CUNDINAMARCA,25200.0,25200.0,COGUA,CUNDINAMARCA,CENTRO SUR,-1.3179723502304146,-1.258928571428571,0.0,-0.15465351985138712,-0.4568398965425857,0.0,0.20128393804465025,-1.529411764705883,-0.8423028581296914,-0.7950087172075556,-1.1927031633266032,-2.0,-0.1617756769373358,0.0,0.0772953938325631,0.8708375387997446,-0.5979037638564314,0.08573140068277754,1051,0
15.0,BOYACÁ,15491.0,15491.0,NOBSA,BOYACÁ,NORORIENTE,-1.2027649769585254,-1.3526785714285712,0.0,-0.07134427357776714,-0.6605229635546213,0.0,0.027931284830839637,-1.4235294117647064,-0.0,-0.5119822013525921,-1.8997382431442944,-1.0,-0.45824231764671197,0.0,-0.36464428516361264,0.5642401459124434,-0.598154564824933,0.08571303855238427,1052,0
63.0,QUINDÍO,63130.0,63130.0,CALARCÁ,QUINDIO,OCCIDENTE,-0.8470046082949308,-0.933035714285714,0.0,-0.19209702394098846,-0.017936293311772412,1.0,-1.5730974523555943,-4.6258823529411774,-0.3620819447846533,-0.4231524674948061,-0.8892482005774429,-2.0,-0.3588355909158289,0.0,-0.32904019631490966,-0.04465900893492917,-0.6021325624762449,0.08542179361814853,1053,0
76.0,VALLE DEL CAUCA,76111.0,76111.0,GUADALAJARA DE BUGA,VALLE DEL CAUCA,SUR-OCCIDENTE,-1.4686635944700461,-1.2723214285714282,0.0,0.15310814547016507,0.14362883771248086,0.0,0.41183792860064034,-9.647058823529413,-0.3266245789331387,0.5073943238618337,-1.2008251755735209,-2.0,-0.3001020756710667,1.0,0.5316296196933021,0.5074286362467155,-0.6078803359164192,0.08500097640197105,1054,0
8.0,ATLÁNTICO,8573.0,8573.0,PUERTO COLOMBIA,ATLÁNTICO,CARIBE,-1.4442396313364054,-1.1785714285714284,0.0,0.07467078208746789,-0.1289916468067258,0.0,0.11683262787256939,-2.468235294117648,-0.0399766904650517,-1.1731304051407387,-2.1270411728277465,-2.0,1.132936695799988,0.0,-0.36970668541462326,1.1551460248217393,-0.6116338574173618,0.08472616625412344,1055,0
63.0,QUINDÍO,63594.0,63594.0,QUIMBAYA,QUINDIO,OCCIDENTE,-0.7921658986175115,-0.8392857142857139,0.0,-0.37529003637586644,-0.13042101460132885,0.0,-1.8033319634696692,-2.032941176470589,-0.3620819447846533,-0.7384828617893053,-0.9452804229499906,-1.0,-0.3588355909158289,0.0,-0.8739833560172997,0.03687089926666114,-0.6143291919655446,0.08452883015640857,1056,0
25.0,CUNDINAMARCA,25377.0,25377.0,LA CALERA,CUNDINAMARCA,CENTRO SUR,-1.5650691244239632,-1.383928571428571,0.0,-0.24617445889070755,-0.41712390926855814,0.0,-0.19930298911089797,-2.3105882352941185,-0.8423028581296914,-0.2915730447710443,-0.8096743856955698,-2.0,-0.1617756769373358,0.0,-0.14955028116520144,0.9422953390087575,-0.615206321578152,0.08446461202992077,1057,0
25.0,CUNDINAMARCA,25785.0,25785.0,TABIO,CUNDINAMARCA,CENTRO SUR,-1.5650691244239632,-1.391071428571428,0.0,1.002304938796815,-0.5160535523244585,0.0,-0.31566006434846816,-2.002352941176471,-0.8423028581296914,-0.1818327189875397,-1.3647737643019424,-2.0,-0.1617756769373358,0.0,-0.5374194574803816,1.3399918187430075,-0.6203346551241902,0.08408914645721931,1058,0
25.0,CUNDINAMARCA,25040.0,25040.0,ANOLAIMA,CUNDINAMARCA,CENTRO SUR,-0.9764976958525345,-0.808035714285714,0.0,-0.5682962914844446,-0.481899205361542,0.0,-1.2193274364772535,-0.6047058823529413,-0.8423028581296914,-0.8485293205731047,-0.9584576058746649,-1.0,-0.1617756769373358,0.0,-0.4250394452415391,-0.949850032273625,-0.6513017890363586,0.08182192016141071,1059,0
5.0,ANTIOQUIA,5129.0,5129.0,CALDAS,ANTIOQUIA,OCCIDENTE,-1.2152073732718893,-1.1071428571428568,0.0,-0.4345475390562395,-0.2601163859551023,0.0,0.19046654852679676,-4.835294117647059,-0.729465887115974,-0.46380171224223793,-2.0443850742255605,-2.0,0.2330297065267568,1.0,0.3358593699863606,0.4246727932592112,-0.6513900625717443,0.08181545730691413,1060,0
5.0,ANTIOQUIA,5308.0,5308.0,GIRARDOTA,ANTIOQUIA,OCCIDENTE,-1.4410138248847926,-1.2008928571428568,0.0,-0.24775640280661648,-0.3933026979192994,0.0,-0.031331843237214586,-2.8988235294117657,-0.729465887115974,0.4570555150294334,-2.427780558870562,-2.0,0.2330297065267568,1.0,-0.34209814737903305,0.31293591287095424,-0.6521241267436315,0.08176171356692082,1061,0
68.0,SANTANDER,68755.0,68755.0,SOCORRO,SANTANDER,NORORIENTE,-0.8294930875576038,-1.1473214285714282,0.0,0.1720843366188454,-0.47930198141804864,0.0,-1.3878799977105503,-2.9505882352941186,-0.1950546486891935,-0.5930978875494864,-1.7099242303184794,-1.0,-0.6393305376447123,0.0,-0.4907904289183587,0.441734445331377,-0.6596595541728135,0.08121001513509128,1062,0
25.0,CUNDINAMARCA,25817.0,25817.0,TOCANCIPÁ,CUNDINAMARCA,CENTRO SUR,-1.4700460829493087,-1.3705357142857137,0.0,1.533535324387085,-0.37751208761457516,0.0,0.6184933647160307,-4.828235294117649,-0.8423028581296914,-0.9450016125128092,-2.2270059564870586,-2.0,-0.1617756769373358,0.0,-0.2644770310303194,2.0279478574948233,-0.6823335408974023,0.07954996293011138,1063,0
25.0,CUNDINAMARCA,25123.0,25123.0,CACHIPAY,CUNDINAMARCA,CENTRO SUR,-0.5576036866359446,-0.9017857142857139,0.0,-0.3117571189640424,-0.42298432839824124,0.0,-2.0294016615171984,-0.5882352941176474,-0.8423028581296914,-0.9940596769092785,-2.0485220664770964,-1.0,-0.1617756769373358,0.0,-0.6221645179323241,0.07046186401144053,-0.6889632606515084,0.07906457493770035,1064,0
25.0,CUNDINAMARCA,25758.0,25758.0,SOPÓ,CUNDINAMARCA,CENTRO SUR,-1.3963133640552994,-1.391071428571428,0.0,0.5412652033011981,-0.5122096790705029,0.0,0.13243655359170942,-2.6705882352941184,-0.8423028581296914,-0.9590433989183215,-2.3611738986950526,-2.0,-0.1617756769373358,0.0,-0.12765930799644087,1.8684064224285346,-0.6890212031081933,0.07906033274138305,1065,0
63.0,QUINDÍO,63272.0,63272.0,FILANDIA,QUINDIO,OCCIDENTE,-1.3502304147465436,-1.0133928571428568,0.0,-0.7251289070467383,-0.16654073500653013,0.0,-1.9891250498970936,-1.2047058823529415,-0.3620819447846533,-1.1250634138682023,-1.0229372342474907,-1.0,-0.3588355909158289,0.0,-0.08685867847340947,-0.4797772538605804,-0.6948715694506087,0.07863200429325289,1066,0
68.0,SANTANDER,68077.0,68077.0,BARBOSA,SANTANDER,NORORIENTE,-0.9419354838709676,-0.8571428571428568,0.0,0.4554970092212774,-0.20918415602074858,0.0,-1.7488400950323755,-4.157647058823531,-0.1950546486891935,-0.893030739458691,-1.6938256066710269,-1.0,-0.6393305376447123,0.0,-0.8684790816037544,0.7199126587791258,-0.6966236691633984,0.07850372614671915,1067,0
25.0,CUNDINAMARCA,25875.0,25875.0,VILLETA,CUNDINAMARCA,CENTRO SUR,-1.1235023041474654,-0.9866071428571425,0.0,0.05295870816861418,-0.2762856080521552,0.0,-0.8382436873579161,-3.5647058823529423,-0.8423028581296914,-0.34517242422301747,-1.68709297910312,-1.0,-0.1617756769373358,0.0,-0.7934918894481394,-0.12477015336577219,-0.7010348500935693,0.07818076615213847,1068,0
25.0,CUNDINAMARCA,25843.0,25843.0,VILLA DE SAN DIEGO DE UBATÉ,CUNDINAMARCA,CENTRO SUR,-1.087557603686636,-1.1874999999999996,0.0,0.6991727421887647,-0.4581303941801688,0.0,-0.32018347042766526,-5.6258823529411774,-0.8423028581296914,-0.6604143051328839,-2.5047894200771053,-1.0,-0.1617756769373358,0.0,0.10631417193807786,0.8435818467999863,-0.7043825806655218,0.07793566556241192,1069,0
5.0,ANTIOQUIA,5440.0,5440.0,MARINILLA,ANTIOQUIA,OCCIDENTE,-1.235483870967742,-1.1339285714285712,0.0,0.003787941745507513,-0.2409812598744774,0.0,-1.9472586891448551,-4.127058823529413,-0.729465887115974,-0.30752049037192747,-2.458046154222927,-1.0,0.2330297065267568,1.0,-0.7797483343916882,1.2216333489302498,-0.7054839151414637,0.07785503251153231,1070,0
25.0,CUNDINAMARCA,25740.0,25740.0,SIBATÉ,CUNDINAMARCA,CENTRO SUR,-1.3391705069124424,-1.2187499999999998,0.0,0.16942108625186644,-0.38522904650800055,0.0,-1.0478863029515093,-1.832941176470589,-0.8423028581296914,-0.6892371982652229,-1.8807862511553701,-2.0,-0.1617756769373358,0.0,-0.2781297387905995,1.0297847186473257,-0.7059115225323189,0.07782372568399124,1071,0
85.0,CASANARE,85001.0,85001.0,YOPAL,CASANARE,ORINOQUÍA,-1.0599078341013826,-0.7991071428571426,0.0,0.969671926243553,0.7096148721926886,0.0,0.4852165025590078,-22.317647058823535,-0.53413056979359,0.46697274762886154,-0.761724287862232,-2.0,0.7156100787598901,0.0,0.8002976796814266,1.0810410710463445,-0.7118359674469459,0.07738997365073531,1072,4
15.0,BOYACÁ,15176.0,15176.0,CHIQUINQUIRÁ,BOYACÁ,NORORIENTE,-0.9142857142857143,-1.0491071428571426,0.0,0.08770822271116342,-0.3569437891439934,0.0,-0.5145878640610003,-5.360000000000001,-0.0,-0.9441146906844381,-2.1723558770860123,-1.0,-0.45824231764671197,0.0,-0.6563438885853844,0.7086981671758519,-0.7165310688809526,0.07704622671364837,1073,0
5.0,ANTIOQUIA,5376.0,5376.0,LA CEJA,ANTIOQUIA,OCCIDENTE,-1.0368663594470047,-1.308035714285714,0.0,-0.09748037376353591,-0.2524143922990951,0.0,-0.3833804617082226,-5.388235294117649,-0.729465887115974,-1.0294542619095572,-2.358392670423234,-1.0,0.2330297065267568,1.0,-0.3580625056705994,0.8411674835365076,-0.7173206025317916,0.076988421833814,1074,0
5.0,ANTIOQUIA,5318.0,5318.0,GUARNE,ANTIOQUIA,OCCIDENTE,-1.5396313364055298,-1.0624999999999996,0.0,-0.2922216342379862,-0.3854957066446144,0.0,-0.6646846928441699,-3.058823529411766,-0.729465887115974,-0.767113486278611,-2.5769743105992173,-1.0,0.2330297065267568,1.0,-0.4592006652686998,0.50394572750612,-0.7261276467902997,0.07634362330683783,1075,0
63.0,QUINDÍO,63190.0,63190.0,CIRCASIA,QUINDIO,OCCIDENTE,-1.036405529953917,-1.0491071428571426,0.0,0.13381546173089895,-0.2506352239296032,0.0,-2.053704977979033,-1.4329411764705886,-0.3620819447846533,-0.9934806571251033,-1.4396689328963201,-2.0,-0.3588355909158289,0.0,-0.36415358263928177,0.09059420518111976,-0.7294410548328588,0.07610103560517516,1076,0
25.0,CUNDINAMARCA,25386.0,25386.0,LA MESA,CUNDINAMARCA,CENTRO SUR,-1.3861751152073734,-1.0044642857142854,0.0,-0.11509917747036619,-0.3745585196075057,0.0,-1.5096732187018416,-2.9788235294117658,-0.8423028581296914,-0.818231014798535,-2.0282600270949653,-1.0,-0.1617756769373358,0.0,-0.48547886365499365,0.624734085563793,-0.7472315542560303,0.07479852281137953,1077,0
5.0,ANTIOQUIA,5212.0,5212.0,COPACABANA,ANTIOQUIA,OCCIDENTE,-0.9170506912442397,-1.3035714285714282,0.0,-0.27375780114479153,-0.1888817981302468,0.0,0.07174666892279989,-4.654117647058825,-0.729465887115974,-0.5601277663981609,-3.198822910592035,-2.0,0.2330297065267568,1.0,-0.23197921816896952,0.6721221692895464,-0.7540749865229042,0.07429748808104095,1078,0
68.0,SANTANDER,68307.0,68307.0,GIRÓN,SANTANDER,NORORIENTE,-0.5728110599078341,-1.0848214285714282,0.0,0.34945264793215497,-0.24089353711358383,0.0,-0.2540007870348252,-12.310588235294121,-0.1950546486891935,-0.008120312176851302,-1.3259190005557835,-2.0,-0.6393305376447123,0.0,-0.17146206516832738,0.8127141074650569,-0.7543686895464872,0.07427598492159085,1079,0
76.0,VALLE DEL CAUCA,76147.0,76147.0,CARTAGO,VALLE DEL CAUCA,SUR-OCCIDENTE,-0.8746543778801842,-1.0803571428571426,0.0,-0.0780025587444916,0.1661336346992956,0.0,0.15881368095173834,-12.021176470588237,-0.3266245789331387,-0.413083690812168,-1.595528220953631,-2.0,-0.3001020756710667,1.0,-0.037486810192054174,0.5764897022681535,-0.7593664385039595,0.07391007996285721,1080,0
17.0,CALDAS,17174.0,17174.0,CHINCHINÁ,CALDAS,OCCIDENTE,-0.603225806451613,-0.8482142857142854,0.0,-0.17198503362180728,-0.2886719482215933,0.0,-2.248532961072067,-3.543529411764707,-0.5206856369030118,-1.193812458633404,-1.6088079087260412,-1.0,-0.8930772834598875,0.0,-0.7848172321430211,0.360509913588796,-0.7594485466010644,0.07390406850447094,1081,0
68.0,SANTANDER,68547.0,68547.0,PIEDECUESTA,SANTANDER,NORORIENTE,-0.5986175115207373,-1.0982142857142854,0.0,0.13935603775744163,-0.3503335366157161,0.0,-0.17674453993124123,-12.762352941176474,-0.1950546486891935,-0.009027158835785844,-1.7202174660788674,-2.0,-0.6393305376447123,0.0,0.22200225934094536,0.949372826375632,-0.7723171374079472,0.07296190809821193,1082,0
5.0,ANTIOQUIA,5380.0,5380.0,LA ESTRELLA,ANTIOQUIA,OCCIDENTE,-1.5650691244239632,-1.391071428571428,0.0,-0.16763204223144446,-0.3545473742999716,0.0,0.15589842633105497,-4.755294117647059,-0.729465887115974,-0.4734659939931091,-3.518459037072874,-2.0,0.2330297065267568,1.0,0.3980923339054116,0.9662169763409768,-0.7819481280357247,0.0722567852002416,1083,0
76.0,VALLE DEL CAUCA,76892.0,76892.0,YUMBO,VALLE DEL CAUCA,SUR-OCCIDENTE,-0.7594470046082947,-1.1249999999999996,0.0,0.13900559587397193,0.0915262815047019,0.0,0.129962161366865,-8.62588235294118,-0.3266245789331387,-0.7095041960323275,-2.365360620418845,-2.0,-0.3001020756710667,1.0,-0.34187779736810747,0.26058388586134856,-0.7845156945918882,0.07206880350232654,1084,0
23.0,CÓRDOBA,23001.0,23001.0,MONTERÍA,CÓRDOBA,CARIBE,-0.24377880184331796,-0.6116071428571426,0.0,0.6492607903239658,0.12797600431539075,0.0,0.4463203765996423,-23.09176470588236,0.8291999008918115,-0.07053279807670254,-1.5723027955156692,-2.0,1.6918922599612225,0.0,-0.3525431145635961,0.641204957304412,-0.7902595877412236,0.07164827037758131,1085,4
25.0,CUNDINAMARCA,25175.0,25175.0,CHÍA,CUNDINAMARCA,CENTRO SUR,-1.5650691244239632,-1.391071428571428,0.0,0.564384864801903,-0.30819567013815846,3.5507246376811645,0.5627673386053634,-17.2164705882353,-0.8423028581296914,-0.8503607052319968,-2.4633666931297054,-2.0,-0.1617756769373358,0.0,-0.2570610760792785,1.8184162347093367,-0.8213436674695739,0.06937248201624917,1086,4
5.0,ANTIOQUIA,5631.0,5631.0,SABANETA,ANTIOQUIA,OCCIDENTE,-1.5650691244239632,-1.391071428571428,0.0,0.5563928284810299,-0.5147244650786371,0.0,0.07437870900797292,-9.10588235294118,-0.729465887115974,0.11872500175181401,-3.518459037072874,-2.0,0.2330297065267568,1.0,-0.5093460656717426,2.3587906633232087,-0.8259340338933816,0.0690364031433069,1087,0
15.0,BOYACÁ,15238.0,15238.0,DUITAMA,BOYACÁ,NORORIENTE,-0.7529953917050691,-1.3526785714285712,0.0,0.1230477272644922,-0.34758968561587067,0.0,0.44486942403206736,-17.197647058823534,-0.0,-0.16001943766519527,-1.0391800965513303,-2.0,-0.45824231764671197,0.0,0.5318612697047878,0.6708220868056308,-0.8452200842274257,0.06762439515497799,1088,4
25.0,CUNDINAMARCA,25307.0,25307.0,GIRARDOT,CUNDINAMARCA,CENTRO SUR,-1.443778801843318,-1.2232142857142854,0.0,0.4638694809708358,-0.2941671545129926,0.0,0.004911298989035223,-9.400000000000004,-0.8423028581296914,-0.20300779476176362,-1.612966248356679,-2.0,-0.1617756769373358,0.0,-0.5876867330978005,0.40226121885456156,-0.8658285043102887,0.06611557124962532,1089,0
8.0,ATLÁNTICO,8758.0,8758.0,SOLEDAD,ATLÁNTICO,CARIBE,-0.736405529953917,-0.9910714285714282,0.0,0.7944975954521858,-0.16961820514669768,0.0,0.6537973809883874,-15.301176470588238,-0.0399766904650517,-0.8263262870625414,-3.0531176501474597,-2.0,1.132936695799988,0.0,-0.12039679763634123,1.0867602918908803,-0.8672846589060387,0.06600896041506728,1090,4
25.0,CUNDINAMARCA,25430.0,25430.0,MADRID,CUNDINAMARCA,CENTRO SUR,-1.3682027649769584,-1.3571428571428568,0.0,1.1318626990330882,-0.3328853675425623,0.0,-0.1057094557535659,-9.06588235294118,-0.8423028581296914,-0.6475102887151349,-2.7071301873966895,-2.0,-0.1617756769373358,0.0,-0.4638364434152237,1.749308524035717,-0.8742328682344439,0.06550025454183976,1091,0
25.0,CUNDINAMARCA,25286.0,25286.0,FUNZA,CUNDINAMARCA,CENTRO SUR,-1.5650691244239632,-1.391071428571428,0.0,1.0057880550623386,-0.35794096277531406,0.0,0.49883743111507656,-9.004705882352944,-0.8423028581296914,-0.6175700655567284,-3.518459037072874,-2.0,-0.1617756769373358,0.0,-0.36358321511100106,2.1247373855033627,-0.8974312354578439,0.06380181036751308,1092,0
25.0,CUNDINAMARCA,25269.0,25269.0,FACATATIVÁ,CUNDINAMARCA,CENTRO SUR,-1.3092165898617512,-1.3526785714285712,0.0,0.6854344522539596,-0.34165195479077787,0.0,-0.12980515057861855,-11.717647058823532,-0.8423028581296914,-0.4288260792042557,-2.0849605530013884,-2.0,-0.1617756769373358,0.0,-0.6175153445768025,1.1928814918397799,-0.9392803368454631,0.0607378722132402,1093,0
25.0,CUNDINAMARCA,25473.0,25473.0,MOSQUERA,CUNDINAMARCA,CENTRO SUR,-1.5599078341013823,-1.391071428571428,0.0,0.8880359585516673,-0.35618016449650475,0.0,-0.18016777941968842,-12.037647058823532,-0.8423028581296914,-0.3013785180597208,-3.518459037072874,-2.0,-0.1617756769373358,0.0,0.3944860328932658,1.9754515000352024,-0.9429509564664662,0.06046913163975823,1094,0
68.0,SANTANDER,68679.0,68679.0,SAN GIL,SANTANDER,NORORIENTE,-1.552073732718894,-1.2098214285714282,0.0,1.011052829357701,-0.43623256312261294,0.0,-1.0943615585862907,-6.905882352941178,-0.1950546486891935,-0.6780146453110394,-2.0066032198229147,-2.0,-0.6393305376447123,0.0,-0.6953790107292093,-0.04539513664845599,-0.9433117231412196,0.0604427184852838,1095,0
25.0,CUNDINAMARCA,25126.0,25126.0,CAJICÁ,CUNDINAMARCA,CENTRO SUR,-1.5650691244239632,-1.391071428571428,0.0,1.0325817546039342,-0.4105194589472349,0.0,0.31888487562247264,-10.282352941176475,-0.8423028581296914,-0.5381909367691763,-3.0362477948285442,-2.0,-0.1617756769373358,0.0,-0.41919748620187547,1.5155970599004869,-0.9456696167132947,0.06027008777543221,1096,0
76.0,VALLE DEL CAUCA,76520.0,76520.0,PALMIRA,VALLE DEL CAUCA,SUR-OCCIDENTE,-1.2483870967741935,-1.308035714285714,0.0,0.1993525982901735,0.1070654566678372,0.0,0.6030072431074378,-19.032941176470594,-0.3266245789331387,-0.27253605094318817,-1.9775010231049164,-2.0,-0.3001020756710667,1.0,0.09615095143415132,0.8213819239045768,-0.9788488806205844,0.057840902697486686,1097,4
25.0,CUNDINAMARCA,25899.0,25899.0,ZIPAQUIRÁ,CUNDINAMARCA,CENTRO SUR,-1.5650691244239632,-1.3616071428571426,0.0,0.43259783248089534,-0.3794399839573417,0.0,-0.11495456375784167,-15.18588235294118,-0.8423028581296914,-0.3454535480383768,-2.2240464146675,-2.0,-0.1617756769373358,0.0,0.254469232617433,1.548728121486973,-0.985053834623138,0.057386613484969526,1098,4
15.0,BOYACÁ,15759.0,15759.0,SOGAMOSO,BOYACÁ,NORORIENTE,-1.2110599078341016,-1.3571428571428568,0.0,0.05766413386610147,-0.4655437348027196,0.0,-0.7220412569173172,-16.57176470588236,-0.0,-0.6146136740589178,-2.258731465335082,-2.0,-0.45824231764671197,0.0,0.362863357991975,0.7435732132301119,-1.0713027352487727,0.05107199050314482,1099,4
66.0,RISARALDA,66170.0,66170.0,DOSQUEBRADAS,RISARALDA,OCCIDENTE,-0.657142857142857,-1.2098214285714282,0.0,0.16290282855548804,-0.04793832487296384,0.0,-1.4508962064348063,-14.70352941176471,-0.6272748873014136,-1.193812458633404,-3.304230933381857,-2.0,-0.31495058158256434,1.0,-0.20684914692293685,0.6090193604379543,-1.1300699180119842,0.04676941272926219,1100,4
5.0,ANTIOQUIA,5088.0,5088.0,BELLO,ANTIOQUIA,OCCIDENTE,-0.9285714285714285,-1.1874999999999996,0.0,0.4811587435389815,-0.1308360543308179,0.0,-0.09952143799284931,-22.952941176470592,-0.729465887115974,-0.11202424447257255,-3.518459037072874,-2.0,0.2330297065267568,1.0,0.186283710903234,1.3332390923687394,-1.1467819552056582,0.04554585841876333,1101,4
5.0,ANTIOQUIA,5615.0,5615.0,RIONEGRO,ANTIOQUIA,OCCIDENTE,-1.5650691244239632,-1.391071428571428,0.0,0.18027041913157338,-0.21612692685072413,0.0,-1.0131913469031877,-15.044705882352947,-0.729465887115974,-0.5900942080075494,-3.4406190943144668,-2.0,0.2330297065267568,1.0,-0.711708617997219,1.4495893982851433,-1.156803204353136,0.04481216315176016,1102,4
68.0,SANTANDER,68276.0,68276.0,FLORIDABLANCA,SANTANDER,NORORIENTE,-0.6594470046082949,-1.3303571428571423,0.0,0.09608964857488306,-0.32144489680337224,0.0,-0.3632908553369371,-22.894117647058827,-0.1950546486891935,-0.4662307653689628,-3.3044763555855736,-2.0,-0.6393305376447123,0.0,0.9090744984082774,1.2615685580397997,-1.1750535970730942,0.043475979751614637,1103,4
25.0,CUNDINAMARCA,25290.0,25290.0,FUSAGASUGÁ,CUNDINAMARCA,CENTRO SUR,-1.2004608294930874,-1.276785714285714,0.0,0.19019561489795958,-0.183699531171355,0.0,-0.966719892413558,-16.312941176470595,-0.8423028581296914,-0.7835721801529473,-2.231662567672454,-2.0,-0.1617756769373358,0.0,-0.7129771136851152,0.5683170208715864,-1.177911361183621,0.043266751543509195,1104,4
41.0,HUILA,41001.0,41001.0,NEIVA,HUILA,CENTRO SUR,-0.2843317972350231,-1.0357142857142854,0.0,0.6897714413275429,0.8601864508037652,0.6376811594202902,0.01354221802937977,-34.92705882352942,0.46586943020641003,0.1491397699999394,-1.5561603730865745,-2.0,-0.5539651466003332,0.0,-0.22970325680611983,0.5040013981784619,-1.1878577385512012,0.042538537935502274,1105,4
5.0,ANTIOQUIA,5266.0,5266.0,ENVIGADO,ANTIOQUIA,OCCIDENTE,-1.5650691244239632,-1.391071428571428,0.0,-0.1292613538079675,-0.435842737076205,0.0,0.4677418177667439,-21.023529411764713,-0.729465887115974,-0.19345323333819825,-3.518459037072874,-2.0,0.2330297065267568,1.0,-0.25294241420839475,1.5259847112646978,-1.2129715424492817,0.04069985706994323,1106,4
52.0,NARIÑO,52001.0,52001.0,PASTO,NARIÑO,SUR-OCCIDENTE,-0.24700460829493084,-1.0937499999999998,0.0,0.1313139420568083,0.0443958936897008,0.8695652173913039,-0.18775093472495083,-39.0710588235293,0.9059388934666076,0.2197039478003176,-1.8341383882279483,-2.0,0.9204622727109818,0.0,0.928769081051467,0.1874454637510374,-1.2302143747124135,0.03943744115402188,1107,4
15.0,BOYACÁ,15001.0,15001.0,TUNJA,BOYACÁ,NORORIENTE,-0.37972350230414753,-1.3124999999999998,0.0,0.32977903986921336,-0.31667883804905417,0.0,-0.9300578911619886,-21.790588235294123,-0.0,-1.1686019069698548,-2.6541241942068083,-2.0,-0.45824231764671197,0.0,-0.7124875882441761,1.1677291375578316,-1.253410202010962,0.037739182937634626,1108,4
5.0,ANTIOQUIA,5360.0,5360.0,ITAGÜÍ,ANTIOQUIA,OCCIDENTE,-1.0907834101382488,-1.3348214285714284,0.0,-0.19129074493934636,-0.2421894461204697,0.0,0.5713395494794135,-23.289411764705886,-0.729465887115974,-0.519035759291413,-3.518459037072874,-2.0,0.2330297065267568,1.0,-0.4348091432259534,1.3385395268165132,-1.261603079116022,0.037139350015944025,1109,4
54.0,NORTE DE SANTANDER,54001.0,54001.0,SAN JOSÉ DE CÚCUTA,NORTE DE SANTANDER,NORORIENTE,-0.17373271889400904,-0.6741071428571427,0.0,0.46657120289504533,0.5905765266473885,0.0,0.37720500657548,-39.0710588235293,0.4226611781815951,-0.1596541543338026,-2.056834467152921,-2.0,0.0,1.0,-0.3365699987715957,0.905708299482558,-1.3061437900661832,0.03387834848488098,1110,4
50.0,META,50001.0,50001.0,VILLAVICENCIO,META,ORINOQUÍA,-0.6525345622119816,-1.1116071428571426,0.0,0.3069460158075009,0.4583075679109052,0.04347826086956471,0.6718191104821604,-39.0710588235293,-0.0637804626737325,-0.06453437498717765,-1.4645871050445465,-2.0,-0.48827908621675425,1.0,0.03394218834963351,0.9881274994521885,-1.3574549523468886,0.03012165544634296,1111,4
25.0,CUNDINAMARCA,25754.0,25754.0,SOACHA,CUNDINAMARCA,CENTRO SUR,-0.9764976958525345,-1.1919642857142854,0.0,0.7681537191389102,-0.19811698864670071,0.0,0.1512034508570664,-31.52470588235295,-0.8423028581296914,-0.017953379688868277,-2.8305059826158683,-2.0,-0.1617756769373358,0.0,0.17571303121243778,1.3623373441555584,-1.3676057166547781,0.029378477862434905,1112,4
13.0,BOLÍVAR,13001.0,13001.0,CARTAGENA DE INDIAS,BOLÍVAR,CARIBE,-0.3442396313364055,-0.933035714285714,0.0,0.9068050553299127,-0.09864653699485583,0.8840579710144921,0.15072936163005185,-39.0710588235293,0.3154918253869455,-0.16502471282638093,-3.0214111836132007,-2.0,0.8204296097067337,0.0,0.10217969006640946,0.719451864768757,-1.3793465231886373,0.028518887001263638,1113,4
73.0,TOLIMA,73001.0,73001.0,IBAGUÉ,TOLIMA,CENTRO SUR,-0.632258064516129,-1.1607142857142854,0.0,0.4266702413942514,0.3858280035353371,0.0,-0.10276511604432657,-39.0710588235293,0.1794567355112193,0.24979693189985086,-2.0821528245893393,-2.0,0.05660264741218082,0.0,0.12979529060234982,0.666766214402487,-1.424021998335316,0.025248018850611433,1114,4
5.0,ANTIOQUIA,5001.0,5001.0,MEDELLÍN,ANTIOQUIA,OCCIDENTE,-0.8285714285714284,-1.2499999999999996,0.0,0.7629423819914691,0.3027684784481772,0.0,0.375654942079924,-39.0710588235293,-0.729465887115974,-0.15349021712344235,-3.518459037072874,-2.0,0.2330297065267568,1.0,0.3587954519569411,1.029862212647825,-1.540009009341745,0.01675615124439797,1115,4
76.0,VALLE DEL CAUCA,76001.0,76001.0,SANTIAGO DE CALI,VALLE DEL CAUCA,SUR-OCCIDENTE,-1.0580645161290323,-1.2901785714285712,0.0,0.3920885606168103,0.5148962047028194,0.11594202898550784,0.33976080543464343,-39.0710588235293,-0.3266245789331387,-0.04885804624926151,-3.518459037072874,-2.0,-0.3001020756710667,1.0,0.33503484661214433,0.8783071167431291,-1.5581780954976268,0.015425920619236998,1116,4
8.0,ATLÁNTICO,8001.0,8001.0,BARRANQUILLA,ATLÁNTICO,CARIBE,-0.8202764976958524,-1.044642857142857,0.0,0.917266200740973,-0.06577297798885066,0.0,0.6511805173845296,-39.0710588235293,-0.0399766904650517,-0.34370479670014553,-3.518459037072874,-2.0,1.132936695799988,0.0,-0.4337721327578682,0.8453301733392159,-1.5629125323170943,0.015079293783076249,1117,4
68.0,SANTANDER,68001.0,68001.0,BUCARAMANGA,SANTANDER,NORORIENTE,-0.5769585253456221,-1.1874999999999996,0.0,0.2248085131606662,-0.0907431019909127,0.0,-0.031949147506850545,-39.0710588235293,-0.1950546486891935,-0.5282124205867926,-3.518459037072874,-2.0,-0.6393305376447123,0.0,0.6438523735910134,0.9106272405820376,-1.6296285345133716,0.01019475151450075,1118,4
63.0,QUINDÍO,63001.0,63001.0,ARMENIA,QUINDIO,OCCIDENTE,-0.5271889400921658,-1.1785714285714284,0.0,0.3993835040889102,-0.06605019114981558,0.0,-1.5998116620629554,-32.011764705882364,-0.3620819447846533,-0.9897756714225648,-2.8405232650626306,-2.0,-0.3588355909158289,0.0,-0.8813210531675856,0.020083199789464462,-1.649162975680617,0.008764557851311871,1119,4
66.0,RISARALDA,66001.0,66001.0,PEREIRA,RISARALDA,OCCIDENTE,-0.9944700460829492,-1.1473214285714282,0.0,0.10362660725699067,0.17783821524069757,0.0,-0.7585592659447703,-39.0710588235293,-0.6272748873014136,-0.36220977434386464,-2.7906382713452333,-2.0,-0.31495058158256434,1.0,-0.13126579734192914,0.8685535325488067,-1.654919180131501,0.008343123367510101,1120,4
17.0,CALDAS,17001.0,17001.0,MANIZALES,CALDAS,OCCIDENTE,-1.148847926267281,-1.2008928571428568,0.0,0.16242008840156832,-0.22426707513237448,0.0,-0.6397549955772199,-36.94588235294118,-0.5206856369030118,-0.337044316181465,-2.9190326946568175,-2.0,-0.8930772834598875,0.0,-0.19044309985947028,-0.21402103581934134,-1.7688745532872638,0.0,1121,4
